timestamp,tag,asset,platform,downloads
2026-07-11T14:33:54.837909+00:00,v0.10.0,activitywatch-v0.10.0-linux-x86_64.zip,linux,8412
2026-07-11T14:33:54.837909+00:00,v0.10.0,activitywatch-v0.10.0-macos-x86_64.dmg,macos,5929
2026-07-11T14:33:54.837909+00:00,v0.10.0,activitywatch-v0.10.0-macos-x86_64.zip,macos,162
2026-07-11T14:33:54.837909+00:00,v0.10.0,activitywatch-v0.10.0-windows-x86_64-setup.exe,windows,15288
2026-07-11T14:33:54.837909+00:00,v0.10.0,activitywatch-v0.10.0-windows-x86_64.zip,windows,2205
2026-07-11T14:33:54.837909+00:00,v0.11.0,activitywatch-v0.11.0-linux-x86_64.zip,linux,19158
2026-07-11T14:33:54.837909+00:00,v0.11.0,activitywatch-v0.11.0-macos-x86_64.dmg,macos,9780
2026-07-11T14:33:54.837909+00:00,v0.11.0,activitywatch-v0.11.0-macos-x86_64.zip,macos,708
2026-07-11T14:33:54.837909+00:00,v0.11.0,activitywatch-v0.11.0-windows-x86_64-setup.exe,windows,38265
2026-07-11T14:33:54.837909+00:00,v0.11.0,activitywatch-v0.11.0-windows-x86_64.zip,windows,6741
2026-07-11T14:33:54.837909+00:00,v0.11.0b1,activitywatch-v0.11.0b1-linux-x86_64.zip,linux,35
2026-07-11T14:33:54.837909+00:00,v0.11.0b1,activitywatch-v0.11.0b1-macos-x86_64.dmg,macos,156
2026-07-11T14:33:54.837909+00:00,v0.11.0b1,activitywatch-v0.11.0b1-macos-x86_64.zip,macos,23
2026-07-11T14:33:54.837909+00:00,v0.11.0b1,activitywatch-v0.11.0b1-windows-x86_64-setup.exe,windows,123
2026-07-11T14:33:54.837909+00:00,v0.11.0b1,activitywatch-v0.11.0b1-windows-x86_64.zip,windows,72
2026-07-11T14:33:54.837909+00:00,v0.12.0,activitywatch-v0.12.0-linux-x86_64.zip,linux,3160
2026-07-11T14:33:54.837909+00:00,v0.12.0,activitywatch-v0.12.0-macos-x86_64.dmg,macos,1749
2026-07-11T14:33:54.837909+00:00,v0.12.0,activitywatch-v0.12.0-macos-x86_64.zip,macos,306
2026-07-11T14:33:54.837909+00:00,v0.12.0,activitywatch-v0.12.0-windows-x86_64-setup.exe,windows,7961
2026-07-11T14:33:54.837909+00:00,v0.12.0,activitywatch-v0.12.0-windows-x86_64.zip,windows,2137
2026-07-11T14:33:54.837909+00:00,v0.12.0b1,activitywatch-v0.12.0b1-linux-x86_64.zip,linux,321
2026-07-11T14:33:54.837909+00:00,v0.12.0b1,activitywatch-v0.12.0b1-macos-x86_64.dmg,macos,259
2026-07-11T14:33:54.837909+00:00,v0.12.0b1,activitywatch-v0.12.0b1-macos-x86_64.zip,macos,46
2026-07-11T14:33:54.837909+00:00,v0.12.0b1,activitywatch-v0.12.0b1-windows-x86_64-setup.exe,windows,358
2026-07-11T14:33:54.837909+00:00,v0.12.0b1,activitywatch-v0.12.0b1-windows-x86_64.zip,windows,399
2026-07-11T14:33:54.837909+00:00,v0.12.0b2,activitywatch-v0.12.0b2-linux-x86_64.zip,linux,810
2026-07-11T14:33:54.837909+00:00,v0.12.0b2,activitywatch-v0.12.0b2-macos-x86_64.dmg,macos,224
2026-07-11T14:33:54.837909+00:00,v0.12.0b2,activitywatch-v0.12.0b2-macos-x86_64.zip,macos,36
2026-07-11T14:33:54.837909+00:00,v0.12.0b2,activitywatch-v0.12.0b2-windows-x86_64-setup.exe,windows,452
2026-07-11T14:33:54.837909+00:00,v0.12.0b2,activitywatch-v0.12.0b2-windows-x86_64.zip,windows,339
2026-07-11T14:33:54.837909+00:00,v0.12.0b3,activitywatch-v0.12.0b3-linux-x86_64.zip,linux,324
2026-07-11T14:33:54.837909+00:00,v0.12.0b3,activitywatch-v0.12.0b3-macos-x86_64.dmg,macos,191
2026-07-11T14:33:54.837909+00:00,v0.12.0b3,activitywatch-v0.12.0b3-macos-x86_64.zip,macos,37
2026-07-11T14:33:54.837909+00:00,v0.12.0b3,activitywatch-v0.12.0b3-windows-x86_64-setup.exe,windows,649
2026-07-11T14:33:54.837909+00:00,v0.12.0b3,activitywatch-v0.12.0b3-windows-x86_64.zip,windows,328
2026-07-11T14:33:54.837909+00:00,v0.12.1,activitywatch-v0.12.1-linux-x86_64.zip,linux,17739
2026-07-11T14:33:54.837909+00:00,v0.12.1,activitywatch-v0.12.1-macos-x86_64.dmg,macos,10703
2026-07-11T14:33:54.837909+00:00,v0.12.1,activitywatch-v0.12.1-macos-x86_64.zip,macos,2087
2026-07-11T14:33:54.837909+00:00,v0.12.1,activitywatch-v0.12.1-windows-x86_64-setup.exe,windows,23109
2026-07-11T14:33:54.837909+00:00,v0.12.1,activitywatch-v0.12.1-windows-x86_64.zip,windows,4559
2026-07-11T14:33:54.837909+00:00,v0.12.2,activitywatch-linux-x86_64.AppImage,linux,13404
2026-07-11T14:33:54.837909+00:00,v0.12.2,activitywatch-v0.12.2-linux-x86_64.deb,linux,479
2026-07-11T14:33:54.837909+00:00,v0.12.2,activitywatch-v0.12.2-linux-x86_64.zip,linux,31608
2026-07-11T14:33:54.837909+00:00,v0.12.2,activitywatch-v0.12.2-macos-x86_64.dmg,macos,22522
2026-07-11T14:33:54.837909+00:00,v0.12.2,activitywatch-v0.12.2-macos-x86_64.zip,macos,4320
2026-07-11T14:33:54.837909+00:00,v0.12.2,activitywatch-v0.12.2-windows-x86_64-setup.exe,windows,57853
2026-07-11T14:33:54.837909+00:00,v0.12.2,activitywatch-v0.12.2-windows-x86_64.zip,windows,12010
2026-07-11T14:33:54.837909+00:00,v0.12.2b1,activitywatch-linux-x86_64.AppImage,linux,74
2026-07-11T14:33:54.837909+00:00,v0.12.2b1,activitywatch-v0.12.2b1-linux-x86_64.deb,linux,54
2026-07-11T14:33:54.837909+00:00,v0.12.2b1,activitywatch-v0.12.2b1-linux-x86_64.zip,linux,885
2026-07-11T14:33:54.837909+00:00,v0.12.2b1,activitywatch-v0.12.2b1-macos-x86_64.dmg,macos,477
2026-07-11T14:33:54.837909+00:00,v0.12.2b1,activitywatch-v0.12.2b1-macos-x86_64.zip,macos,35
2026-07-11T14:33:54.837909+00:00,v0.12.2b1,activitywatch-v0.12.2b1-windows-x86_64-setup.exe,windows,1799
2026-07-11T14:33:54.837909+00:00,v0.12.2b1,activitywatch-v0.12.2b1-windows-x86_64.zip,windows,82
2026-07-11T14:33:54.837909+00:00,v0.12.3b1,activitywatch-linux-x86_64.AppImage,linux,61
2026-07-11T14:33:54.837909+00:00,v0.12.3b1,activitywatch-v0.12.3b1-linux-x86_64.deb,linux,44
2026-07-11T14:33:54.837909+00:00,v0.12.3b1,activitywatch-v0.12.3b1-linux-x86_64.zip,linux,661
2026-07-11T14:33:54.837909+00:00,v0.12.3b1,activitywatch-v0.12.3b1-macos-x86_64.dmg,macos,258
2026-07-11T14:33:54.837909+00:00,v0.12.3b1,activitywatch-v0.12.3b1-macos-x86_64.zip,macos,26
2026-07-11T14:33:54.837909+00:00,v0.12.3b1,activitywatch-v0.12.3b1-windows-x86_64-setup.exe,windows,1295
2026-07-11T14:33:54.837909+00:00,v0.12.3b1,activitywatch-v0.12.3b1-windows-x86_64.zip,windows,55
2026-07-11T14:33:54.837909+00:00,v0.12.3b10,activitywatch-linux-x86_64.AppImage,linux,101
2026-07-11T14:33:54.837909+00:00,v0.12.3b10,activitywatch-v0.12.3b10-linux-x86_64.deb,linux,31
2026-07-11T14:33:54.837909+00:00,v0.12.3b10,activitywatch-v0.12.3b10-linux-x86_64.zip,linux,529
2026-07-11T14:33:54.837909+00:00,v0.12.3b10,activitywatch-v0.12.3b10-macos-x86_64.dmg,macos,232
2026-07-11T14:33:54.837909+00:00,v0.12.3b10,activitywatch-v0.12.3b10-macos-x86_64.zip,macos,21
2026-07-11T14:33:54.837909+00:00,v0.12.3b10,activitywatch-v0.12.3b10-windows-x86_64-setup.exe,windows,864
2026-07-11T14:33:54.837909+00:00,v0.12.3b10,activitywatch-v0.12.3b10-windows-x86_64.zip,windows,32
2026-07-11T14:33:54.837909+00:00,v0.12.3b11,activitywatch-linux-x86_64.AppImage,linux,25
2026-07-11T14:33:54.837909+00:00,v0.12.3b11,activitywatch-v0.12.3b11-linux-x86_64.deb,linux,16
2026-07-11T14:33:54.837909+00:00,v0.12.3b11,activitywatch-v0.12.3b11-linux-x86_64.zip,linux,546
2026-07-11T14:33:54.837909+00:00,v0.12.3b11,activitywatch-v0.12.3b11-macos-x86_64.dmg,macos,48
2026-07-11T14:33:54.837909+00:00,v0.12.3b11,activitywatch-v0.12.3b11-macos-x86_64.zip,macos,18
2026-07-11T14:33:54.837909+00:00,v0.12.3b11,activitywatch-v0.12.3b11-windows-x86_64-setup.exe,windows,156
2026-07-11T14:33:54.837909+00:00,v0.12.3b11,activitywatch-v0.12.3b11-windows-x86_64.zip,windows,20
2026-07-11T14:33:54.837909+00:00,v0.12.3b12,activitywatch-linux-x86_64.AppImage,linux,31
2026-07-11T14:33:54.837909+00:00,v0.12.3b12,activitywatch-v0.12.3b12-linux-x86_64.deb,linux,37
2026-07-11T14:33:54.837909+00:00,v0.12.3b12,activitywatch-v0.12.3b12-linux-x86_64.zip,linux,1432
2026-07-11T14:33:54.837909+00:00,v0.12.3b12,activitywatch-v0.12.3b12-macos-x86_64.dmg,macos,137
2026-07-11T14:33:54.837909+00:00,v0.12.3b12,activitywatch-v0.12.3b12-macos-x86_64.zip,macos,16
2026-07-11T14:33:54.837909+00:00,v0.12.3b12,activitywatch-v0.12.3b12-windows-x86_64-setup.exe,windows,493
2026-07-11T14:33:54.837909+00:00,v0.12.3b12,activitywatch-v0.12.3b12-windows-x86_64.zip,windows,37
2026-07-11T14:33:54.837909+00:00,v0.12.3b13,activitywatch-linux-x86_64.AppImage,linux,28
2026-07-11T14:33:54.837909+00:00,v0.12.3b13,activitywatch-v0.12.3b13-linux-x86_64.deb,linux,20
2026-07-11T14:33:54.837909+00:00,v0.12.3b13,activitywatch-v0.12.3b13-linux-x86_64.zip,linux,280
2026-07-11T14:33:54.837909+00:00,v0.12.3b13,activitywatch-v0.12.3b13-macos-x86_64.dmg,macos,80
2026-07-11T14:33:54.837909+00:00,v0.12.3b13,activitywatch-v0.12.3b13-macos-x86_64.zip,macos,19
2026-07-11T14:33:54.837909+00:00,v0.12.3b13,activitywatch-v0.12.3b13-windows-x86_64-setup.exe,windows,270
2026-07-11T14:33:54.837909+00:00,v0.12.3b13,activitywatch-v0.12.3b13-windows-x86_64.zip,windows,26
2026-07-11T14:33:54.837909+00:00,v0.12.3b14,activitywatch-linux-x86_64.AppImage,linux,19
2026-07-11T14:33:54.837909+00:00,v0.12.3b14,activitywatch-v0.12.3b14-linux-x86_64.deb,linux,18
2026-07-11T14:33:54.837909+00:00,v0.12.3b14,activitywatch-v0.12.3b14-linux-x86_64.zip,linux,560
2026-07-11T14:33:54.837909+00:00,v0.12.3b14,activitywatch-v0.12.3b14-macos-x86_64.dmg,macos,65
2026-07-11T14:33:54.837909+00:00,v0.12.3b14,activitywatch-v0.12.3b14-macos-x86_64.zip,macos,19
2026-07-11T14:33:54.837909+00:00,v0.12.3b14,activitywatch-v0.12.3b14-windows-x86_64-setup.exe,windows,135
2026-07-11T14:33:54.837909+00:00,v0.12.3b14,activitywatch-v0.12.3b14-windows-x86_64.zip,windows,23
2026-07-11T14:33:54.837909+00:00,v0.12.3b15,activitywatch-linux-x86_64.AppImage,linux,57
2026-07-11T14:33:54.837909+00:00,v0.12.3b15,activitywatch-v0.12.3b15-linux-x86_64.deb,linux,42
2026-07-11T14:33:54.837909+00:00,v0.12.3b15,activitywatch-v0.12.3b15-linux-x86_64.zip,linux,2835
2026-07-11T14:33:54.837909+00:00,v0.12.3b15,activitywatch-v0.12.3b15-macos-x86_64.dmg,macos,331
2026-07-11T14:33:54.837909+00:00,v0.12.3b15,activitywatch-v0.12.3b15-macos-x86_64.zip,macos,22
2026-07-11T14:33:54.837909+00:00,v0.12.3b15,activitywatch-v0.12.3b15-windows-x86_64-setup.exe,windows,1180
2026-07-11T14:33:54.837909+00:00,v0.12.3b15,activitywatch-v0.12.3b15-windows-x86_64.zip,windows,60
2026-07-11T14:33:54.837909+00:00,v0.12.3b16,activitywatch-linux-x86_64.AppImage,linux,89
2026-07-11T14:33:54.837909+00:00,v0.12.3b16,activitywatch-v0.12.3b16-linux-x86_64.deb,linux,63
2026-07-11T14:33:54.837909+00:00,v0.12.3b16,activitywatch-v0.12.3b16-linux-x86_64.zip,linux,1031
2026-07-11T14:33:54.837909+00:00,v0.12.3b16,activitywatch-v0.12.3b16-macos-x86_64.dmg,macos,629
2026-07-11T14:33:54.837909+00:00,v0.12.3b16,activitywatch-v0.12.3b16-macos-x86_64.zip,macos,23
2026-07-11T14:33:54.837909+00:00,v0.12.3b16,activitywatch-v0.12.3b16-windows-x86_64-setup.exe,windows,2448
2026-07-11T14:33:54.837909+00:00,v0.12.3b16,activitywatch-v0.12.3b16-windows-x86_64.zip,windows,77
2026-07-11T14:33:54.837909+00:00,v0.12.3b17,activitywatch-linux-x86_64.AppImage,linux,24
2026-07-11T14:33:54.837909+00:00,v0.12.3b17,activitywatch-v0.12.3b17-linux-x86_64.deb,linux,21
2026-07-11T14:33:54.837909+00:00,v0.12.3b17,activitywatch-v0.12.3b17-linux-x86_64.zip,linux,1014
2026-07-11T14:33:54.837909+00:00,v0.12.3b17,activitywatch-v0.12.3b17-macos-x86_64.dmg,macos,67
2026-07-11T14:33:54.837909+00:00,v0.12.3b17,activitywatch-v0.12.3b17-macos-x86_64.zip,macos,20
2026-07-11T14:33:54.837909+00:00,v0.12.3b17,activitywatch-v0.12.3b17-windows-x86_64-setup.exe,windows,197
2026-07-11T14:33:54.837909+00:00,v0.12.3b17,activitywatch-v0.12.3b17-windows-x86_64.zip,windows,24
2026-07-11T14:33:54.837909+00:00,v0.12.3b18,activitywatch-linux-x86_64.AppImage,linux,24
2026-07-11T14:33:54.837909+00:00,v0.12.3b18,activitywatch-v0.12.3b18-linux-x86_64.deb,linux,20
2026-07-11T14:33:54.837909+00:00,v0.12.3b18,activitywatch-v0.12.3b18-linux-x86_64.zip,linux,1674
2026-07-11T14:33:54.837909+00:00,v0.12.3b18,activitywatch-v0.12.3b18-macos-x86_64.dmg,macos,71
2026-07-11T14:33:54.837909+00:00,v0.12.3b18,activitywatch-v0.12.3b18-macos-x86_64.zip,macos,21
2026-07-11T14:33:54.837909+00:00,v0.12.3b18,activitywatch-v0.12.3b18-windows-x86_64-setup.exe,windows,142
2026-07-11T14:33:54.837909+00:00,v0.12.3b18,activitywatch-v0.12.3b18-windows-x86_64.zip,windows,21
2026-07-11T14:33:54.837909+00:00,v0.12.3b19,activitywatch-linux-x86_64.AppImage,linux,42
2026-07-11T14:33:54.837909+00:00,v0.12.3b19,activitywatch-v0.12.3b19-linux-x86_64.deb,linux,41
2026-07-11T14:33:54.837909+00:00,v0.12.3b19,activitywatch-v0.12.3b19-linux-x86_64.zip,linux,286
2026-07-11T14:33:54.837909+00:00,v0.12.3b19,activitywatch-v0.12.3b19-macos-x86_64.dmg,macos,475
2026-07-11T14:33:54.837909+00:00,v0.12.3b19,activitywatch-v0.12.3b19-macos-x86_64.zip,macos,20
2026-07-11T14:33:54.837909+00:00,v0.12.3b19,activitywatch-v0.12.3b19-windows-x86_64-setup.exe,windows,669
2026-07-11T14:33:54.837909+00:00,v0.12.3b19,activitywatch-v0.12.3b19-windows-x86_64.zip,windows,35
2026-07-11T14:33:54.837909+00:00,v0.12.3b2,activitywatch-linux-x86_64.AppImage,linux,45
2026-07-11T14:33:54.837909+00:00,v0.12.3b2,activitywatch-v0.12.3b2-linux-x86_64.deb,linux,23
2026-07-11T14:33:54.837909+00:00,v0.12.3b2,activitywatch-v0.12.3b2-linux-x86_64.zip,linux,162
2026-07-11T14:33:54.837909+00:00,v0.12.3b2,activitywatch-v0.12.3b2-macos-x86_64.dmg,macos,96
2026-07-11T14:33:54.837909+00:00,v0.12.3b2,activitywatch-v0.12.3b2-macos-x86_64.zip,macos,20
2026-07-11T14:33:54.837909+00:00,v0.12.3b2,activitywatch-v0.12.3b2-windows-x86_64-setup.exe,windows,248
2026-07-11T14:33:54.837909+00:00,v0.12.3b2,activitywatch-v0.12.3b2-windows-x86_64.zip,windows,36
2026-07-11T14:33:54.837909+00:00,v0.12.3b3,activitywatch-linux-x86_64.AppImage,linux,57
2026-07-11T14:33:54.837909+00:00,v0.12.3b3,activitywatch-v0.12.3b3-linux-x86_64.deb,linux,41
2026-07-11T14:33:54.837909+00:00,v0.12.3b3,activitywatch-v0.12.3b3-linux-x86_64.zip,linux,669
2026-07-11T14:33:54.837909+00:00,v0.12.3b3,activitywatch-v0.12.3b3-macos-x86_64.dmg,macos,204
2026-07-11T14:33:54.837909+00:00,v0.12.3b3,activitywatch-v0.12.3b3-macos-x86_64.zip,macos,21
2026-07-11T14:33:54.837909+00:00,v0.12.3b3,activitywatch-v0.12.3b3-windows-x86_64-setup.exe,windows,885
2026-07-11T14:33:54.837909+00:00,v0.12.3b3,activitywatch-v0.12.3b3-windows-x86_64.zip,windows,33
2026-07-11T14:33:54.837909+00:00,v0.12.3b4,activitywatch-linux-x86_64.AppImage,linux,51
2026-07-11T14:33:54.837909+00:00,v0.12.3b4,activitywatch-v0.12.3b4-linux-x86_64.deb,linux,30
2026-07-11T14:33:54.837909+00:00,v0.12.3b4,activitywatch-v0.12.3b4-linux-x86_64.zip,linux,186
2026-07-11T14:33:54.837909+00:00,v0.12.3b4,activitywatch-v0.12.3b4-macos-x86_64.dmg,macos,112
2026-07-11T14:33:54.837909+00:00,v0.12.3b4,activitywatch-v0.12.3b4-macos-x86_64.zip,macos,20
2026-07-11T14:33:54.837909+00:00,v0.12.3b4,activitywatch-v0.12.3b4-windows-x86_64-setup.exe,windows,364
2026-07-11T14:33:54.837909+00:00,v0.12.3b4,activitywatch-v0.12.3b4-windows-x86_64.zip,windows,28
2026-07-11T14:33:54.837909+00:00,v0.12.3b5,activitywatch-linux-x86_64.AppImage,linux,32
2026-07-11T14:33:54.837909+00:00,v0.12.3b5,activitywatch-v0.12.3b5-linux-x86_64.deb,linux,24
2026-07-11T14:33:54.837909+00:00,v0.12.3b5,activitywatch-v0.12.3b5-linux-x86_64.zip,linux,382
2026-07-11T14:33:54.837909+00:00,v0.12.3b5,activitywatch-v0.12.3b5-macos-x86_64.dmg,macos,120
2026-07-11T14:33:54.837909+00:00,v0.12.3b5,activitywatch-v0.12.3b5-macos-x86_64.zip,macos,24
2026-07-11T14:33:54.837909+00:00,v0.12.3b5,activitywatch-v0.12.3b5-windows-x86_64-setup.exe,windows,379
2026-07-11T14:33:54.837909+00:00,v0.12.3b5,activitywatch-v0.12.3b5-windows-x86_64.zip,windows,21
2026-07-11T14:33:54.837909+00:00,v0.12.3b6,activitywatch-linux-x86_64.AppImage,linux,34
2026-07-11T14:33:54.837909+00:00,v0.12.3b6,activitywatch-v0.12.3b6-linux-x86_64.deb,linux,22
2026-07-11T14:33:54.837909+00:00,v0.12.3b6,activitywatch-v0.12.3b6-linux-x86_64.zip,linux,325
2026-07-11T14:33:54.837909+00:00,v0.12.3b6,activitywatch-v0.12.3b6-macos-x86_64.dmg,macos,109
2026-07-11T14:33:54.837909+00:00,v0.12.3b6,activitywatch-v0.12.3b6-macos-x86_64.zip,macos,23
2026-07-11T14:33:54.837909+00:00,v0.12.3b6,activitywatch-v0.12.3b6-windows-x86_64-setup.exe,windows,282
2026-07-11T14:33:54.837909+00:00,v0.12.3b6,activitywatch-v0.12.3b6-windows-x86_64.zip,windows,29
2026-07-11T14:33:54.837909+00:00,v0.12.3b7,activitywatch-linux-x86_64.AppImage,linux,32
2026-07-11T14:33:54.837909+00:00,v0.12.3b7,activitywatch-v0.12.3b7-linux-x86_64.deb,linux,23
2026-07-11T14:33:54.837909+00:00,v0.12.3b7,activitywatch-v0.12.3b7-linux-x86_64.zip,linux,308
2026-07-11T14:33:54.837909+00:00,v0.12.3b7,activitywatch-v0.12.3b7-macos-x86_64.dmg,macos,93
2026-07-11T14:33:54.837909+00:00,v0.12.3b7,activitywatch-v0.12.3b7-macos-x86_64.zip,macos,20
2026-07-11T14:33:54.837909+00:00,v0.12.3b7,activitywatch-v0.12.3b7-windows-x86_64-setup.exe,windows,247
2026-07-11T14:33:54.837909+00:00,v0.12.3b7,activitywatch-v0.12.3b7-windows-x86_64.zip,windows,22
2026-07-11T14:33:54.837909+00:00,v0.12.3b8,activitywatch-linux-x86_64.AppImage,linux,45
2026-07-11T14:33:54.837909+00:00,v0.12.3b8,activitywatch-v0.12.3b8-linux-x86_64.deb,linux,27
2026-07-11T14:33:54.837909+00:00,v0.12.3b8,activitywatch-v0.12.3b8-linux-x86_64.zip,linux,402
2026-07-11T14:33:54.837909+00:00,v0.12.3b8,activitywatch-v0.12.3b8-macos-x86_64.dmg,macos,120
2026-07-11T14:33:54.837909+00:00,v0.12.3b8,activitywatch-v0.12.3b8-macos-x86_64.zip,macos,20
2026-07-11T14:33:54.837909+00:00,v0.12.3b8,activitywatch-v0.12.3b8-windows-x86_64-setup.exe,windows,442
2026-07-11T14:33:54.837909+00:00,v0.12.3b8,activitywatch-v0.12.3b8-windows-x86_64.zip,windows,27
2026-07-11T14:33:54.837909+00:00,v0.12.3b9,activitywatch-linux-x86_64.AppImage,linux,28
2026-07-11T14:33:54.837909+00:00,v0.12.3b9,activitywatch-v0.12.3b9-linux-x86_64.deb,linux,25
2026-07-11T14:33:54.837909+00:00,v0.12.3b9,activitywatch-v0.12.3b9-linux-x86_64.zip,linux,397
2026-07-11T14:33:54.837909+00:00,v0.12.3b9,activitywatch-v0.12.3b9-macos-x86_64.dmg,macos,104
2026-07-11T14:33:54.837909+00:00,v0.12.3b9,activitywatch-v0.12.3b9-macos-x86_64.zip,macos,18
2026-07-11T14:33:54.837909+00:00,v0.12.3b9,activitywatch-v0.12.3b9-windows-x86_64-setup.exe,windows,543
2026-07-11T14:33:54.837909+00:00,v0.12.3b9,activitywatch-v0.12.3b9-windows-x86_64.zip,windows,32
2026-07-11T14:33:54.837909+00:00,v0.13.0,activitywatch-linux-x86_64.AppImage,linux,181
2026-07-11T14:33:54.837909+00:00,v0.13.0,activitywatch-v0.13.0-linux-x86_64.deb,linux,68
2026-07-11T14:33:54.837909+00:00,v0.13.0,activitywatch-v0.13.0-linux-x86_64.zip,linux,1153
2026-07-11T14:33:54.837909+00:00,v0.13.0,activitywatch-v0.13.0-macos-x86_64.dmg,macos,693
2026-07-11T14:33:54.837909+00:00,v0.13.0,activitywatch-v0.13.0-macos-x86_64.zip,macos,81
2026-07-11T14:33:54.837909+00:00,v0.13.0,activitywatch-v0.13.0-windows-x86_64-setup.exe,windows,2974
2026-07-11T14:33:54.837909+00:00,v0.13.0,activitywatch-v0.13.0-windows-x86_64.zip,windows,348
2026-07-11T14:33:54.837909+00:00,v0.13.1,activitywatch-linux-x86_64.AppImage,linux,3766
2026-07-11T14:33:54.837909+00:00,v0.13.1,activitywatch-v0.13.1-linux-x86_64.deb,linux,498
2026-07-11T14:33:54.837909+00:00,v0.13.1,activitywatch-v0.13.1-linux-x86_64.zip,linux,10891
2026-07-11T14:33:54.837909+00:00,v0.13.1,activitywatch-v0.13.1-macos-x86_64.dmg,macos,7897
2026-07-11T14:33:54.837909+00:00,v0.13.1,activitywatch-v0.13.1-macos-x86_64.zip,macos,1349
2026-07-11T14:33:54.837909+00:00,v0.13.1,activitywatch-v0.13.1-windows-x86_64-setup.exe,windows,25675
2026-07-11T14:33:54.837909+00:00,v0.13.1,activitywatch-v0.13.1-windows-x86_64.zip,windows,4482
2026-07-11T14:33:54.837909+00:00,v0.13.2,activitywatch-linux-x86_64.AppImage,linux,31547
2026-07-11T14:33:54.837909+00:00,v0.13.2,activitywatch-v0.13.2-linux-x86_64.deb,linux,2653
2026-07-11T14:33:54.837909+00:00,v0.13.2,activitywatch-v0.13.2-linux-x86_64.zip,linux,89465
2026-07-11T14:33:54.837909+00:00,v0.13.2,activitywatch-v0.13.2-macos-x86_64.dmg,macos,121662
2026-07-11T14:33:54.837909+00:00,v0.13.2,activitywatch-v0.13.2-macos-x86_64.zip,macos,10951
2026-07-11T14:33:54.837909+00:00,v0.13.2,activitywatch-v0.13.2-windows-x86_64-setup.exe,windows,270902
2026-07-11T14:33:54.837909+00:00,v0.13.2,activitywatch-v0.13.2-windows-x86_64.zip,windows,26384
2026-07-11T14:33:54.837909+00:00,v0.14.0b1,activitywatch-linux-x86_64.AppImage,linux,67
2026-07-11T14:33:54.837909+00:00,v0.14.0b1,activitywatch-tauri-v0.14.0b1-linux-aarch64.zip,linux,31
2026-07-11T14:33:54.837909+00:00,v0.14.0b1,activitywatch-tauri-v0.14.0b1-linux-x86_64.zip,linux,32
2026-07-11T14:33:54.837909+00:00,v0.14.0b1,activitywatch-tauri-v0.14.0b1-macos-arm64.dmg,macos,220
2026-07-11T14:33:54.837909+00:00,v0.14.0b1,activitywatch-tauri-v0.14.0b1-macos-arm64.zip,macos,24
2026-07-11T14:33:54.837909+00:00,v0.14.0b1,activitywatch-tauri-v0.14.0b1-windows-x86_64-setup.exe,windows,64
2026-07-11T14:33:54.837909+00:00,v0.14.0b1,activitywatch-tauri-v0.14.0b1-windows-x86_64.zip,windows,42
2026-07-11T14:33:54.837909+00:00,v0.14.0b1,activitywatch-v0.14.0b1-linux-x86_64.deb,linux,61
2026-07-11T14:33:54.837909+00:00,v0.14.0b1,activitywatch-v0.14.0b1-linux-x86_64.zip,linux,726
2026-07-11T14:33:54.837909+00:00,v0.14.0b1,activitywatch-v0.14.0b1-macos-arm64.dmg,macos,971
2026-07-11T14:33:54.837909+00:00,v0.14.0b1,activitywatch-v0.14.0b1-macos-arm64.zip,macos,72
2026-07-11T14:33:54.837909+00:00,v0.14.0b1,activitywatch-v0.14.0b1-windows-x86_64-setup.exe,windows,2125
2026-07-11T14:33:54.837909+00:00,v0.14.0b1,activitywatch-v0.14.0b1-windows-x86_64.zip,windows,55
2026-07-11T14:33:54.837909+00:00,v0.4.0,activitywatch-darwin.zip,macos,34
2026-07-11T14:33:54.837909+00:00,v0.4.0,activitywatch-linux.zip,linux,32
2026-07-11T14:33:54.837909+00:00,v0.5.0,activitywatch-darwin.zip,macos,32
2026-07-11T14:33:54.837909+00:00,v0.5.0,activitywatch-linux.zip,linux,32
2026-07-11T14:33:54.837909+00:00,v0.5.1,activitywatch-darwin.zip,macos,39
2026-07-11T14:33:54.837909+00:00,v0.5.1,activitywatch-linux.zip,linux,38
2026-07-11T14:33:54.837909+00:00,v0.7.0b1,activitywatch-linux-x86_64-v0.7.0b1.zip,linux,47
2026-07-11T14:33:54.837909+00:00,v0.7.0b1,activitywatch-macos-x86_64-v0.7.0b1.zip,macos,43
2026-07-11T14:33:54.837909+00:00,v0.7.0b1,activitywatch-windows-x86_64-v0.7.0b1.zip,windows,62
2026-07-11T14:33:54.837909+00:00,v0.7.0b2,activitywatch-v0.7.0b2-linux-x86_64.zip,linux,40
2026-07-11T14:33:54.837909+00:00,v0.7.0b2,activitywatch-v0.7.0b2-macos-x86_64.zip,macos,32
2026-07-11T14:33:54.837909+00:00,v0.7.0b2,activitywatch-v0.7.0b2-windows-x86_64.zip,windows,50
2026-07-11T14:33:54.837909+00:00,v0.7.0b3,activitywatch-v0.7.0b3-linux-x86_64.zip,linux,93
2026-07-11T14:33:54.837909+00:00,v0.7.0b3,activitywatch-v0.7.0b3-macos-x86_64.zip,macos,65
2026-07-11T14:33:54.837909+00:00,v0.7.0b3,activitywatch-v0.7.0b3-windows-x86_64.zip,windows,138
2026-07-11T14:33:54.837909+00:00,v0.7.0b4,activitywatch-v0.7.0b4-linux-x86_64.zip,linux,57
2026-07-11T14:33:54.837909+00:00,v0.7.0b4,activitywatch-v0.7.0b4-macos-x86_64.zip,macos,53
2026-07-11T14:33:54.837909+00:00,v0.7.0b4,activitywatch-v0.7.0b4-windows-x86_64.zip,windows,142
2026-07-11T14:33:54.837909+00:00,v0.7.1,activitywatch-v0.7.1-linux-x86_64.zip,linux,1343
2026-07-11T14:33:54.837909+00:00,v0.7.1,activitywatch-v0.7.1-macos-x86_64.zip,macos,1036
2026-07-11T14:33:54.837909+00:00,v0.7.1,activitywatch-v0.7.1-windows-x86_64.zip,windows,4462
2026-07-11T14:33:54.837909+00:00,v0.8.0b1,activitywatch-v0.8.0b1-linux-x86_64.zip,linux,109
2026-07-11T14:33:54.837909+00:00,v0.8.0b1,activitywatch-v0.8.0b1-macos-x86_64.zip,macos,78
2026-07-11T14:33:54.837909+00:00,v0.8.0b1,activitywatch-v0.8.0b1-windows-x86_64.zip,windows,256
2026-07-11T14:33:54.837909+00:00,v0.8.0b2,activitywatch-v0.8.0b2-linux-x86_64.zip,linux,121
2026-07-11T14:33:54.837909+00:00,v0.8.0b2,activitywatch-v0.8.0b2-macos-x86_64.zip,macos,44
2026-07-11T14:33:54.837909+00:00,v0.8.0b3,activitywatch-v0.8.0b3-linux-x86_64.zip,linux,276
2026-07-11T14:33:54.837909+00:00,v0.8.0b3,activitywatch-v0.8.0b3-macos-x86_64.zip,macos,136
2026-07-11T14:33:54.837909+00:00,v0.8.0b3,activitywatch-v0.8.0b3-windows-x86_64.zip,windows,415
2026-07-11T14:33:54.837909+00:00,v0.8.0b4,activitywatch-v0.8.0b4-linux-x86_64.zip,linux,90
2026-07-11T14:33:54.837909+00:00,v0.8.0b4,activitywatch-v0.8.0b4-macos-x86_64.zip,macos,110
2026-07-11T14:33:54.837909+00:00,v0.8.0b5,activitywatch-v0.8.0b5-linux-x86_64.zip,linux,354
2026-07-11T14:33:54.837909+00:00,v0.8.0b5,activitywatch-v0.8.0b5-macos-x86_64.zip,macos,222
2026-07-11T14:33:54.837909+00:00,v0.8.0b5,activitywatch-v0.8.0b5-windows-x86_64.zip,windows,635
2026-07-11T14:33:54.837909+00:00,v0.8.0b6,activitywatch-v0.8.0b6-linux-x86_64.zip,linux,621
2026-07-11T14:33:54.837909+00:00,v0.8.0b6,activitywatch-v0.8.0b6-macos-x86_64.zip,macos,388
2026-07-11T14:33:54.837909+00:00,v0.8.0b6,activitywatch-v0.8.0b6-windows-x86_64.zip,windows,3258
2026-07-11T14:33:54.837909+00:00,v0.8.0b7,activitywatch-v0.8.0b7-linux-x86_64.zip,linux,1301
2026-07-11T14:33:54.837909+00:00,v0.8.0b7,activitywatch-v0.8.0b7-macos-x86_64.zip,macos,1143
2026-07-11T14:33:54.837909+00:00,v0.8.0b8,activitywatch-v0.8.0b8-linux-x86_64.zip,linux,1087
2026-07-11T14:33:54.837909+00:00,v0.8.0b8,activitywatch-v0.8.0b8-macos-x86_64.zip,macos,1091
2026-07-11T14:33:54.837909+00:00,v0.8.0b8,activitywatch-v0.8.0b8-windows-x86_64.zip,windows,2112
2026-07-11T14:33:54.837909+00:00,v0.8.0b9,activitywatch-v0.8.0b9-linux-x86_64.zip,linux,1397
2026-07-11T14:33:54.837909+00:00,v0.8.0b9,activitywatch-v0.8.0b9-macos-x86_64.zip,macos,881
2026-07-11T14:33:54.837909+00:00,v0.8.0b9,activitywatch-v0.8.0b9-windows-x86_64.zip,windows,2975
2026-07-11T14:33:54.837909+00:00,v0.8.1,activitywatch-v0.8.1-linux-x86_64.zip,linux,123
2026-07-11T14:33:54.837909+00:00,v0.8.1,activitywatch-v0.8.1-macos-x86_64.zip,macos,76
2026-07-11T14:33:54.837909+00:00,v0.8.1,activitywatch-v0.8.1-windows-x86_64.zip,windows,132
2026-07-11T14:33:54.837909+00:00,v0.8.2,activitywatch-v0.8.2-linux-x86_64.zip,linux,137
2026-07-11T14:33:54.837909+00:00,v0.8.2,activitywatch-v0.8.2-macos-x86_64.zip,macos,51
2026-07-11T14:33:54.837909+00:00,v0.8.2,activitywatch-v0.8.2-windows-x86_64-setup.exe,windows,89
2026-07-11T14:33:54.837909+00:00,v0.8.2,activitywatch-v0.8.2-windows-x86_64.zip,windows,58
2026-07-11T14:33:54.837909+00:00,v0.8.3,activitywatch-v0.8.3-linux-x86_64.zip,linux,598
2026-07-11T14:33:54.837909+00:00,v0.8.3,activitywatch-v0.8.3-macos-x86_64.zip,macos,354
2026-07-11T14:33:54.837909+00:00,v0.8.3,activitywatch-v0.8.3-windows-x86_64-setup.exe,windows,730
2026-07-11T14:33:54.837909+00:00,v0.8.3,activitywatch-v0.8.3-windows-x86_64.zip,windows,696
2026-07-11T14:33:54.837909+00:00,v0.8.4,activitywatch-v0.8.4-linux-x86_64.zip,linux,1560
2026-07-11T14:33:54.837909+00:00,v0.8.4,activitywatch-v0.8.4-macos-x86_64.zip,macos,1168
2026-07-11T14:33:54.837909+00:00,v0.8.4,activitywatch-v0.8.4-windows-x86_64-setup.exe,windows,8119
2026-07-11T14:33:54.837909+00:00,v0.8.4,activitywatch-v0.8.4-windows-x86_64.zip,windows,1561
2026-07-11T14:33:54.837909+00:00,v0.9.0,activitywatch-v0.9.0-linux-x86_64.zip,linux,204
2026-07-11T14:33:54.837909+00:00,v0.9.0,activitywatch-v0.9.0-macos-x86_64.dmg,macos,180
2026-07-11T14:33:54.837909+00:00,v0.9.0,activitywatch-v0.9.0-macos-x86_64.zip,macos,114
2026-07-11T14:33:54.837909+00:00,v0.9.0,activitywatch-v0.9.0-windows-x86_64-setup.exe,windows,240
2026-07-11T14:33:54.837909+00:00,v0.9.0,activitywatch-v0.9.0-windows-x86_64.zip,windows,147
2026-07-11T14:33:54.837909+00:00,v0.9.1,activitywatch-v0.9.1-linux-x86_64.zip,linux,146
2026-07-11T14:33:54.837909+00:00,v0.9.1,activitywatch-v0.9.1-macos-x86_64.dmg,macos,105
2026-07-11T14:33:54.837909+00:00,v0.9.1,activitywatch-v0.9.1-macos-x86_64.zip,macos,54
2026-07-11T14:33:54.837909+00:00,v0.9.1,activitywatch-v0.9.1-windows-x86_64-setup.exe,windows,219
2026-07-11T14:33:54.837909+00:00,v0.9.1,activitywatch-v0.9.1-windows-x86_64.zip,windows,114
2026-07-11T14:33:54.837909+00:00,v0.9.2,activitywatch-v0.9.2-linux-x86_64.zip,linux,8057
2026-07-11T14:33:54.837909+00:00,v0.9.2,activitywatch-v0.9.2-macos-x86_64.dmg,macos,4591
2026-07-11T14:33:54.837909+00:00,v0.9.2,activitywatch-v0.9.2-macos-x86_64.zip,macos,232
2026-07-11T14:33:54.837909+00:00,v0.9.2,activitywatch-v0.9.2-windows-x86_64-setup.exe,windows,13617
2026-07-11T14:33:54.837909+00:00,v0.9.2,activitywatch-v0.9.2-windows-x86_64.zip,windows,2963
2026-07-11T14:46:08.975279+00:00,v0.13.2,activitywatch-v0.13.2-linux-x86_64.zip,linux,89467
2026-07-11T14:46:08.975279+00:00,v0.13.2,activitywatch-v0.13.2-macos-x86_64.dmg,macos,121665
2026-07-11T14:46:08.975279+00:00,v0.13.2,activitywatch-v0.13.2-windows-x86_64-setup.exe,windows,270911
2026-07-11T14:46:08.975279+00:00,v0.13.2,activitywatch-v0.13.2-windows-x86_64.zip,windows,26385
2026-07-11T18:58:48.590386+00:00,v0.13.1,activitywatch-v0.13.1-linux-x86_64.zip,linux,10892
2026-07-11T18:58:48.590386+00:00,v0.13.2,activitywatch-linux-x86_64.AppImage,linux,31565
2026-07-11T18:58:48.590386+00:00,v0.13.2,activitywatch-v0.13.2-linux-x86_64.deb,linux,2656
2026-07-11T18:58:48.590386+00:00,v0.13.2,activitywatch-v0.13.2-linux-x86_64.zip,linux,89502
2026-07-11T18:58:48.590386+00:00,v0.13.2,activitywatch-v0.13.2-macos-x86_64.dmg,macos,121714
2026-07-11T18:58:48.590386+00:00,v0.13.2,activitywatch-v0.13.2-macos-x86_64.zip,macos,10953
2026-07-11T18:58:48.590386+00:00,v0.13.2,activitywatch-v0.13.2-windows-x86_64-setup.exe,windows,271005
2026-07-11T18:58:48.590386+00:00,v0.13.2,activitywatch-v0.13.2-windows-x86_64.zip,windows,26391
2026-07-11T18:58:48.590386+00:00,v0.14.0b1,activitywatch-linux-x86_64.AppImage,linux,68
2026-07-11T18:58:48.590386+00:00,v0.14.0b1,activitywatch-tauri-v0.14.0b1-macos-arm64.dmg,macos,221
2026-07-11T18:58:48.590386+00:00,v0.14.0b1,activitywatch-v0.14.0b1-linux-x86_64.zip,linux,732
2026-07-11T18:58:48.590386+00:00,v0.14.0b1,activitywatch-v0.14.0b1-macos-arm64.dmg,macos,975
2026-07-11T18:58:48.590386+00:00,v0.14.0b1,activitywatch-v0.14.0b1-windows-x86_64-setup.exe,windows,2130
2026-07-11T20:22:31.143545+00:00,v0.13.1,activitywatch-v0.13.1-linux-x86_64.zip,linux,10893
2026-07-11T20:22:31.143545+00:00,v0.13.2,activitywatch-linux-x86_64.AppImage,linux,31569
2026-07-11T20:22:31.143545+00:00,v0.13.2,activitywatch-v0.13.2-linux-x86_64.deb,linux,2657
2026-07-11T20:22:31.143545+00:00,v0.13.2,activitywatch-v0.13.2-linux-x86_64.zip,linux,89526
2026-07-11T20:22:31.143545+00:00,v0.13.2,activitywatch-v0.13.2-macos-x86_64.dmg,macos,121726
2026-07-11T20:22:31.143545+00:00,v0.13.2,activitywatch-v0.13.2-macos-x86_64.zip,macos,10954
2026-07-11T20:22:31.143545+00:00,v0.13.2,activitywatch-v0.13.2-windows-x86_64-setup.exe,windows,271036
2026-07-11T20:22:31.143545+00:00,v0.13.2,activitywatch-v0.13.2-windows-x86_64.zip,windows,26392
2026-07-11T23:14:08.204942+00:00,v0.11.0,activitywatch-v0.11.0-windows-x86_64-setup.exe,windows,38266
2026-07-11T23:14:08.204942+00:00,v0.12.0,activitywatch-v0.12.0-windows-x86_64-setup.exe,windows,7962
2026-07-11T23:14:08.204942+00:00,v0.12.2,activitywatch-v0.12.2-windows-x86_64-setup.exe,windows,57854
2026-07-11T23:14:08.204942+00:00,v0.13.0,activitywatch-v0.13.0-windows-x86_64-setup.exe,windows,2975
2026-07-11T23:14:08.204942+00:00,v0.13.1,activitywatch-v0.13.1-windows-x86_64-setup.exe,windows,25676
2026-07-11T23:14:08.204942+00:00,v0.13.2,activitywatch-linux-x86_64.AppImage,linux,31580
2026-07-11T23:14:08.204942+00:00,v0.13.2,activitywatch-v0.13.2-linux-x86_64.zip,linux,89548
2026-07-11T23:14:08.204942+00:00,v0.13.2,activitywatch-v0.13.2-macos-x86_64.dmg,macos,121757
2026-07-11T23:14:08.204942+00:00,v0.13.2,activitywatch-v0.13.2-macos-x86_64.zip,macos,10955
2026-07-11T23:14:08.204942+00:00,v0.13.2,activitywatch-v0.13.2-windows-x86_64-setup.exe,windows,271077
2026-07-11T23:14:08.204942+00:00,v0.13.2,activitywatch-v0.13.2-windows-x86_64.zip,windows,26397
2026-07-11T23:14:08.204942+00:00,v0.14.0b1,activitywatch-v0.14.0b1-windows-x86_64-setup.exe,windows,2132
2026-07-11T23:14:08.204942+00:00,v0.8.0b7,activitywatch-v0.8.0b7-macos-x86_64.zip,macos,1144
2026-07-12T00:04:41.973809+00:00,v0.10.0,activitywatch-v0.10.0-linux-x86_64.zip,linux,8413
2026-07-12T00:04:41.973809+00:00,v0.10.0,activitywatch-v0.10.0-macos-x86_64.dmg,macos,5930
2026-07-12T00:04:41.973809+00:00,v0.10.0,activitywatch-v0.10.0-macos-x86_64.zip,macos,163
2026-07-12T00:04:41.973809+00:00,v0.10.0,activitywatch-v0.10.0-windows-x86_64-setup.exe,windows,15289
2026-07-12T00:04:41.973809+00:00,v0.10.0,activitywatch-v0.10.0-windows-x86_64.zip,windows,2206
2026-07-12T00:04:41.973809+00:00,v0.11.0,activitywatch-v0.11.0-linux-x86_64.zip,linux,19159
2026-07-12T00:04:41.973809+00:00,v0.11.0,activitywatch-v0.11.0-macos-x86_64.dmg,macos,9781
2026-07-12T00:04:41.973809+00:00,v0.11.0,activitywatch-v0.11.0-macos-x86_64.zip,macos,709
2026-07-12T00:04:41.973809+00:00,v0.11.0,activitywatch-v0.11.0-windows-x86_64-setup.exe,windows,38267
2026-07-12T00:04:41.973809+00:00,v0.11.0,activitywatch-v0.11.0-windows-x86_64.zip,windows,6742
2026-07-12T00:04:41.973809+00:00,v0.12.0,activitywatch-v0.12.0-linux-x86_64.zip,linux,3161
2026-07-12T00:04:41.973809+00:00,v0.12.0,activitywatch-v0.12.0-macos-x86_64.dmg,macos,1750
2026-07-12T00:04:41.973809+00:00,v0.12.0,activitywatch-v0.12.0-macos-x86_64.zip,macos,307
2026-07-12T00:04:41.973809+00:00,v0.12.0,activitywatch-v0.12.0-windows-x86_64-setup.exe,windows,7963
2026-07-12T00:04:41.973809+00:00,v0.12.0,activitywatch-v0.12.0-windows-x86_64.zip,windows,2138
2026-07-12T00:04:41.973809+00:00,v0.12.1,activitywatch-v0.12.1-linux-x86_64.zip,linux,17740
2026-07-12T00:04:41.973809+00:00,v0.12.1,activitywatch-v0.12.1-macos-x86_64.dmg,macos,10704
2026-07-12T00:04:41.973809+00:00,v0.12.1,activitywatch-v0.12.1-macos-x86_64.zip,macos,2088
2026-07-12T00:04:41.973809+00:00,v0.12.1,activitywatch-v0.12.1-windows-x86_64-setup.exe,windows,23110
2026-07-12T00:04:41.973809+00:00,v0.12.1,activitywatch-v0.12.1-windows-x86_64.zip,windows,4560
2026-07-12T00:04:41.973809+00:00,v0.12.2,activitywatch-linux-x86_64.AppImage,linux,13405
2026-07-12T00:04:41.973809+00:00,v0.12.2,activitywatch-v0.12.2-linux-x86_64.deb,linux,480
2026-07-12T00:04:41.973809+00:00,v0.12.2,activitywatch-v0.12.2-linux-x86_64.zip,linux,31609
2026-07-12T00:04:41.973809+00:00,v0.12.2,activitywatch-v0.12.2-macos-x86_64.dmg,macos,22523
2026-07-12T00:04:41.973809+00:00,v0.12.2,activitywatch-v0.12.2-macos-x86_64.zip,macos,4321
2026-07-12T00:04:41.973809+00:00,v0.12.2,activitywatch-v0.12.2-windows-x86_64-setup.exe,windows,57855
2026-07-12T00:04:41.973809+00:00,v0.12.2,activitywatch-v0.12.2-windows-x86_64.zip,windows,12011
2026-07-12T00:04:41.973809+00:00,v0.13.0,activitywatch-linux-x86_64.AppImage,linux,182
2026-07-12T00:04:41.973809+00:00,v0.13.0,activitywatch-v0.13.0-linux-x86_64.deb,linux,69
2026-07-12T00:04:41.973809+00:00,v0.13.0,activitywatch-v0.13.0-linux-x86_64.zip,linux,1154
2026-07-12T00:04:41.973809+00:00,v0.13.0,activitywatch-v0.13.0-macos-x86_64.dmg,macos,694
2026-07-12T00:04:41.973809+00:00,v0.13.0,activitywatch-v0.13.0-macos-x86_64.zip,macos,82
2026-07-12T00:04:41.973809+00:00,v0.13.0,activitywatch-v0.13.0-windows-x86_64-setup.exe,windows,2976
2026-07-12T00:04:41.973809+00:00,v0.13.0,activitywatch-v0.13.0-windows-x86_64.zip,windows,349
2026-07-12T00:04:41.973809+00:00,v0.13.1,activitywatch-linux-x86_64.AppImage,linux,3767
2026-07-12T00:04:41.973809+00:00,v0.13.1,activitywatch-v0.13.1-linux-x86_64.deb,linux,499
2026-07-12T00:04:41.973809+00:00,v0.13.1,activitywatch-v0.13.1-linux-x86_64.zip,linux,10894
2026-07-12T00:04:41.973809+00:00,v0.13.1,activitywatch-v0.13.1-macos-x86_64.dmg,macos,7898
2026-07-12T00:04:41.973809+00:00,v0.13.1,activitywatch-v0.13.1-macos-x86_64.zip,macos,1350
2026-07-12T00:04:41.973809+00:00,v0.13.1,activitywatch-v0.13.1-windows-x86_64-setup.exe,windows,25677
2026-07-12T00:04:41.973809+00:00,v0.13.1,activitywatch-v0.13.1-windows-x86_64.zip,windows,4483
2026-07-12T00:04:41.973809+00:00,v0.13.2,activitywatch-linux-x86_64.AppImage,linux,31585
2026-07-12T00:04:41.973809+00:00,v0.13.2,activitywatch-v0.13.2-linux-x86_64.deb,linux,2660
2026-07-12T00:04:41.973809+00:00,v0.13.2,activitywatch-v0.13.2-linux-x86_64.zip,linux,89559
2026-07-12T00:04:41.973809+00:00,v0.13.2,activitywatch-v0.13.2-macos-x86_64.dmg,macos,121767
2026-07-12T00:04:41.973809+00:00,v0.13.2,activitywatch-v0.13.2-macos-x86_64.zip,macos,10957
2026-07-12T00:04:41.973809+00:00,v0.13.2,activitywatch-v0.13.2-windows-x86_64-setup.exe,windows,271098
2026-07-12T00:04:41.973809+00:00,v0.13.2,activitywatch-v0.13.2-windows-x86_64.zip,windows,26399
2026-07-12T00:04:41.973809+00:00,v0.14.0b1,activitywatch-linux-x86_64.AppImage,linux,69
2026-07-12T00:04:41.973809+00:00,v0.14.0b1,activitywatch-v0.14.0b1-linux-x86_64.deb,linux,62
2026-07-12T00:04:41.973809+00:00,v0.14.0b1,activitywatch-v0.14.0b1-linux-x86_64.zip,linux,733
2026-07-12T00:04:41.973809+00:00,v0.14.0b1,activitywatch-v0.14.0b1-macos-arm64.dmg,macos,976
2026-07-12T00:04:41.973809+00:00,v0.14.0b1,activitywatch-v0.14.0b1-macos-arm64.zip,macos,73
2026-07-12T00:04:41.973809+00:00,v0.14.0b1,activitywatch-v0.14.0b1-windows-x86_64-setup.exe,windows,2133
2026-07-12T00:04:41.973809+00:00,v0.14.0b1,activitywatch-v0.14.0b1-windows-x86_64.zip,windows,56
2026-07-12T00:04:41.973809+00:00,v0.4.0,activitywatch-darwin.zip,macos,35
2026-07-12T00:04:41.973809+00:00,v0.4.0,activitywatch-linux.zip,linux,33
2026-07-12T00:04:41.973809+00:00,v0.5.0,activitywatch-darwin.zip,macos,33
2026-07-12T00:04:41.973809+00:00,v0.5.0,activitywatch-linux.zip,linux,33
2026-07-12T00:04:41.973809+00:00,v0.5.1,activitywatch-darwin.zip,macos,40
2026-07-12T00:04:41.973809+00:00,v0.5.1,activitywatch-linux.zip,linux,39
2026-07-12T00:04:41.973809+00:00,v0.7.1,activitywatch-v0.7.1-linux-x86_64.zip,linux,1344
2026-07-12T00:04:41.973809+00:00,v0.7.1,activitywatch-v0.7.1-macos-x86_64.zip,macos,1037
2026-07-12T00:04:41.973809+00:00,v0.7.1,activitywatch-v0.7.1-windows-x86_64.zip,windows,4463
2026-07-12T00:04:41.973809+00:00,v0.8.1,activitywatch-v0.8.1-linux-x86_64.zip,linux,124
2026-07-12T00:04:41.973809+00:00,v0.8.1,activitywatch-v0.8.1-macos-x86_64.zip,macos,77
2026-07-12T00:04:41.973809+00:00,v0.8.1,activitywatch-v0.8.1-windows-x86_64.zip,windows,133
2026-07-12T00:04:41.973809+00:00,v0.8.2,activitywatch-v0.8.2-linux-x86_64.zip,linux,138
2026-07-12T00:04:41.973809+00:00,v0.8.2,activitywatch-v0.8.2-macos-x86_64.zip,macos,52
2026-07-12T00:04:41.973809+00:00,v0.8.2,activitywatch-v0.8.2-windows-x86_64-setup.exe,windows,90
2026-07-12T00:04:41.973809+00:00,v0.8.2,activitywatch-v0.8.2-windows-x86_64.zip,windows,59
2026-07-12T00:04:41.973809+00:00,v0.8.3,activitywatch-v0.8.3-linux-x86_64.zip,linux,599
2026-07-12T00:04:41.973809+00:00,v0.8.3,activitywatch-v0.8.3-macos-x86_64.zip,macos,355
2026-07-12T00:04:41.973809+00:00,v0.8.3,activitywatch-v0.8.3-windows-x86_64-setup.exe,windows,731
2026-07-12T00:04:41.973809+00:00,v0.8.3,activitywatch-v0.8.3-windows-x86_64.zip,windows,697
2026-07-12T00:04:41.973809+00:00,v0.8.4,activitywatch-v0.8.4-linux-x86_64.zip,linux,1561
2026-07-12T00:04:41.973809+00:00,v0.8.4,activitywatch-v0.8.4-macos-x86_64.zip,macos,1169
2026-07-12T00:04:41.973809+00:00,v0.8.4,activitywatch-v0.8.4-windows-x86_64-setup.exe,windows,8120
2026-07-12T00:04:41.973809+00:00,v0.8.4,activitywatch-v0.8.4-windows-x86_64.zip,windows,1562
2026-07-12T00:04:41.973809+00:00,v0.9.0,activitywatch-v0.9.0-linux-x86_64.zip,linux,205
2026-07-12T00:04:41.973809+00:00,v0.9.0,activitywatch-v0.9.0-macos-x86_64.dmg,macos,181
2026-07-12T00:04:41.973809+00:00,v0.9.0,activitywatch-v0.9.0-macos-x86_64.zip,macos,115
2026-07-12T00:04:41.973809+00:00,v0.9.0,activitywatch-v0.9.0-windows-x86_64-setup.exe,windows,241
2026-07-12T00:04:41.973809+00:00,v0.9.0,activitywatch-v0.9.0-windows-x86_64.zip,windows,148
2026-07-12T00:04:41.973809+00:00,v0.9.1,activitywatch-v0.9.1-linux-x86_64.zip,linux,147
2026-07-12T00:04:41.973809+00:00,v0.9.1,activitywatch-v0.9.1-macos-x86_64.dmg,macos,106
2026-07-12T00:04:41.973809+00:00,v0.9.1,activitywatch-v0.9.1-macos-x86_64.zip,macos,55
2026-07-12T00:04:41.973809+00:00,v0.9.1,activitywatch-v0.9.1-windows-x86_64-setup.exe,windows,220
2026-07-12T00:04:41.973809+00:00,v0.9.1,activitywatch-v0.9.1-windows-x86_64.zip,windows,115
2026-07-12T00:04:41.973809+00:00,v0.9.2,activitywatch-v0.9.2-linux-x86_64.zip,linux,8058
2026-07-12T00:04:41.973809+00:00,v0.9.2,activitywatch-v0.9.2-macos-x86_64.dmg,macos,4592
2026-07-12T00:04:41.973809+00:00,v0.9.2,activitywatch-v0.9.2-macos-x86_64.zip,macos,233
2026-07-12T00:04:41.973809+00:00,v0.9.2,activitywatch-v0.9.2-windows-x86_64-setup.exe,windows,13618
2026-07-12T00:04:41.973809+00:00,v0.9.2,activitywatch-v0.9.2-windows-x86_64.zip,windows,2964
2026-07-12T02:32:13.602688+00:00,v0.11.0,activitywatch-v0.11.0-windows-x86_64-setup.exe,windows,38269
2026-07-12T02:32:13.602688+00:00,v0.12.0,activitywatch-v0.12.0-windows-x86_64-setup.exe,windows,7966
2026-07-12T02:32:13.602688+00:00,v0.12.2,activitywatch-v0.12.2-windows-x86_64-setup.exe,windows,57857
2026-07-12T02:32:13.602688+00:00,v0.12.3b18,activitywatch-v0.12.3b18-linux-x86_64.zip,linux,1676
2026-07-12T02:32:13.602688+00:00,v0.13.0,activitywatch-v0.13.0-windows-x86_64-setup.exe,windows,2977
2026-07-12T02:32:13.602688+00:00,v0.13.1,activitywatch-v0.13.1-windows-x86_64-setup.exe,windows,25680
2026-07-12T02:32:13.602688+00:00,v0.13.2,activitywatch-linux-x86_64.AppImage,linux,31594
2026-07-12T02:32:13.602688+00:00,v0.13.2,activitywatch-v0.13.2-linux-x86_64.zip,linux,89575
2026-07-12T02:32:13.602688+00:00,v0.13.2,activitywatch-v0.13.2-macos-x86_64.dmg,macos,121789
2026-07-12T02:32:13.602688+00:00,v0.13.2,activitywatch-v0.13.2-macos-x86_64.zip,macos,10958
2026-07-12T02:32:13.602688+00:00,v0.13.2,activitywatch-v0.13.2-windows-x86_64-setup.exe,windows,271130
2026-07-12T02:32:13.602688+00:00,v0.13.2,activitywatch-v0.13.2-windows-x86_64.zip,windows,26400
2026-07-12T02:32:13.602688+00:00,v0.14.0b1,activitywatch-v0.14.0b1-macos-arm64.dmg,macos,979
2026-07-12T08:12:30.536920+00:00,v0.10.0,activitywatch-v0.10.0-macos-x86_64.dmg,macos,5932
2026-07-12T08:12:30.536920+00:00,v0.11.0,activitywatch-v0.11.0-macos-x86_64.dmg,macos,9783
2026-07-12T08:12:30.536920+00:00,v0.12.3b18,activitywatch-v0.12.3b18-linux-x86_64.zip,linux,1678
2026-07-12T08:12:30.536920+00:00,v0.13.2,activitywatch-linux-x86_64.AppImage,linux,31618
2026-07-12T08:12:30.536920+00:00,v0.13.2,activitywatch-v0.13.2-linux-x86_64.deb,linux,2661
2026-07-12T08:12:30.536920+00:00,v0.13.2,activitywatch-v0.13.2-linux-x86_64.zip,linux,89604
2026-07-12T08:12:30.536920+00:00,v0.13.2,activitywatch-v0.13.2-macos-x86_64.dmg,macos,121869
2026-07-12T08:12:30.536920+00:00,v0.13.2,activitywatch-v0.13.2-macos-x86_64.zip,macos,10961
2026-07-12T08:12:30.536920+00:00,v0.13.2,activitywatch-v0.13.2-windows-x86_64-setup.exe,windows,271215
2026-07-12T08:12:30.536920+00:00,v0.13.2,activitywatch-v0.13.2-windows-x86_64.zip,windows,26409
2026-07-12T08:12:30.536920+00:00,v0.14.0b1,activitywatch-tauri-v0.14.0b1-linux-x86_64.zip,linux,33
2026-07-12T08:12:30.536920+00:00,v0.14.0b1,activitywatch-v0.14.0b1-macos-arm64.dmg,macos,980
2026-07-12T08:12:30.536920+00:00,v0.14.0b1,activitywatch-v0.14.0b1-windows-x86_64-setup.exe,windows,2147
2026-07-12T08:12:30.536920+00:00,v0.8.0b7,activitywatch-v0.8.0b7-macos-x86_64.zip,macos,1145
2026-07-12T13:13:54.563814+00:00,v0.13.2,activitywatch-linux-x86_64.AppImage,linux,31639
2026-07-12T13:13:54.563814+00:00,v0.13.2,activitywatch-v0.13.2-linux-x86_64.deb,linux,2662
2026-07-12T13:13:54.563814+00:00,v0.13.2,activitywatch-v0.13.2-linux-x86_64.zip,linux,89641
2026-07-12T13:13:54.563814+00:00,v0.13.2,activitywatch-v0.13.2-macos-x86_64.dmg,macos,121923
2026-07-12T13:13:54.563814+00:00,v0.13.2,activitywatch-v0.13.2-macos-x86_64.zip,macos,10963
2026-07-12T13:13:54.563814+00:00,v0.13.2,activitywatch-v0.13.2-windows-x86_64-setup.exe,windows,271336
2026-07-12T13:13:54.563814+00:00,v0.13.2,activitywatch-v0.13.2-windows-x86_64.zip,windows,26415
2026-07-12T13:13:54.563814+00:00,v0.14.0b1,activitywatch-tauri-v0.14.0b1-windows-x86_64-setup.exe,windows,65
2026-07-12T13:13:54.563814+00:00,v0.14.0b1,activitywatch-v0.14.0b1-linux-x86_64.zip,linux,737
2026-07-12T13:13:54.563814+00:00,v0.14.0b1,activitywatch-v0.14.0b1-macos-arm64.dmg,macos,982
2026-07-12T13:13:54.563814+00:00,v0.14.0b1,activitywatch-v0.14.0b1-windows-x86_64-setup.exe,windows,2152
2026-07-12T13:13:54.563814+00:00,v0.8.0b7,activitywatch-v0.8.0b7-macos-x86_64.zip,macos,1146
2026-07-12T14:37:03.648319+00:00,v0.12.3b18,activitywatch-v0.12.3b18-linux-x86_64.zip,linux,1688
2026-07-12T14:37:03.648319+00:00,v0.13.2,activitywatch-v0.13.2-linux-x86_64.zip,linux,89649
2026-07-12T14:37:03.648319+00:00,v0.13.2,activitywatch-v0.13.2-macos-x86_64.dmg,macos,121936
2026-07-12T14:37:03.648319+00:00,v0.13.2,activitywatch-v0.13.2-macos-x86_64.zip,macos,10964
2026-07-12T14:37:03.648319+00:00,v0.13.2,activitywatch-v0.13.2-windows-x86_64-setup.exe,windows,271373
2026-07-12T14:37:03.648319+00:00,v0.13.2,activitywatch-v0.13.2-windows-x86_64.zip,windows,26418
2026-07-12T15:11:19.898808+00:00,v0.12.3b18,activitywatch-v0.12.3b18-linux-x86_64.zip,linux,1690
2026-07-12T15:11:19.898808+00:00,v0.13.2,activitywatch-linux-x86_64.AppImage,linux,31642
2026-07-12T15:11:19.898808+00:00,v0.13.2,activitywatch-v0.13.2-linux-x86_64.zip,linux,89650
2026-07-12T15:11:19.898808+00:00,v0.13.2,activitywatch-v0.13.2-macos-x86_64.dmg,macos,121945
2026-07-12T15:11:19.898808+00:00,v0.13.2,activitywatch-v0.13.2-windows-x86_64-setup.exe,windows,271398
2026-07-12T15:11:19.898808+00:00,v0.14.0b1,activitywatch-tauri-v0.14.0b1-macos-arm64.dmg,macos,222
2026-07-12T15:11:19.898808+00:00,v0.9.2,activitywatch-v0.9.2-macos-x86_64.dmg,macos,4593
2026-07-12T16:49:45.504538+00:00,v0.13.2,activitywatch-linux-x86_64.AppImage,linux,31645
2026-07-12T16:49:45.504538+00:00,v0.13.2,activitywatch-v0.13.2-linux-x86_64.zip,linux,89661
2026-07-12T16:49:45.504538+00:00,v0.13.2,activitywatch-v0.13.2-macos-x86_64.dmg,macos,121967
2026-07-12T16:49:45.504538+00:00,v0.13.2,activitywatch-v0.13.2-macos-x86_64.zip,macos,10965
2026-07-12T16:49:45.504538+00:00,v0.13.2,activitywatch-v0.13.2-windows-x86_64-setup.exe,windows,271441
2026-07-12T16:49:45.504538+00:00,v0.13.2,activitywatch-v0.13.2-windows-x86_64.zip,windows,26424
2026-07-12T16:49:45.504538+00:00,v0.14.0b1,activitywatch-v0.14.0b1-windows-x86_64-setup.exe,windows,2157
2026-07-12T17:13:11.971760+00:00,v0.13.2,activitywatch-linux-x86_64.AppImage,linux,31646
2026-07-12T17:13:11.971760+00:00,v0.13.2,activitywatch-v0.13.2-linux-x86_64.zip,linux,89663
2026-07-12T17:13:11.971760+00:00,v0.13.2,activitywatch-v0.13.2-macos-x86_64.dmg,macos,121974
2026-07-12T17:13:11.971760+00:00,v0.13.2,activitywatch-v0.13.2-windows-x86_64-setup.exe,windows,271454
2026-07-12T17:13:11.971760+00:00,v0.14.0b1,activitywatch-v0.14.0b1-windows-x86_64-setup.exe,windows,2159
2026-07-12T17:19:56.783298+00:00,v0.13.2,activitywatch-v0.13.2-linux-x86_64.zip,linux,89666
2026-07-12T17:26:32.550039+00:00,v0.13.2,activitywatch-v0.13.2-macos-x86_64.dmg,macos,121975
2026-07-12T17:26:32.550039+00:00,v0.13.2,activitywatch-v0.13.2-windows-x86_64-setup.exe,windows,271458
2026-07-12T17:26:32.550039+00:00,v0.14.0b1,activitywatch-v0.14.0b1-windows-x86_64-setup.exe,windows,2160
2026-07-12T17:29:54.124613+00:00,v0.13.2,activitywatch-v0.13.2-linux-x86_64.zip,linux,89668
2026-07-12T17:29:54.124613+00:00,v0.14.0b1,activitywatch-v0.14.0b1-linux-x86_64.zip,linux,739
2026-07-12T17:36:51.809335+00:00,v0.13.2,activitywatch-v0.13.2-macos-x86_64.dmg,macos,121977
2026-07-12T17:36:51.809335+00:00,v0.13.2,activitywatch-v0.13.2-windows-x86_64-setup.exe,windows,271460
2026-07-12T17:54:17.365837+00:00,v0.13.2,activitywatch-linux-x86_64.AppImage,linux,31650
2026-07-12T17:54:17.365837+00:00,v0.13.2,activitywatch-v0.13.2-linux-x86_64.deb,linux,2663
2026-07-12T17:54:17.365837+00:00,v0.13.2,activitywatch-v0.13.2-linux-x86_64.zip,linux,89671
2026-07-12T17:54:17.365837+00:00,v0.13.2,activitywatch-v0.13.2-macos-x86_64.dmg,macos,121980
2026-07-12T17:54:17.365837+00:00,v0.13.2,activitywatch-v0.13.2-windows-x86_64-setup.exe,windows,271467
2026-07-12T17:54:17.365837+00:00,v0.13.2,activitywatch-v0.13.2-windows-x86_64.zip,windows,26429
2026-07-12T17:54:17.365837+00:00,v0.14.0b1,activitywatch-v0.14.0b1-linux-x86_64.zip,linux,741
2026-07-12T19:01:38.734569+00:00,v0.13.2,activitywatch-linux-x86_64.AppImage,linux,31654
2026-07-12T19:01:38.734569+00:00,v0.13.2,activitywatch-v0.13.2-linux-x86_64.deb,linux,2664
2026-07-12T19:01:38.734569+00:00,v0.13.2,activitywatch-v0.13.2-linux-x86_64.zip,linux,89676
2026-07-12T19:01:38.734569+00:00,v0.13.2,activitywatch-v0.13.2-macos-x86_64.dmg,macos,121990
2026-07-12T19:01:38.734569+00:00,v0.13.2,activitywatch-v0.13.2-macos-x86_64.zip,macos,10966
2026-07-12T19:01:38.734569+00:00,v0.13.2,activitywatch-v0.13.2-windows-x86_64-setup.exe,windows,271487
2026-07-12T19:01:38.734569+00:00,v0.13.2,activitywatch-v0.13.2-windows-x86_64.zip,windows,26432
2026-07-12T19:01:38.734569+00:00,v0.14.0b1,activitywatch-v0.14.0b1-linux-x86_64.zip,linux,743
2026-07-12T19:01:38.734569+00:00,v0.14.0b1,activitywatch-v0.14.0b1-macos-arm64.dmg,macos,983
2026-07-13T02:33:42.925055+00:00,v0.11.0,activitywatch-v0.11.0-windows-x86_64-setup.exe,windows,38270
2026-07-13T02:33:42.925055+00:00,v0.12.0,activitywatch-v0.12.0-windows-x86_64-setup.exe,windows,7967
2026-07-13T02:33:42.925055+00:00,v0.12.2,activitywatch-v0.12.2-linux-x86_64.zip,linux,31610
2026-07-13T02:33:42.925055+00:00,v0.12.2,activitywatch-v0.12.2-windows-x86_64-setup.exe,windows,57858
2026-07-13T02:33:42.925055+00:00,v0.12.3b18,activitywatch-v0.12.3b18-linux-x86_64.zip,linux,1696
2026-07-13T02:33:42.925055+00:00,v0.13.0,activitywatch-v0.13.0-linux-x86_64.zip,linux,1155
2026-07-13T02:33:42.925055+00:00,v0.13.0,activitywatch-v0.13.0-windows-x86_64-setup.exe,windows,2978
2026-07-13T02:33:42.925055+00:00,v0.13.1,activitywatch-v0.13.1-linux-x86_64.zip,linux,10895
2026-07-13T02:33:42.925055+00:00,v0.13.1,activitywatch-v0.13.1-windows-x86_64-setup.exe,windows,25681
2026-07-13T02:33:42.925055+00:00,v0.13.2,activitywatch-linux-x86_64.AppImage,linux,31680
2026-07-13T02:33:42.925055+00:00,v0.13.2,activitywatch-v0.13.2-linux-x86_64.deb,linux,2689
2026-07-13T02:33:42.925055+00:00,v0.13.2,activitywatch-v0.13.2-linux-x86_64.zip,linux,89714
2026-07-13T02:33:42.925055+00:00,v0.13.2,activitywatch-v0.13.2-macos-x86_64.dmg,macos,122070
2026-07-13T02:33:42.925055+00:00,v0.13.2,activitywatch-v0.13.2-macos-x86_64.zip,macos,10969
2026-07-13T02:33:42.925055+00:00,v0.13.2,activitywatch-v0.13.2-windows-x86_64-setup.exe,windows,271629
2026-07-13T02:33:42.925055+00:00,v0.13.2,activitywatch-v0.13.2-windows-x86_64.zip,windows,26445
2026-07-13T02:33:42.925055+00:00,v0.14.0b1,activitywatch-linux-x86_64.AppImage,linux,70
2026-07-13T02:33:42.925055+00:00,v0.14.0b1,activitywatch-v0.14.0b1-macos-arm64.dmg,macos,991
2026-07-13T02:33:42.925055+00:00,v0.14.0b1,activitywatch-v0.14.0b1-windows-x86_64-setup.exe,windows,2178
2026-07-13T02:33:42.925055+00:00,v0.8.0b7,activitywatch-v0.8.0b7-macos-x86_64.zip,macos,1148
2026-07-13T09:20:46.874905+00:00,v0.12.1,activitywatch-v0.12.1-windows-x86_64-setup.exe,windows,23111
2026-07-13T09:20:46.874905+00:00,v0.12.2,activitywatch-v0.12.2-linux-x86_64.zip,linux,31612
2026-07-13T09:20:46.874905+00:00,v0.13.2,activitywatch-linux-x86_64.AppImage,linux,31702
2026-07-13T09:20:46.874905+00:00,v0.13.2,activitywatch-v0.13.2-linux-x86_64.deb,linux,2714
2026-07-13T09:20:46.874905+00:00,v0.13.2,activitywatch-v0.13.2-linux-x86_64.zip,linux,89762
2026-07-13T09:20:46.874905+00:00,v0.13.2,activitywatch-v0.13.2-macos-x86_64.dmg,macos,122162
2026-07-13T09:20:46.874905+00:00,v0.13.2,activitywatch-v0.13.2-macos-x86_64.zip,macos,10973
2026-07-13T09:20:46.874905+00:00,v0.13.2,activitywatch-v0.13.2-windows-x86_64-setup.exe,windows,271797
2026-07-13T09:20:46.874905+00:00,v0.13.2,activitywatch-v0.13.2-windows-x86_64.zip,windows,26495
2026-07-13T09:20:46.874905+00:00,v0.14.0b1,activitywatch-linux-x86_64.AppImage,linux,71
2026-07-13T09:20:46.874905+00:00,v0.14.0b1,activitywatch-tauri-v0.14.0b1-windows-x86_64.zip,windows,44
2026-07-13T09:20:46.874905+00:00,v0.14.0b1,activitywatch-v0.14.0b1-linux-x86_64.deb,linux,63
2026-07-13T09:20:46.874905+00:00,v0.14.0b1,activitywatch-v0.14.0b1-linux-x86_64.zip,linux,746
2026-07-13T09:20:46.874905+00:00,v0.14.0b1,activitywatch-v0.14.0b1-macos-arm64.dmg,macos,995
2026-07-13T09:20:46.874905+00:00,v0.14.0b1,activitywatch-v0.14.0b1-macos-arm64.zip,macos,74
2026-07-13T09:20:46.874905+00:00,v0.14.0b1,activitywatch-v0.14.0b1-windows-x86_64-setup.exe,windows,2197
2026-07-13T09:20:46.874905+00:00,v0.14.0b1,activitywatch-v0.14.0b1-windows-x86_64.zip,windows,57
2026-07-13T14:27:50.252808+00:00,v0.12.2,activitywatch-v0.12.2-macos-x86_64.dmg,macos,22524
2026-07-13T14:27:50.252808+00:00,v0.13.2,activitywatch-linux-x86_64.AppImage,linux,31719
2026-07-13T14:27:50.252808+00:00,v0.13.2,activitywatch-v0.13.2-linux-x86_64.deb,linux,2732
2026-07-13T14:27:50.252808+00:00,v0.13.2,activitywatch-v0.13.2-linux-x86_64.zip,linux,89805
2026-07-13T14:27:50.252808+00:00,v0.13.2,activitywatch-v0.13.2-macos-x86_64.dmg,macos,122241
2026-07-13T14:27:50.252808+00:00,v0.13.2,activitywatch-v0.13.2-macos-x86_64.zip,macos,10975
2026-07-13T14:27:50.252808+00:00,v0.13.2,activitywatch-v0.13.2-windows-x86_64-setup.exe,windows,271982
2026-07-13T14:27:50.252808+00:00,v0.13.2,activitywatch-v0.13.2-windows-x86_64.zip,windows,26509
2026-07-13T14:27:50.252808+00:00,v0.14.0b1,activitywatch-linux-x86_64.AppImage,linux,72
2026-07-13T14:27:50.252808+00:00,v0.14.0b1,activitywatch-tauri-v0.14.0b1-macos-arm64.dmg,macos,223
2026-07-13T14:27:50.252808+00:00,v0.14.0b1,activitywatch-v0.14.0b1-linux-x86_64.deb,linux,66
2026-07-13T14:27:50.252808+00:00,v0.14.0b1,activitywatch-v0.14.0b1-linux-x86_64.zip,linux,752
2026-07-13T14:27:50.252808+00:00,v0.14.0b1,activitywatch-v0.14.0b1-macos-arm64.dmg,macos,997
2026-07-13T14:27:50.252808+00:00,v0.14.0b1,activitywatch-v0.14.0b1-windows-x86_64-setup.exe,windows,2208
2026-07-13T19:19:50.144013+00:00,v0.11.0,activitywatch-v0.11.0-linux-x86_64.zip,linux,19160
2026-07-13T19:19:50.144013+00:00,v0.13.2,activitywatch-linux-x86_64.AppImage,linux,31732
2026-07-13T19:19:50.144013+00:00,v0.13.2,activitywatch-v0.13.2-linux-x86_64.deb,linux,2743
2026-07-13T19:19:50.144013+00:00,v0.13.2,activitywatch-v0.13.2-linux-x86_64.zip,linux,89844
2026-07-13T19:19:50.144013+00:00,v0.13.2,activitywatch-v0.13.2-macos-x86_64.dmg,macos,122294
2026-07-13T19:19:50.144013+00:00,v0.13.2,activitywatch-v0.13.2-macos-x86_64.zip,macos,10979
2026-07-13T19:19:50.144013+00:00,v0.13.2,activitywatch-v0.13.2-windows-x86_64-setup.exe,windows,272144
2026-07-13T19:19:50.144013+00:00,v0.13.2,activitywatch-v0.13.2-windows-x86_64.zip,windows,26530
2026-07-13T19:19:50.144013+00:00,v0.14.0b1,activitywatch-v0.14.0b1-macos-arm64.dmg,macos,999
2026-07-13T19:19:50.144013+00:00,v0.14.0b1,activitywatch-v0.14.0b1-windows-x86_64-setup.exe,windows,2229
2026-07-13T19:19:50.144013+00:00,v0.8.0b7,activitywatch-v0.8.0b7-macos-x86_64.zip,macos,1149
2026-07-14T02:12:26.467714+00:00,v0.11.0,activitywatch-v0.11.0-windows-x86_64-setup.exe,windows,38271
2026-07-14T02:12:26.467714+00:00,v0.12.0,activitywatch-v0.12.0-windows-x86_64-setup.exe,windows,7968
2026-07-14T02:12:26.467714+00:00,v0.12.1,activitywatch-v0.12.1-windows-x86_64-setup.exe,windows,23112
2026-07-14T02:12:26.467714+00:00,v0.12.2,activitywatch-v0.12.2-windows-x86_64-setup.exe,windows,57859
2026-07-14T02:12:26.467714+00:00,v0.13.0,activitywatch-v0.13.0-windows-x86_64-setup.exe,windows,2979
2026-07-14T02:12:26.467714+00:00,v0.13.1,activitywatch-v0.13.1-windows-x86_64-setup.exe,windows,25682
2026-07-14T02:12:26.467714+00:00,v0.13.2,activitywatch-linux-x86_64.AppImage,linux,31757
2026-07-14T02:12:26.467714+00:00,v0.13.2,activitywatch-v0.13.2-linux-x86_64.deb,linux,2772
2026-07-14T02:12:26.467714+00:00,v0.13.2,activitywatch-v0.13.2-linux-x86_64.zip,linux,89880
2026-07-14T02:12:26.467714+00:00,v0.13.2,activitywatch-v0.13.2-macos-x86_64.dmg,macos,122369
2026-07-14T02:12:26.467714+00:00,v0.13.2,activitywatch-v0.13.2-macos-x86_64.zip,macos,10982
2026-07-14T02:12:26.467714+00:00,v0.13.2,activitywatch-v0.13.2-windows-x86_64-setup.exe,windows,272271
2026-07-14T02:12:26.467714+00:00,v0.13.2,activitywatch-v0.13.2-windows-x86_64.zip,windows,26544
2026-07-14T02:12:26.467714+00:00,v0.14.0b1,activitywatch-linux-x86_64.AppImage,linux,73
2026-07-14T02:12:26.467714+00:00,v0.14.0b1,activitywatch-v0.14.0b1-linux-x86_64.deb,linux,67
2026-07-14T02:12:26.467714+00:00,v0.14.0b1,activitywatch-v0.14.0b1-linux-x86_64.zip,linux,754
2026-07-14T02:12:26.467714+00:00,v0.14.0b1,activitywatch-v0.14.0b1-macos-arm64.dmg,macos,1005
2026-07-14T02:12:26.467714+00:00,v0.14.0b1,activitywatch-v0.14.0b1-windows-x86_64-setup.exe,windows,2236
2026-07-14T02:12:26.467714+00:00,v0.14.0b1,activitywatch-v0.14.0b1-windows-x86_64.zip,windows,59
2026-07-14T07:59:05.771739+00:00,v0.11.0,activitywatch-v0.11.0-windows-x86_64-setup.exe,windows,38272
2026-07-14T07:59:05.771739+00:00,v0.12.0b1,activitywatch-v0.12.0b1-linux-x86_64.zip,linux,322
2026-07-14T07:59:05.771739+00:00,v0.12.1,activitywatch-v0.12.1-windows-x86_64-setup.exe,windows,23113
2026-07-14T07:59:05.771739+00:00,v0.13.2,activitywatch-linux-x86_64.AppImage,linux,31778
2026-07-14T07:59:05.771739+00:00,v0.13.2,activitywatch-v0.13.2-linux-x86_64.deb,linux,2802
2026-07-14T07:59:05.771739+00:00,v0.13.2,activitywatch-v0.13.2-linux-x86_64.zip,linux,89911
2026-07-14T07:59:05.771739+00:00,v0.13.2,activitywatch-v0.13.2-macos-x86_64.dmg,macos,122450
2026-07-14T07:59:05.771739+00:00,v0.13.2,activitywatch-v0.13.2-macos-x86_64.zip,macos,10986
2026-07-14T07:59:05.771739+00:00,v0.13.2,activitywatch-v0.13.2-windows-x86_64-setup.exe,windows,272406
2026-07-14T07:59:05.771739+00:00,v0.13.2,activitywatch-v0.13.2-windows-x86_64.zip,windows,26552
2026-07-14T07:59:05.771739+00:00,v0.14.0b1,activitywatch-v0.14.0b1-linux-x86_64.deb,linux,69
2026-07-14T07:59:05.771739+00:00,v0.14.0b1,activitywatch-v0.14.0b1-linux-x86_64.zip,linux,755
2026-07-14T07:59:05.771739+00:00,v0.14.0b1,activitywatch-v0.14.0b1-macos-arm64.dmg,macos,1011
2026-07-14T07:59:05.771739+00:00,v0.14.0b1,activitywatch-v0.14.0b1-macos-arm64.zip,macos,76
2026-07-14T07:59:05.771739+00:00,v0.14.0b1,activitywatch-v0.14.0b1-windows-x86_64-setup.exe,windows,2247
2026-07-14T07:59:05.771739+00:00,v0.14.0b1,activitywatch-v0.14.0b1-windows-x86_64.zip,windows,62
2026-07-14T13:28:03.981720+00:00,v0.11.0,activitywatch-v0.11.0-windows-x86_64-setup.exe,windows,38274
2026-07-14T13:28:03.981720+00:00,v0.12.0,activitywatch-v0.12.0-windows-x86_64-setup.exe,windows,7969
2026-07-14T13:28:03.981720+00:00,v0.12.2,activitywatch-v0.12.2-linux-x86_64.zip,linux,31613
2026-07-14T13:28:03.981720+00:00,v0.12.2,activitywatch-v0.12.2-windows-x86_64-setup.exe,windows,57860
2026-07-14T13:28:03.981720+00:00,v0.12.3b10,activitywatch-linux-x86_64.AppImage,linux,102
2026-07-14T13:28:03.981720+00:00,v0.13.0,activitywatch-v0.13.0-windows-x86_64-setup.exe,windows,2981
2026-07-14T13:28:03.981720+00:00,v0.13.1,activitywatch-v0.13.1-windows-x86_64-setup.exe,windows,25685
2026-07-14T13:28:03.981720+00:00,v0.13.2,activitywatch-linux-x86_64.AppImage,linux,31795
2026-07-14T13:28:03.981720+00:00,v0.13.2,activitywatch-v0.13.2-linux-x86_64.deb,linux,2825
2026-07-14T13:28:03.981720+00:00,v0.13.2,activitywatch-v0.13.2-linux-x86_64.zip,linux,89964
2026-07-14T13:28:03.981720+00:00,v0.13.2,activitywatch-v0.13.2-macos-x86_64.dmg,macos,122527
2026-07-14T13:28:03.981720+00:00,v0.13.2,activitywatch-v0.13.2-macos-x86_64.zip,macos,11000
2026-07-14T13:28:03.981720+00:00,v0.13.2,activitywatch-v0.13.2-windows-x86_64-setup.exe,windows,272614
2026-07-14T13:28:03.981720+00:00,v0.13.2,activitywatch-v0.13.2-windows-x86_64.zip,windows,26573
2026-07-14T13:28:03.981720+00:00,v0.14.0b1,activitywatch-tauri-v0.14.0b1-macos-arm64.dmg,macos,224
2026-07-14T13:28:03.981720+00:00,v0.14.0b1,activitywatch-v0.14.0b1-linux-x86_64.zip,linux,756
2026-07-14T13:28:03.981720+00:00,v0.14.0b1,activitywatch-v0.14.0b1-macos-arm64.dmg,macos,1029
2026-07-14T13:28:03.981720+00:00,v0.14.0b1,activitywatch-v0.14.0b1-windows-x86_64-setup.exe,windows,2257
2026-07-14T13:28:03.981720+00:00,v0.9.2,activitywatch-v0.9.2-linux-x86_64.zip,linux,8059
2026-07-14T19:15:26.082643+00:00,v0.12.1,activitywatch-v0.12.1-windows-x86_64-setup.exe,windows,23114
2026-07-14T19:15:26.082643+00:00,v0.13.2,activitywatch-linux-x86_64.AppImage,linux,31820
2026-07-14T19:15:26.082643+00:00,v0.13.2,activitywatch-v0.13.2-linux-x86_64.deb,linux,2856
2026-07-14T19:15:26.082643+00:00,v0.13.2,activitywatch-v0.13.2-linux-x86_64.zip,linux,90028
2026-07-14T19:15:26.082643+00:00,v0.13.2,activitywatch-v0.13.2-macos-x86_64.dmg,macos,122606
2026-07-14T19:15:26.082643+00:00,v0.13.2,activitywatch-v0.13.2-macos-x86_64.zip,macos,11012
2026-07-14T19:15:26.082643+00:00,v0.13.2,activitywatch-v0.13.2-windows-x86_64-setup.exe,windows,272824
2026-07-14T19:15:26.082643+00:00,v0.13.2,activitywatch-v0.13.2-windows-x86_64.zip,windows,26588
2026-07-14T19:15:26.082643+00:00,v0.14.0b1,activitywatch-linux-x86_64.AppImage,linux,74
2026-07-14T19:15:26.082643+00:00,v0.14.0b1,activitywatch-tauri-v0.14.0b1-macos-arm64.dmg,macos,226
2026-07-14T19:15:26.082643+00:00,v0.14.0b1,activitywatch-tauri-v0.14.0b1-windows-x86_64-setup.exe,windows,66
2026-07-14T19:15:26.082643+00:00,v0.14.0b1,activitywatch-v0.14.0b1-linux-x86_64.zip,linux,763
2026-07-14T19:15:26.082643+00:00,v0.14.0b1,activitywatch-v0.14.0b1-macos-arm64.dmg,macos,1034
2026-07-14T19:15:26.082643+00:00,v0.14.0b1,activitywatch-v0.14.0b1-windows-x86_64-setup.exe,windows,2267
2026-07-15T02:10:56.962834+00:00,v0.11.0,activitywatch-v0.11.0-windows-x86_64-setup.exe,windows,38275
2026-07-15T02:10:56.962834+00:00,v0.12.0,activitywatch-v0.12.0-windows-x86_64-setup.exe,windows,7970
2026-07-15T02:10:56.962834+00:00,v0.12.2,activitywatch-v0.12.2-windows-x86_64-setup.exe,windows,57861
2026-07-15T02:10:56.962834+00:00,v0.13.0,activitywatch-v0.13.0-windows-x86_64-setup.exe,windows,2982
2026-07-15T02:10:56.962834+00:00,v0.13.1,activitywatch-v0.13.1-windows-x86_64-setup.exe,windows,25686
2026-07-15T02:10:56.962834+00:00,v0.13.2,activitywatch-linux-x86_64.AppImage,linux,31844
2026-07-15T02:10:56.962834+00:00,v0.13.2,activitywatch-v0.13.2-linux-x86_64.deb,linux,2878
2026-07-15T02:10:56.962834+00:00,v0.13.2,activitywatch-v0.13.2-linux-x86_64.zip,linux,90074
2026-07-15T02:10:56.962834+00:00,v0.13.2,activitywatch-v0.13.2-macos-x86_64.dmg,macos,122685
2026-07-15T02:10:56.962834+00:00,v0.13.2,activitywatch-v0.13.2-macos-x86_64.zip,macos,11016
2026-07-15T02:10:56.962834+00:00,v0.13.2,activitywatch-v0.13.2-windows-x86_64-setup.exe,windows,273062
2026-07-15T02:10:56.962834+00:00,v0.13.2,activitywatch-v0.13.2-windows-x86_64.zip,windows,26603
2026-07-15T02:10:56.962834+00:00,v0.14.0b1,activitywatch-tauri-v0.14.0b1-linux-x86_64.zip,linux,34
2026-07-15T02:10:56.962834+00:00,v0.14.0b1,activitywatch-tauri-v0.14.0b1-macos-arm64.dmg,macos,228
2026-07-15T02:10:56.962834+00:00,v0.14.0b1,activitywatch-v0.14.0b1-linux-x86_64.zip,linux,772
2026-07-15T02:10:56.962834+00:00,v0.14.0b1,activitywatch-v0.14.0b1-macos-arm64.dmg,macos,1039
2026-07-15T02:10:56.962834+00:00,v0.14.0b1,activitywatch-v0.14.0b1-windows-x86_64-setup.exe,windows,2284
2026-07-15T02:10:56.962834+00:00,v0.14.0b1,activitywatch-v0.14.0b1-windows-x86_64.zip,windows,63
2026-07-15T02:10:56.962834+00:00,v0.8.0b7,activitywatch-v0.8.0b7-macos-x86_64.zip,macos,1152
2026-07-15T08:04:17.004906+00:00,v0.11.0,activitywatch-v0.11.0-windows-x86_64-setup.exe,windows,38276
2026-07-15T08:04:17.004906+00:00,v0.13.0,activitywatch-v0.13.0-windows-x86_64-setup.exe,windows,2983
2026-07-15T08:04:17.004906+00:00,v0.13.2,activitywatch-linux-x86_64.AppImage,linux,31866
2026-07-15T08:04:17.004906+00:00,v0.13.2,activitywatch-v0.13.2-linux-x86_64.deb,linux,2907
2026-07-15T08:04:17.004906+00:00,v0.13.2,activitywatch-v0.13.2-linux-x86_64.zip,linux,90110
2026-07-15T08:04:17.004906+00:00,v0.13.2,activitywatch-v0.13.2-macos-x86_64.dmg,macos,122756
2026-07-15T08:04:17.004906+00:00,v0.13.2,activitywatch-v0.13.2-macos-x86_64.zip,macos,11020
2026-07-15T08:04:17.004906+00:00,v0.13.2,activitywatch-v0.13.2-windows-x86_64-setup.exe,windows,273233
2026-07-15T08:04:17.004906+00:00,v0.13.2,activitywatch-v0.13.2-windows-x86_64.zip,windows,26633
2026-07-15T08:04:17.004906+00:00,v0.14.0b1,activitywatch-linux-x86_64.AppImage,linux,75
2026-07-15T08:04:17.004906+00:00,v0.14.0b1,activitywatch-tauri-v0.14.0b1-macos-arm64.dmg,macos,230
2026-07-15T08:04:17.004906+00:00,v0.14.0b1,activitywatch-v0.14.0b1-macos-arm64.dmg,macos,1046
2026-07-15T08:04:17.004906+00:00,v0.14.0b1,activitywatch-v0.14.0b1-macos-arm64.zip,macos,80
2026-07-15T08:04:17.004906+00:00,v0.14.0b1,activitywatch-v0.14.0b1-windows-x86_64-setup.exe,windows,2288
2026-07-15T08:04:17.004906+00:00,v0.8.0b7,activitywatch-v0.8.0b7-macos-x86_64.zip,macos,1153
2026-07-15T13:38:06.607786+00:00,v0.12.2,activitywatch-v0.12.2-linux-x86_64.zip,linux,31615
2026-07-15T13:38:06.607786+00:00,v0.13.1,activitywatch-v0.13.1-macos-x86_64.dmg,macos,7899
2026-07-15T13:38:06.607786+00:00,v0.13.2,activitywatch-linux-x86_64.AppImage,linux,31891
2026-07-15T13:38:06.607786+00:00,v0.13.2,activitywatch-v0.13.2-linux-x86_64.deb,linux,2934
2026-07-15T13:38:06.607786+00:00,v0.13.2,activitywatch-v0.13.2-linux-x86_64.zip,linux,90183
2026-07-15T13:38:06.607786+00:00,v0.13.2,activitywatch-v0.13.2-macos-x86_64.dmg,macos,122841
2026-07-15T13:38:06.607786+00:00,v0.13.2,activitywatch-v0.13.2-macos-x86_64.zip,macos,11025
2026-07-15T13:38:06.607786+00:00,v0.13.2,activitywatch-v0.13.2-windows-x86_64-setup.exe,windows,273469
2026-07-15T13:38:06.607786+00:00,v0.13.2,activitywatch-v0.13.2-windows-x86_64.zip,windows,26648
2026-07-15T13:38:06.607786+00:00,v0.14.0b1,activitywatch-linux-x86_64.AppImage,linux,76
2026-07-15T13:38:06.607786+00:00,v0.14.0b1,activitywatch-tauri-v0.14.0b1-windows-x86_64-setup.exe,windows,67
2026-07-15T13:38:06.607786+00:00,v0.14.0b1,activitywatch-v0.14.0b1-linux-x86_64.zip,linux,776
2026-07-15T13:38:06.607786+00:00,v0.14.0b1,activitywatch-v0.14.0b1-macos-arm64.dmg,macos,1061
2026-07-15T13:38:06.607786+00:00,v0.14.0b1,activitywatch-v0.14.0b1-windows-x86_64-setup.exe,windows,2297
2026-07-15T19:06:20.080694+00:00,v0.12.0,activitywatch-v0.12.0-windows-x86_64-setup.exe,windows,7971
2026-07-15T19:06:20.080694+00:00,v0.12.3b10,activitywatch-linux-x86_64.AppImage,linux,104
2026-07-15T19:06:20.080694+00:00,v0.13.0,activitywatch-v0.13.0-linux-x86_64.zip,linux,1156
2026-07-15T19:06:20.080694+00:00,v0.13.1,activitywatch-v0.13.1-linux-x86_64.zip,linux,10896
2026-07-15T19:06:20.080694+00:00,v0.13.2,activitywatch-linux-x86_64.AppImage,linux,31909
2026-07-15T19:06:20.080694+00:00,v0.13.2,activitywatch-v0.13.2-linux-x86_64.deb,linux,2957
2026-07-15T19:06:20.080694+00:00,v0.13.2,activitywatch-v0.13.2-linux-x86_64.zip,linux,90231
2026-07-15T19:06:20.080694+00:00,v0.13.2,activitywatch-v0.13.2-macos-x86_64.dmg,macos,122911
2026-07-15T19:06:20.080694+00:00,v0.13.2,activitywatch-v0.13.2-macos-x86_64.zip,macos,11031
2026-07-15T19:06:20.080694+00:00,v0.13.2,activitywatch-v0.13.2-windows-x86_64-setup.exe,windows,273715
2026-07-15T19:06:20.080694+00:00,v0.13.2,activitywatch-v0.13.2-windows-x86_64.zip,windows,26660
2026-07-15T19:06:20.080694+00:00,v0.14.0b1,activitywatch-tauri-v0.14.0b1-macos-arm64.dmg,macos,234
2026-07-15T19:06:20.080694+00:00,v0.14.0b1,activitywatch-v0.14.0b1-linux-x86_64.deb,linux,70
2026-07-15T19:06:20.080694+00:00,v0.14.0b1,activitywatch-v0.14.0b1-linux-x86_64.zip,linux,777
2026-07-15T19:06:20.080694+00:00,v0.14.0b1,activitywatch-v0.14.0b1-macos-arm64.dmg,macos,1064
2026-07-15T19:06:20.080694+00:00,v0.14.0b1,activitywatch-v0.14.0b1-macos-arm64.zip,macos,82
2026-07-15T19:06:20.080694+00:00,v0.14.0b1,activitywatch-v0.14.0b1-windows-x86_64-setup.exe,windows,2313
2026-07-16T02:23:52.252837+00:00,v0.11.0,activitywatch-v0.11.0-windows-x86_64-setup.exe,windows,38277
2026-07-16T02:23:52.252837+00:00,v0.12.0,activitywatch-v0.12.0-windows-x86_64-setup.exe,windows,7972
2026-07-16T02:23:52.252837+00:00,v0.12.2,activitywatch-v0.12.2-macos-x86_64.dmg,macos,22525
2026-07-16T02:23:52.252837+00:00,v0.12.2,activitywatch-v0.12.2-windows-x86_64-setup.exe,windows,57862
2026-07-16T02:23:52.252837+00:00,v0.12.3b18,activitywatch-v0.12.3b18-linux-x86_64.zip,linux,1698
2026-07-16T02:23:52.252837+00:00,v0.13.0,activitywatch-v0.13.0-windows-x86_64-setup.exe,windows,2984
2026-07-16T02:23:52.252837+00:00,v0.13.1,activitywatch-v0.13.1-windows-x86_64-setup.exe,windows,25687
2026-07-16T02:23:52.252837+00:00,v0.13.2,activitywatch-linux-x86_64.AppImage,linux,31938
2026-07-16T02:23:52.252837+00:00,v0.13.2,activitywatch-v0.13.2-linux-x86_64.deb,linux,2985
2026-07-16T02:23:52.252837+00:00,v0.13.2,activitywatch-v0.13.2-linux-x86_64.zip,linux,90278
2026-07-16T02:23:52.252837+00:00,v0.13.2,activitywatch-v0.13.2-macos-x86_64.dmg,macos,122997
2026-07-16T02:23:52.252837+00:00,v0.13.2,activitywatch-v0.13.2-macos-x86_64.zip,macos,11034
2026-07-16T02:23:52.252837+00:00,v0.13.2,activitywatch-v0.13.2-windows-x86_64-setup.exe,windows,273878
2026-07-16T02:23:52.252837+00:00,v0.13.2,activitywatch-v0.13.2-windows-x86_64.zip,windows,26668
2026-07-16T02:23:52.252837+00:00,v0.14.0b1,activitywatch-linux-x86_64.AppImage,linux,77
2026-07-16T02:23:52.252837+00:00,v0.14.0b1,activitywatch-tauri-v0.14.0b1-macos-arm64.dmg,macos,235
2026-07-16T02:23:52.252837+00:00,v0.14.0b1,activitywatch-v0.14.0b1-linux-x86_64.deb,linux,72
2026-07-16T02:23:52.252837+00:00,v0.14.0b1,activitywatch-v0.14.0b1-linux-x86_64.zip,linux,786
2026-07-16T02:23:52.252837+00:00,v0.14.0b1,activitywatch-v0.14.0b1-macos-arm64.dmg,macos,1070
2026-07-16T02:23:52.252837+00:00,v0.14.0b1,activitywatch-v0.14.0b1-macos-arm64.zip,macos,83
2026-07-16T02:23:52.252837+00:00,v0.14.0b1,activitywatch-v0.14.0b1-windows-x86_64-setup.exe,windows,2316
2026-07-16T08:07:58.511890+00:00,v0.12.1,activitywatch-v0.12.1-windows-x86_64-setup.exe,windows,23115
2026-07-16T08:07:58.511890+00:00,v0.12.2,activitywatch-v0.12.2-windows-x86_64-setup.exe,windows,57863
2026-07-16T08:07:58.511890+00:00,v0.13.2,activitywatch-linux-x86_64.AppImage,linux,31959
2026-07-16T08:07:58.511890+00:00,v0.13.2,activitywatch-v0.13.2-linux-x86_64.deb,linux,3012
2026-07-16T08:07:58.511890+00:00,v0.13.2,activitywatch-v0.13.2-linux-x86_64.zip,linux,90310
2026-07-16T08:07:58.511890+00:00,v0.13.2,activitywatch-v0.13.2-macos-x86_64.dmg,macos,123090
2026-07-16T08:07:58.511890+00:00,v0.13.2,activitywatch-v0.13.2-macos-x86_64.zip,macos,11038
2026-07-16T08:07:58.511890+00:00,v0.13.2,activitywatch-v0.13.2-windows-x86_64-setup.exe,windows,274035
2026-07-16T08:07:58.511890+00:00,v0.13.2,activitywatch-v0.13.2-windows-x86_64.zip,windows,26680
2026-07-16T08:07:58.511890+00:00,v0.14.0b1,activitywatch-tauri-v0.14.0b1-windows-x86_64-setup.exe,windows,69
2026-07-16T08:07:58.511890+00:00,v0.14.0b1,activitywatch-tauri-v0.14.0b1-windows-x86_64.zip,windows,45
2026-07-16T08:07:58.511890+00:00,v0.14.0b1,activitywatch-v0.14.0b1-linux-x86_64.zip,linux,790
2026-07-16T08:07:58.511890+00:00,v0.14.0b1,activitywatch-v0.14.0b1-macos-arm64.dmg,macos,1074
2026-07-16T08:07:58.511890+00:00,v0.14.0b1,activitywatch-v0.14.0b1-windows-x86_64-setup.exe,windows,2319
2026-07-16T08:07:58.511890+00:00,v0.14.0b1,activitywatch-v0.14.0b1-windows-x86_64.zip,windows,64
2026-07-16T13:44:24.420755+00:00,v0.11.0,activitywatch-v0.11.0-windows-x86_64-setup.exe,windows,38278
2026-07-16T13:44:24.420755+00:00,v0.12.0b1,activitywatch-v0.12.0b1-linux-x86_64.zip,linux,323
2026-07-16T13:44:24.420755+00:00,v0.12.2,activitywatch-v0.12.2-linux-x86_64.zip,linux,31616
2026-07-16T13:44:24.420755+00:00,v0.13.2,activitywatch-linux-x86_64.AppImage,linux,31977
2026-07-16T13:44:24.420755+00:00,v0.13.2,activitywatch-v0.13.2-linux-x86_64.deb,linux,3033
2026-07-16T13:44:24.420755+00:00,v0.13.2,activitywatch-v0.13.2-linux-x86_64.zip,linux,90351
2026-07-16T13:44:24.420755+00:00,v0.13.2,activitywatch-v0.13.2-macos-x86_64.dmg,macos,123169
2026-07-16T13:44:24.420755+00:00,v0.13.2,activitywatch-v0.13.2-macos-x86_64.zip,macos,11041
2026-07-16T13:44:24.420755+00:00,v0.13.2,activitywatch-v0.13.2-windows-x86_64-setup.exe,windows,274242
2026-07-16T13:44:24.420755+00:00,v0.13.2,activitywatch-v0.13.2-windows-x86_64.zip,windows,26692
2026-07-16T13:44:24.420755+00:00,v0.14.0b1,activitywatch-linux-x86_64.AppImage,linux,78
2026-07-16T13:44:24.420755+00:00,v0.14.0b1,activitywatch-tauri-v0.14.0b1-macos-arm64.dmg,macos,236
2026-07-16T13:44:24.420755+00:00,v0.14.0b1,activitywatch-v0.14.0b1-linux-x86_64.zip,linux,792
2026-07-16T13:44:24.420755+00:00,v0.14.0b1,activitywatch-v0.14.0b1-macos-arm64.dmg,macos,1079
2026-07-16T13:44:24.420755+00:00,v0.14.0b1,activitywatch-v0.14.0b1-windows-x86_64-setup.exe,windows,2328
2026-07-16T19:05:14.870636+00:00,v0.11.0,activitywatch-v0.11.0-windows-x86_64-setup.exe,windows,38280
2026-07-16T19:05:14.870636+00:00,v0.12.0,activitywatch-v0.12.0-windows-x86_64-setup.exe,windows,7976
2026-07-16T19:05:14.870636+00:00,v0.12.1,activitywatch-v0.12.1-windows-x86_64-setup.exe,windows,23116
2026-07-16T19:05:14.870636+00:00,v0.12.2,activitywatch-v0.12.2-windows-x86_64-setup.exe,windows,57865
2026-07-16T19:05:14.870636+00:00,v0.13.0,activitywatch-v0.13.0-windows-x86_64-setup.exe,windows,2986
2026-07-16T19:05:14.870636+00:00,v0.13.1,activitywatch-v0.13.1-windows-x86_64-setup.exe,windows,25689
2026-07-16T19:05:14.870636+00:00,v0.13.2,activitywatch-linux-x86_64.AppImage,linux,31997
2026-07-16T19:05:14.870636+00:00,v0.13.2,activitywatch-v0.13.2-linux-x86_64.deb,linux,3054
2026-07-16T19:05:14.870636+00:00,v0.13.2,activitywatch-v0.13.2-linux-x86_64.zip,linux,90392
2026-07-16T19:05:14.870636+00:00,v0.13.2,activitywatch-v0.13.2-macos-x86_64.dmg,macos,123242
2026-07-16T19:05:14.870636+00:00,v0.13.2,activitywatch-v0.13.2-macos-x86_64.zip,macos,11045
2026-07-16T19:05:14.870636+00:00,v0.13.2,activitywatch-v0.13.2-windows-x86_64-setup.exe,windows,274420
2026-07-16T19:05:14.870636+00:00,v0.13.2,activitywatch-v0.13.2-windows-x86_64.zip,windows,26700
2026-07-16T19:05:14.870636+00:00,v0.14.0b1,activitywatch-v0.14.0b1-macos-arm64.dmg,macos,1083
2026-07-16T19:05:14.870636+00:00,v0.14.0b1,activitywatch-v0.14.0b1-windows-x86_64-setup.exe,windows,2334
2026-07-16T19:05:14.870636+00:00,v0.14.0b1,activitywatch-v0.14.0b1-windows-x86_64.zip,windows,67
2026-07-17T02:26:45.772972+00:00,v0.13.2,activitywatch-linux-x86_64.AppImage,linux,32025
2026-07-17T02:26:45.772972+00:00,v0.13.2,activitywatch-v0.13.2-linux-x86_64.deb,linux,3083
2026-07-17T02:26:45.772972+00:00,v0.13.2,activitywatch-v0.13.2-linux-x86_64.zip,linux,90436
2026-07-17T02:26:45.772972+00:00,v0.13.2,activitywatch-v0.13.2-macos-x86_64.dmg,macos,123339
2026-07-17T02:26:45.772972+00:00,v0.13.2,activitywatch-v0.13.2-macos-x86_64.zip,macos,11048
2026-07-17T02:26:45.772972+00:00,v0.13.2,activitywatch-v0.13.2-windows-x86_64-setup.exe,windows,274584
2026-07-17T02:26:45.772972+00:00,v0.13.2,activitywatch-v0.13.2-windows-x86_64.zip,windows,26715
2026-07-17T02:26:45.772972+00:00,v0.14.0b1,activitywatch-tauri-v0.14.0b1-linux-aarch64.zip,linux,32
2026-07-17T02:26:45.772972+00:00,v0.14.0b1,activitywatch-tauri-v0.14.0b1-macos-arm64.dmg,macos,237
2026-07-17T02:26:45.772972+00:00,v0.14.0b1,activitywatch-v0.14.0b1-linux-x86_64.deb,linux,74
2026-07-17T02:26:45.772972+00:00,v0.14.0b1,activitywatch-v0.14.0b1-linux-x86_64.zip,linux,796
2026-07-17T02:26:45.772972+00:00,v0.14.0b1,activitywatch-v0.14.0b1-macos-arm64.dmg,macos,1084
2026-07-17T02:26:45.772972+00:00,v0.14.0b1,activitywatch-v0.14.0b1-macos-arm64.zip,macos,84
2026-07-17T02:26:45.772972+00:00,v0.14.0b1,activitywatch-v0.14.0b1-windows-x86_64-setup.exe,windows,2343
2026-07-17T02:26:45.772972+00:00,v0.14.0b1,activitywatch-v0.14.0b1-windows-x86_64.zip,windows,69
2026-07-17T02:26:45.772972+00:00,v0.8.0b7,activitywatch-v0.8.0b7-macos-x86_64.zip,macos,1154
2026-07-17T08:05:24.890232+00:00,v0.13.2,activitywatch-linux-x86_64.AppImage,linux,32039
2026-07-17T08:05:24.890232+00:00,v0.13.2,activitywatch-v0.13.2-linux-x86_64.deb,linux,3100
2026-07-17T08:05:24.890232+00:00,v0.13.2,activitywatch-v0.13.2-linux-x86_64.zip,linux,90462
2026-07-17T08:05:24.890232+00:00,v0.13.2,activitywatch-v0.13.2-macos-x86_64.dmg,macos,123412
2026-07-17T08:05:24.890232+00:00,v0.13.2,activitywatch-v0.13.2-macos-x86_64.zip,macos,11050
2026-07-17T08:05:24.890232+00:00,v0.13.2,activitywatch-v0.13.2-windows-x86_64-setup.exe,windows,274723
2026-07-17T08:05:24.890232+00:00,v0.13.2,activitywatch-v0.13.2-windows-x86_64.zip,windows,26725
2026-07-17T08:05:24.890232+00:00,v0.14.0b1,activitywatch-v0.14.0b1-linux-x86_64.zip,linux,799
2026-07-17T08:05:24.890232+00:00,v0.14.0b1,activitywatch-v0.14.0b1-macos-arm64.dmg,macos,1088
2026-07-17T08:05:24.890232+00:00,v0.14.0b1,activitywatch-v0.14.0b1-macos-arm64.zip,macos,85
2026-07-17T08:05:24.890232+00:00,v0.14.0b1,activitywatch-v0.14.0b1-windows-x86_64-setup.exe,windows,2352
2026-07-17T08:05:24.890232+00:00,v0.14.0b1,activitywatch-v0.14.0b1-windows-x86_64.zip,windows,70
2026-07-17T08:05:24.890232+00:00,v0.7.1,activitywatch-v0.7.1-windows-x86_64.zip,windows,4464
2026-07-17T08:05:24.890232+00:00,v0.8.0b7,activitywatch-v0.8.0b7-macos-x86_64.zip,macos,1155
2026-07-17T13:22:00.033026+00:00,v0.13.1,activitywatch-v0.13.1-macos-x86_64.dmg,macos,7900
2026-07-17T13:22:00.033026+00:00,v0.13.2,activitywatch-linux-x86_64.AppImage,linux,32057
2026-07-17T13:22:00.033026+00:00,v0.13.2,activitywatch-v0.13.2-linux-x86_64.deb,linux,3115
2026-07-17T13:22:00.033026+00:00,v0.13.2,activitywatch-v0.13.2-linux-x86_64.zip,linux,90499
2026-07-17T13:22:00.033026+00:00,v0.13.2,activitywatch-v0.13.2-macos-x86_64.dmg,macos,123478
2026-07-17T13:22:00.033026+00:00,v0.13.2,activitywatch-v0.13.2-macos-x86_64.zip,macos,11055
2026-07-17T13:22:00.033026+00:00,v0.13.2,activitywatch-v0.13.2-windows-x86_64-setup.exe,windows,274886
2026-07-17T13:22:00.033026+00:00,v0.13.2,activitywatch-v0.13.2-windows-x86_64.zip,windows,26736
2026-07-17T13:22:00.033026+00:00,v0.14.0b1,activitywatch-tauri-v0.14.0b1-macos-arm64.dmg,macos,239
2026-07-17T13:22:00.033026+00:00,v0.14.0b1,activitywatch-v0.14.0b1-linux-x86_64.zip,linux,801
2026-07-17T13:22:00.033026+00:00,v0.14.0b1,activitywatch-v0.14.0b1-macos-arm64.dmg,macos,1091
2026-07-17T13:22:00.033026+00:00,v0.14.0b1,activitywatch-v0.14.0b1-windows-x86_64-setup.exe,windows,2363
2026-07-17T13:22:00.033026+00:00,v0.14.0b1,activitywatch-v0.14.0b1-windows-x86_64.zip,windows,71
2026-07-17T13:22:00.033026+00:00,v0.8.0b7,activitywatch-v0.8.0b7-macos-x86_64.zip,macos,1157
2026-07-17T19:03:12.408511+00:00,v0.11.0,activitywatch-v0.11.0-windows-x86_64-setup.exe,windows,38282
2026-07-17T19:03:12.408511+00:00,v0.12.0,activitywatch-v0.12.0-windows-x86_64-setup.exe,windows,7978
2026-07-17T19:03:12.408511+00:00,v0.12.2,activitywatch-v0.12.2-windows-x86_64-setup.exe,windows,57867
2026-07-17T19:03:12.408511+00:00,v0.13.0,activitywatch-v0.13.0-windows-x86_64-setup.exe,windows,2987
2026-07-17T19:03:12.408511+00:00,v0.13.1,activitywatch-v0.13.1-windows-x86_64-setup.exe,windows,25691
2026-07-17T19:03:12.408511+00:00,v0.13.2,activitywatch-linux-x86_64.AppImage,linux,32077
2026-07-17T19:03:12.408511+00:00,v0.13.2,activitywatch-v0.13.2-linux-x86_64.deb,linux,3132
2026-07-17T19:03:12.408511+00:00,v0.13.2,activitywatch-v0.13.2-linux-x86_64.zip,linux,90535
2026-07-17T19:03:12.408511+00:00,v0.13.2,activitywatch-v0.13.2-macos-x86_64.dmg,macos,123547
2026-07-17T19:03:12.408511+00:00,v0.13.2,activitywatch-v0.13.2-macos-x86_64.zip,macos,11057
2026-07-17T19:03:12.408511+00:00,v0.13.2,activitywatch-v0.13.2-windows-x86_64-setup.exe,windows,275079
2026-07-17T19:03:12.408511+00:00,v0.13.2,activitywatch-v0.13.2-windows-x86_64.zip,windows,26744
2026-07-17T19:03:12.408511+00:00,v0.14.0b1,activitywatch-tauri-v0.14.0b1-windows-x86_64-setup.exe,windows,70
2026-07-17T19:03:12.408511+00:00,v0.14.0b1,activitywatch-v0.14.0b1-linux-x86_64.deb,linux,75
2026-07-17T19:03:12.408511+00:00,v0.14.0b1,activitywatch-v0.14.0b1-linux-x86_64.zip,linux,804
2026-07-17T19:03:12.408511+00:00,v0.14.0b1,activitywatch-v0.14.0b1-macos-arm64.dmg,macos,1095
2026-07-17T19:03:12.408511+00:00,v0.14.0b1,activitywatch-v0.14.0b1-windows-x86_64-setup.exe,windows,2374
2026-07-17T19:03:12.408511+00:00,v0.14.0b1,activitywatch-v0.14.0b1-windows-x86_64.zip,windows,73
2026-07-18T02:11:46.129849+00:00,v0.10.0,activitywatch-v0.10.0-windows-x86_64-setup.exe,windows,15291
2026-07-18T02:11:46.129849+00:00,v0.11.0,activitywatch-v0.11.0-windows-x86_64-setup.exe,windows,38283
2026-07-18T02:11:46.129849+00:00,v0.11.0b1,activitywatch-v0.11.0b1-windows-x86_64-setup.exe,windows,125
2026-07-18T02:11:46.129849+00:00,v0.12.0,activitywatch-v0.12.0-windows-x86_64-setup.exe,windows,7979
2026-07-18T02:11:46.129849+00:00,v0.12.2,activitywatch-v0.12.2-windows-x86_64-setup.exe,windows,57870
2026-07-18T02:11:46.129849+00:00,v0.13.0,activitywatch-v0.13.0-windows-x86_64-setup.exe,windows,2988
2026-07-18T02:11:46.129849+00:00,v0.13.1,activitywatch-v0.13.1-windows-x86_64-setup.exe,windows,25692
2026-07-18T02:11:46.129849+00:00,v0.13.2,activitywatch-linux-x86_64.AppImage,linux,32099
2026-07-18T02:11:46.129849+00:00,v0.13.2,activitywatch-v0.13.2-linux-x86_64.deb,linux,3152
2026-07-18T02:11:46.129849+00:00,v0.13.2,activitywatch-v0.13.2-linux-x86_64.zip,linux,90573
2026-07-18T02:11:46.129849+00:00,v0.13.2,activitywatch-v0.13.2-macos-x86_64.dmg,macos,123610
2026-07-18T02:11:46.129849+00:00,v0.13.2,activitywatch-v0.13.2-macos-x86_64.zip,macos,11063
2026-07-18T02:11:46.129849+00:00,v0.13.2,activitywatch-v0.13.2-windows-x86_64-setup.exe,windows,275204
2026-07-18T02:11:46.129849+00:00,v0.13.2,activitywatch-v0.13.2-windows-x86_64.zip,windows,26761
2026-07-18T02:11:46.129849+00:00,v0.14.0b1,activitywatch-linux-x86_64.AppImage,linux,79
2026-07-18T02:11:46.129849+00:00,v0.14.0b1,activitywatch-v0.14.0b1-linux-x86_64.deb,linux,76
2026-07-18T02:11:46.129849+00:00,v0.14.0b1,activitywatch-v0.14.0b1-linux-x86_64.zip,linux,807
2026-07-18T02:11:46.129849+00:00,v0.14.0b1,activitywatch-v0.14.0b1-macos-arm64.dmg,macos,1101
2026-07-18T02:11:46.129849+00:00,v0.14.0b1,activitywatch-v0.14.0b1-macos-arm64.zip,macos,86
2026-07-18T02:11:46.129849+00:00,v0.14.0b1,activitywatch-v0.14.0b1-windows-x86_64-setup.exe,windows,2378
2026-07-18T07:44:51.648112+00:00,v0.13.2,activitywatch-linux-x86_64.AppImage,linux,32116
2026-07-18T07:44:51.648112+00:00,v0.13.2,activitywatch-v0.13.2-linux-x86_64.deb,linux,3174
2026-07-18T07:44:51.648112+00:00,v0.13.2,activitywatch-v0.13.2-linux-x86_64.zip,linux,90598
2026-07-18T07:44:51.648112+00:00,v0.13.2,activitywatch-v0.13.2-macos-x86_64.dmg,macos,123669
2026-07-18T07:44:51.648112+00:00,v0.13.2,activitywatch-v0.13.2-macos-x86_64.zip,macos,11066
2026-07-18T07:44:51.648112+00:00,v0.13.2,activitywatch-v0.13.2-windows-x86_64-setup.exe,windows,275290
2026-07-18T07:44:51.648112+00:00,v0.13.2,activitywatch-v0.13.2-windows-x86_64.zip,windows,26772
2026-07-18T07:44:51.648112+00:00,v0.14.0b1,activitywatch-v0.14.0b1-linux-x86_64.zip,linux,808
2026-07-18T07:44:51.648112+00:00,v0.14.0b1,activitywatch-v0.14.0b1-macos-arm64.dmg,macos,1103
2026-07-18T07:44:51.648112+00:00,v0.14.0b1,activitywatch-v0.14.0b1-windows-x86_64-setup.exe,windows,2382
2026-07-18T07:44:51.648112+00:00,v0.7.1,activitywatch-v0.7.1-windows-x86_64.zip,windows,4465
2026-07-18T13:07:55.271233+00:00,v0.13.2,activitywatch-linux-x86_64.AppImage,linux,32136
2026-07-18T13:07:55.271233+00:00,v0.13.2,activitywatch-v0.13.2-linux-x86_64.deb,linux,3201
2026-07-18T13:07:55.271233+00:00,v0.13.2,activitywatch-v0.13.2-linux-x86_64.zip,linux,90642
2026-07-18T13:07:55.271233+00:00,v0.13.2,activitywatch-v0.13.2-macos-x86_64.dmg,macos,123735
2026-07-18T13:07:55.271233+00:00,v0.13.2,activitywatch-v0.13.2-macos-x86_64.zip,macos,11075
2026-07-18T13:07:55.271233+00:00,v0.13.2,activitywatch-v0.13.2-windows-x86_64-setup.exe,windows,275411
2026-07-18T13:07:55.271233+00:00,v0.13.2,activitywatch-v0.13.2-windows-x86_64.zip,windows,26785
2026-07-18T13:07:55.271233+00:00,v0.14.0b1,activitywatch-v0.14.0b1-linux-x86_64.zip,linux,810
2026-07-18T13:07:55.271233+00:00,v0.14.0b1,activitywatch-v0.14.0b1-macos-arm64.dmg,macos,1112
2026-07-18T13:07:55.271233+00:00,v0.14.0b1,activitywatch-v0.14.0b1-windows-x86_64-setup.exe,windows,2386
2026-07-18T18:59:53.566297+00:00,v0.13.1,activitywatch-v0.13.1-windows-x86_64-setup.exe,windows,25696
2026-07-18T18:59:53.566297+00:00,v0.13.2,activitywatch-linux-x86_64.AppImage,linux,32155
2026-07-18T18:59:53.566297+00:00,v0.13.2,activitywatch-v0.13.2-linux-x86_64.deb,linux,3223
2026-07-18T18:59:53.566297+00:00,v0.13.2,activitywatch-v0.13.2-linux-x86_64.zip,linux,90667
2026-07-18T18:59:53.566297+00:00,v0.13.2,activitywatch-v0.13.2-macos-x86_64.dmg,macos,123805
2026-07-18T18:59:53.566297+00:00,v0.13.2,activitywatch-v0.13.2-macos-x86_64.zip,macos,11079
2026-07-18T18:59:53.566297+00:00,v0.13.2,activitywatch-v0.13.2-windows-x86_64-setup.exe,windows,275547
2026-07-18T18:59:53.566297+00:00,v0.13.2,activitywatch-v0.13.2-windows-x86_64.zip,windows,26803
2026-07-18T18:59:53.566297+00:00,v0.14.0b1,activitywatch-tauri-v0.14.0b1-macos-arm64.dmg,macos,240
2026-07-18T18:59:53.566297+00:00,v0.14.0b1,activitywatch-v0.14.0b1-linux-x86_64.zip,linux,812
2026-07-18T18:59:53.566297+00:00,v0.14.0b1,activitywatch-v0.14.0b1-macos-arm64.dmg,macos,1114
2026-07-18T18:59:53.566297+00:00,v0.14.0b1,activitywatch-v0.14.0b1-macos-arm64.zip,macos,87
2026-07-18T18:59:53.566297+00:00,v0.14.0b1,activitywatch-v0.14.0b1-windows-x86_64-setup.exe,windows,2393
2026-07-18T18:59:53.566297+00:00,v0.14.0b1,activitywatch-v0.14.0b1-windows-x86_64.zip,windows,74
2026-07-19T02:28:50.254787+00:00,v0.11.0,activitywatch-v0.11.0-windows-x86_64-setup.exe,windows,38284
2026-07-19T02:28:50.254787+00:00,v0.12.0,activitywatch-v0.12.0-windows-x86_64-setup.exe,windows,7980
2026-07-19T02:28:50.254787+00:00,v0.12.2,activitywatch-v0.12.2-linux-x86_64.zip,linux,31617
2026-07-19T02:28:50.254787+00:00,v0.12.2,activitywatch-v0.12.2-windows-x86_64-setup.exe,windows,57871
2026-07-19T02:28:50.254787+00:00,v0.13.0,activitywatch-v0.13.0-windows-x86_64-setup.exe,windows,2989
2026-07-19T02:28:50.254787+00:00,v0.13.1,activitywatch-linux-x86_64.AppImage,linux,3768
2026-07-19T02:28:50.254787+00:00,v0.13.1,activitywatch-v0.13.1-windows-x86_64-setup.exe,windows,25697
2026-07-19T02:28:50.254787+00:00,v0.13.2,activitywatch-linux-x86_64.AppImage,linux,32186
2026-07-19T02:28:50.254787+00:00,v0.13.2,activitywatch-v0.13.2-linux-x86_64.deb,linux,3244
2026-07-19T02:28:50.254787+00:00,v0.13.2,activitywatch-v0.13.2-linux-x86_64.zip,linux,90710
2026-07-19T02:28:50.254787+00:00,v0.13.2,activitywatch-v0.13.2-macos-x86_64.dmg,macos,123903
2026-07-19T02:28:50.254787+00:00,v0.13.2,activitywatch-v0.13.2-macos-x86_64.zip,macos,11084
2026-07-19T02:28:50.254787+00:00,v0.13.2,activitywatch-v0.13.2-windows-x86_64-setup.exe,windows,275670
2026-07-19T02:28:50.254787+00:00,v0.13.2,activitywatch-v0.13.2-windows-x86_64.zip,windows,26812
2026-07-19T02:28:50.254787+00:00,v0.14.0b1,activitywatch-linux-x86_64.AppImage,linux,80
2026-07-19T02:28:50.254787+00:00,v0.14.0b1,activitywatch-v0.14.0b1-macos-arm64.dmg,macos,1117
2026-07-19T02:28:50.254787+00:00,v0.14.0b1,activitywatch-v0.14.0b1-macos-arm64.zip,macos,88
2026-07-19T02:28:50.254787+00:00,v0.14.0b1,activitywatch-v0.14.0b1-windows-x86_64-setup.exe,windows,2397
2026-07-19T08:11:48.176140+00:00,v0.13.2,activitywatch-linux-x86_64.AppImage,linux,32208
2026-07-19T08:11:48.176140+00:00,v0.13.2,activitywatch-v0.13.2-linux-x86_64.deb,linux,3265
2026-07-19T08:11:48.176140+00:00,v0.13.2,activitywatch-v0.13.2-linux-x86_64.zip,linux,90738
2026-07-19T08:11:48.176140+00:00,v0.13.2,activitywatch-v0.13.2-macos-x86_64.dmg,macos,123962
2026-07-19T08:11:48.176140+00:00,v0.13.2,activitywatch-v0.13.2-macos-x86_64.zip,macos,11087
2026-07-19T08:11:48.176140+00:00,v0.13.2,activitywatch-v0.13.2-windows-x86_64-setup.exe,windows,275772
2026-07-19T08:11:48.176140+00:00,v0.13.2,activitywatch-v0.13.2-windows-x86_64.zip,windows,26821
2026-07-19T08:11:48.176140+00:00,v0.14.0b1,activitywatch-tauri-v0.14.0b1-linux-x86_64.zip,linux,35
2026-07-19T08:11:48.176140+00:00,v0.14.0b1,activitywatch-v0.14.0b1-linux-x86_64.zip,linux,814
2026-07-19T08:11:48.176140+00:00,v0.14.0b1,activitywatch-v0.14.0b1-macos-arm64.dmg,macos,1118
2026-07-19T08:11:48.176140+00:00,v0.14.0b1,activitywatch-v0.14.0b1-windows-x86_64-setup.exe,windows,2404
2026-07-19T13:12:16.627722+00:00,v0.11.0,activitywatch-v0.11.0-windows-x86_64-setup.exe,windows,38286
2026-07-19T13:12:16.627722+00:00,v0.12.0,activitywatch-v0.12.0-windows-x86_64-setup.exe,windows,7981
2026-07-19T13:12:16.627722+00:00,v0.12.2,activitywatch-v0.12.2-windows-x86_64-setup.exe,windows,57872
2026-07-19T13:12:16.627722+00:00,v0.13.0,activitywatch-v0.13.0-windows-x86_64-setup.exe,windows,2990
2026-07-19T13:12:16.627722+00:00,v0.13.1,activitywatch-v0.13.1-windows-x86_64-setup.exe,windows,25698
2026-07-19T13:12:16.627722+00:00,v0.13.2,activitywatch-linux-x86_64.AppImage,linux,32228
2026-07-19T13:12:16.627722+00:00,v0.13.2,activitywatch-v0.13.2-linux-x86_64.deb,linux,3282
2026-07-19T13:12:16.627722+00:00,v0.13.2,activitywatch-v0.13.2-linux-x86_64.zip,linux,90767
2026-07-19T13:12:16.627722+00:00,v0.13.2,activitywatch-v0.13.2-macos-x86_64.dmg,macos,124027
2026-07-19T13:12:16.627722+00:00,v0.13.2,activitywatch-v0.13.2-macos-x86_64.zip,macos,11091
2026-07-19T13:12:16.627722+00:00,v0.13.2,activitywatch-v0.13.2-windows-x86_64-setup.exe,windows,275911
2026-07-19T13:12:16.627722+00:00,v0.13.2,activitywatch-v0.13.2-windows-x86_64.zip,windows,26832
2026-07-19T13:12:16.627722+00:00,v0.14.0b1,activitywatch-v0.14.0b1-macos-arm64.dmg,macos,1122
2026-07-19T13:12:16.627722+00:00,v0.14.0b1,activitywatch-v0.14.0b1-macos-arm64.zip,macos,89
2026-07-19T13:12:16.627722+00:00,v0.14.0b1,activitywatch-v0.14.0b1-windows-x86_64-setup.exe,windows,2405
2026-07-19T13:12:16.627722+00:00,v0.14.0b1,activitywatch-v0.14.0b1-windows-x86_64.zip,windows,75
2026-07-19T19:01:50.853780+00:00,v0.12.0,activitywatch-v0.12.0-windows-x86_64-setup.exe,windows,7982
2026-07-19T19:01:50.853780+00:00,v0.12.2,activitywatch-v0.12.2-windows-x86_64-setup.exe,windows,57873
2026-07-19T19:01:50.853780+00:00,v0.13.1,activitywatch-v0.13.1-windows-x86_64-setup.exe,windows,25699
2026-07-19T19:01:50.853780+00:00,v0.13.2,activitywatch-linux-x86_64.AppImage,linux,32242
2026-07-19T19:01:50.853780+00:00,v0.13.2,activitywatch-v0.13.2-linux-x86_64.deb,linux,3307
2026-07-19T19:01:50.853780+00:00,v0.13.2,activitywatch-v0.13.2-linux-x86_64.zip,linux,90797
2026-07-19T19:01:50.853780+00:00,v0.13.2,activitywatch-v0.13.2-macos-x86_64.dmg,macos,124090
2026-07-19T19:01:50.853780+00:00,v0.13.2,activitywatch-v0.13.2-macos-x86_64.zip,macos,11094
2026-07-19T19:01:50.853780+00:00,v0.13.2,activitywatch-v0.13.2-windows-x86_64-setup.exe,windows,276065
2026-07-19T19:01:50.853780+00:00,v0.13.2,activitywatch-v0.13.2-windows-x86_64.zip,windows,26843
2026-07-19T19:01:50.853780+00:00,v0.14.0b1,activitywatch-tauri-v0.14.0b1-macos-arm64.dmg,macos,242
2026-07-19T19:01:50.853780+00:00,v0.14.0b1,activitywatch-v0.14.0b1-linux-x86_64.deb,linux,78
2026-07-19T19:01:50.853780+00:00,v0.14.0b1,activitywatch-v0.14.0b1-linux-x86_64.zip,linux,815
2026-07-19T19:01:50.853780+00:00,v0.14.0b1,activitywatch-v0.14.0b1-macos-arm64.dmg,macos,1126
2026-07-19T19:01:50.853780+00:00,v0.14.0b1,activitywatch-v0.14.0b1-macos-arm64.zip,macos,90
2026-07-19T19:01:50.853780+00:00,v0.14.0b1,activitywatch-v0.14.0b1-windows-x86_64-setup.exe,windows,2418
2026-07-20T03:09:34.830775+00:00,v0.11.0,activitywatch-v0.11.0-windows-x86_64-setup.exe,windows,38289
2026-07-20T03:09:34.830775+00:00,v0.12.0,activitywatch-v0.12.0-windows-x86_64-setup.exe,windows,7983
2026-07-20T03:09:34.830775+00:00,v0.12.2,activitywatch-v0.12.2-windows-x86_64-setup.exe,windows,57874
2026-07-20T03:09:34.830775+00:00,v0.13.0,activitywatch-v0.13.0-windows-x86_64-setup.exe,windows,2991
2026-07-20T03:09:34.830775+00:00,v0.13.1,activitywatch-v0.13.1-linux-x86_64.zip,linux,10897
2026-07-20T03:09:34.830775+00:00,v0.13.1,activitywatch-v0.13.1-windows-x86_64-setup.exe,windows,25700
2026-07-20T03:09:34.830775+00:00,v0.13.2,activitywatch-linux-x86_64.AppImage,linux,32267
2026-07-20T03:09:34.830775+00:00,v0.13.2,activitywatch-v0.13.2-linux-x86_64.deb,linux,3340
2026-07-20T03:09:34.830775+00:00,v0.13.2,activitywatch-v0.13.2-linux-x86_64.zip,linux,90833
2026-07-20T03:09:34.830775+00:00,v0.13.2,activitywatch-v0.13.2-macos-x86_64.dmg,macos,124174
2026-07-20T03:09:34.830775+00:00,v0.13.2,activitywatch-v0.13.2-macos-x86_64.zip,macos,11098
2026-07-20T03:09:34.830775+00:00,v0.13.2,activitywatch-v0.13.2-windows-x86_64-setup.exe,windows,276175
2026-07-20T03:09:34.830775+00:00,v0.13.2,activitywatch-v0.13.2-windows-x86_64.zip,windows,26870
2026-07-20T03:09:34.830775+00:00,v0.14.0b1,activitywatch-linux-x86_64.AppImage,linux,81
2026-07-20T03:09:34.830775+00:00,v0.14.0b1,activitywatch-tauri-v0.14.0b1-macos-arm64.dmg,macos,246
2026-07-20T03:09:34.830775+00:00,v0.14.0b1,activitywatch-v0.14.0b1-linux-x86_64.deb,linux,79
2026-07-20T03:09:34.830775+00:00,v0.14.0b1,activitywatch-v0.14.0b1-linux-x86_64.zip,linux,820
2026-07-20T03:09:34.830775+00:00,v0.14.0b1,activitywatch-v0.14.0b1-macos-arm64.dmg,macos,1128
2026-07-20T03:09:34.830775+00:00,v0.14.0b1,activitywatch-v0.14.0b1-windows-x86_64-setup.exe,windows,2427
2026-07-20T08:53:00.664231+00:00,v0.11.0,activitywatch-v0.11.0-windows-x86_64-setup.exe,windows,38290
2026-07-20T08:53:00.664231+00:00,v0.12.3b10,activitywatch-linux-x86_64.AppImage,linux,105
2026-07-20T08:53:00.664231+00:00,v0.12.3b18,activitywatch-v0.12.3b18-linux-x86_64.zip,linux,1700
2026-07-20T08:53:00.664231+00:00,v0.13.0,activitywatch-v0.13.0-windows-x86_64-setup.exe,windows,2992
2026-07-20T08:53:00.664231+00:00,v0.13.1,activitywatch-v0.13.1-windows-x86_64-setup.exe,windows,25701
2026-07-20T08:53:00.664231+00:00,v0.13.2,activitywatch-linux-x86_64.AppImage,linux,32290
2026-07-20T08:53:00.664231+00:00,v0.13.2,activitywatch-v0.13.2-linux-x86_64.deb,linux,3360
2026-07-20T08:53:00.664231+00:00,v0.13.2,activitywatch-v0.13.2-linux-x86_64.zip,linux,90875
2026-07-20T08:53:00.664231+00:00,v0.13.2,activitywatch-v0.13.2-macos-x86_64.dmg,macos,124271
2026-07-20T08:53:00.664231+00:00,v0.13.2,activitywatch-v0.13.2-macos-x86_64.zip,macos,11104
2026-07-20T08:53:00.664231+00:00,v0.13.2,activitywatch-v0.13.2-windows-x86_64-setup.exe,windows,276324
2026-07-20T08:53:00.664231+00:00,v0.13.2,activitywatch-v0.13.2-windows-x86_64.zip,windows,26886
2026-07-20T08:53:00.664231+00:00,v0.14.0b1,activitywatch-tauri-v0.14.0b1-macos-arm64.dmg,macos,249
2026-07-20T08:53:00.664231+00:00,v0.14.0b1,activitywatch-v0.14.0b1-linux-x86_64.zip,linux,826
2026-07-20T08:53:00.664231+00:00,v0.14.0b1,activitywatch-v0.14.0b1-macos-arm64.dmg,macos,1135
2026-07-20T08:53:00.664231+00:00,v0.14.0b1,activitywatch-v0.14.0b1-macos-arm64.zip,macos,91
2026-07-20T08:53:00.664231+00:00,v0.14.0b1,activitywatch-v0.14.0b1-windows-x86_64-setup.exe,windows,2436
2026-07-20T08:53:00.664231+00:00,v0.14.0b1,activitywatch-v0.14.0b1-windows-x86_64.zip,windows,76
2026-07-20T13:59:59.383571+00:00,v0.11.0,activitywatch-v0.11.0-windows-x86_64-setup.exe,windows,38291
2026-07-20T13:59:59.383571+00:00,v0.12.0,activitywatch-v0.12.0-windows-x86_64-setup.exe,windows,7985
2026-07-20T13:59:59.383571+00:00,v0.12.2,activitywatch-v0.12.2-macos-x86_64.dmg,macos,22526
2026-07-20T13:59:59.383571+00:00,v0.12.2,activitywatch-v0.12.2-windows-x86_64-setup.exe,windows,57875
2026-07-20T13:59:59.383571+00:00,v0.13.0,activitywatch-v0.13.0-windows-x86_64-setup.exe,windows,2993
2026-07-20T13:59:59.383571+00:00,v0.13.1,activitywatch-v0.13.1-windows-x86_64-setup.exe,windows,25702
2026-07-20T13:59:59.383571+00:00,v0.13.2,activitywatch-linux-x86_64.AppImage,linux,32310
2026-07-20T13:59:59.383571+00:00,v0.13.2,activitywatch-v0.13.2-linux-x86_64.deb,linux,3387
2026-07-20T13:59:59.383571+00:00,v0.13.2,activitywatch-v0.13.2-linux-x86_64.zip,linux,90926
2026-07-20T13:59:59.383571+00:00,v0.13.2,activitywatch-v0.13.2-macos-x86_64.dmg,macos,124353
2026-07-20T13:59:59.383571+00:00,v0.13.2,activitywatch-v0.13.2-macos-x86_64.zip,macos,11117
2026-07-20T13:59:59.383571+00:00,v0.13.2,activitywatch-v0.13.2-windows-x86_64-setup.exe,windows,276499
2026-07-20T13:59:59.383571+00:00,v0.13.2,activitywatch-v0.13.2-windows-x86_64.zip,windows,26904
2026-07-20T13:59:59.383571+00:00,v0.14.0b1,activitywatch-linux-x86_64.AppImage,linux,83
2026-07-20T13:59:59.383571+00:00,v0.14.0b1,activitywatch-tauri-v0.14.0b1-macos-arm64.dmg,macos,251
2026-07-20T13:59:59.383571+00:00,v0.14.0b1,activitywatch-v0.14.0b1-linux-x86_64.zip,linux,831
2026-07-20T13:59:59.383571+00:00,v0.14.0b1,activitywatch-v0.14.0b1-macos-arm64.dmg,macos,1137
2026-07-20T13:59:59.383571+00:00,v0.14.0b1,activitywatch-v0.14.0b1-windows-x86_64-setup.exe,windows,2450
2026-07-20T13:59:59.383571+00:00,v0.14.0b1,activitywatch-v0.14.0b1-windows-x86_64.zip,windows,78
2026-07-20T19:40:11.319496+00:00,v0.12.2,activitywatch-v0.12.2-linux-x86_64.zip,linux,31618
2026-07-20T19:40:11.319496+00:00,v0.13.2,activitywatch-linux-x86_64.AppImage,linux,32331
2026-07-20T19:40:11.319496+00:00,v0.13.2,activitywatch-v0.13.2-linux-x86_64.deb,linux,3406
2026-07-20T19:40:11.319496+00:00,v0.13.2,activitywatch-v0.13.2-linux-x86_64.zip,linux,90974
2026-07-20T19:40:11.319496+00:00,v0.13.2,activitywatch-v0.13.2-macos-x86_64.dmg,macos,124424
2026-07-20T19:40:11.319496+00:00,v0.13.2,activitywatch-v0.13.2-macos-x86_64.zip,macos,11122
2026-07-20T19:40:11.319496+00:00,v0.13.2,activitywatch-v0.13.2-windows-x86_64-setup.exe,windows,276674
2026-07-20T19:40:11.319496+00:00,v0.13.2,activitywatch-v0.13.2-windows-x86_64.zip,windows,26916
2026-07-20T19:40:11.319496+00:00,v0.14.0b1,activitywatch-linux-x86_64.AppImage,linux,84
2026-07-20T19:40:11.319496+00:00,v0.14.0b1,activitywatch-tauri-v0.14.0b1-windows-x86_64-setup.exe,windows,71
2026-07-20T19:40:11.319496+00:00,v0.14.0b1,activitywatch-tauri-v0.14.0b1-windows-x86_64.zip,windows,46
2026-07-20T19:40:11.319496+00:00,v0.14.0b1,activitywatch-v0.14.0b1-linux-x86_64.zip,linux,832
2026-07-20T19:40:11.319496+00:00,v0.14.0b1,activitywatch-v0.14.0b1-macos-arm64.dmg,macos,1144
2026-07-20T19:40:11.319496+00:00,v0.14.0b1,activitywatch-v0.14.0b1-windows-x86_64-setup.exe,windows,2463
2026-07-20T19:40:11.319496+00:00,v0.14.0b1,activitywatch-v0.14.0b1-windows-x86_64.zip,windows,80
2026-07-21T02:27:29.342014+00:00,v0.12.3b18,activitywatch-v0.12.3b18-linux-x86_64.zip,linux,1706
2026-07-21T02:27:29.342014+00:00,v0.13.2,activitywatch-linux-x86_64.AppImage,linux,32357
2026-07-21T02:27:29.342014+00:00,v0.13.2,activitywatch-v0.13.2-linux-x86_64.deb,linux,3437
2026-07-21T02:27:29.342014+00:00,v0.13.2,activitywatch-v0.13.2-linux-x86_64.zip,linux,91005
2026-07-21T02:27:29.342014+00:00,v0.13.2,activitywatch-v0.13.2-macos-x86_64.dmg,macos,124507
2026-07-21T02:27:29.342014+00:00,v0.13.2,activitywatch-v0.13.2-macos-x86_64.zip,macos,11125
2026-07-21T02:27:29.342014+00:00,v0.13.2,activitywatch-v0.13.2-windows-x86_64-setup.exe,windows,276786
2026-07-21T02:27:29.342014+00:00,v0.13.2,activitywatch-v0.13.2-windows-x86_64.zip,windows,26926
2026-07-21T02:27:29.342014+00:00,v0.14.0b1,activitywatch-tauri-v0.14.0b1-macos-arm64.dmg,macos,252
2026-07-21T02:27:29.342014+00:00,v0.14.0b1,activitywatch-v0.14.0b1-linux-x86_64.zip,linux,833
2026-07-21T02:27:29.342014+00:00,v0.14.0b1,activitywatch-v0.14.0b1-macos-arm64.dmg,macos,1151
2026-07-21T02:27:29.342014+00:00,v0.14.0b1,activitywatch-v0.14.0b1-macos-arm64.zip,macos,92
2026-07-21T02:27:29.342014+00:00,v0.14.0b1,activitywatch-v0.14.0b1-windows-x86_64-setup.exe,windows,2467
2026-07-21T02:27:29.342014+00:00,v0.14.0b1,activitywatch-v0.14.0b1-windows-x86_64.zip,windows,81
2026-07-21T08:23:25.177631+00:00,v0.13.2,activitywatch-linux-x86_64.AppImage,linux,32376
2026-07-21T08:23:25.177631+00:00,v0.13.2,activitywatch-v0.13.2-linux-x86_64.deb,linux,3459
2026-07-21T08:23:25.177631+00:00,v0.13.2,activitywatch-v0.13.2-linux-x86_64.zip,linux,91043
2026-07-21T08:23:25.177631+00:00,v0.13.2,activitywatch-v0.13.2-macos-x86_64.dmg,macos,124580
2026-07-21T08:23:25.177631+00:00,v0.13.2,activitywatch-v0.13.2-macos-x86_64.zip,macos,11128
2026-07-21T08:23:25.177631+00:00,v0.13.2,activitywatch-v0.13.2-windows-x86_64-setup.exe,windows,276931
2026-07-21T08:23:25.177631+00:00,v0.13.2,activitywatch-v0.13.2-windows-x86_64.zip,windows,26941
2026-07-21T08:23:25.177631+00:00,v0.14.0b1,activitywatch-linux-x86_64.AppImage,linux,85
2026-07-21T08:23:25.177631+00:00,v0.14.0b1,activitywatch-tauri-v0.14.0b1-macos-arm64.dmg,macos,256
2026-07-21T08:23:25.177631+00:00,v0.14.0b1,activitywatch-tauri-v0.14.0b1-windows-x86_64-setup.exe,windows,72
2026-07-21T08:23:25.177631+00:00,v0.14.0b1,activitywatch-tauri-v0.14.0b1-windows-x86_64.zip,windows,47
2026-07-21T08:23:25.177631+00:00,v0.14.0b1,activitywatch-v0.14.0b1-linux-x86_64.zip,linux,834
2026-07-21T08:23:25.177631+00:00,v0.14.0b1,activitywatch-v0.14.0b1-macos-arm64.dmg,macos,1166
2026-07-21T08:23:25.177631+00:00,v0.14.0b1,activitywatch-v0.14.0b1-windows-x86_64-setup.exe,windows,2475
2026-07-21T08:23:25.177631+00:00,v0.7.0b4,activitywatch-v0.7.0b4-windows-x86_64.zip,windows,143
2026-07-21T08:23:25.177631+00:00,v0.7.1,activitywatch-v0.7.1-windows-x86_64.zip,windows,4466
2026-07-21T13:42:55.601432+00:00,v0.12.2,activitywatch-v0.12.2-linux-x86_64.zip,linux,31619
2026-07-21T13:42:55.601432+00:00,v0.13.2,activitywatch-linux-x86_64.AppImage,linux,32401
2026-07-21T13:42:55.601432+00:00,v0.13.2,activitywatch-v0.13.2-linux-x86_64.deb,linux,3485
2026-07-21T13:42:55.601432+00:00,v0.13.2,activitywatch-v0.13.2-linux-x86_64.zip,linux,91084
2026-07-21T13:42:55.601432+00:00,v0.13.2,activitywatch-v0.13.2-macos-x86_64.dmg,macos,124667
2026-07-21T13:42:55.601432+00:00,v0.13.2,activitywatch-v0.13.2-macos-x86_64.zip,macos,11132
2026-07-21T13:42:55.601432+00:00,v0.13.2,activitywatch-v0.13.2-windows-x86_64-setup.exe,windows,277077
2026-07-21T13:42:55.601432+00:00,v0.13.2,activitywatch-v0.13.2-windows-x86_64.zip,windows,26948
2026-07-21T13:42:55.601432+00:00,v0.14.0b1,activitywatch-v0.14.0b1-linux-x86_64.deb,linux,80
2026-07-21T13:42:55.601432+00:00,v0.14.0b1,activitywatch-v0.14.0b1-macos-arm64.dmg,macos,1174
2026-07-21T13:42:55.601432+00:00,v0.14.0b1,activitywatch-v0.14.0b1-windows-x86_64-setup.exe,windows,2496
2026-07-21T19:17:04.372148+00:00,v0.13.2,activitywatch-linux-x86_64.AppImage,linux,32421
2026-07-21T19:17:04.372148+00:00,v0.13.2,activitywatch-v0.13.2-linux-x86_64.deb,linux,3507
2026-07-21T19:17:04.372148+00:00,v0.13.2,activitywatch-v0.13.2-linux-x86_64.zip,linux,91113
2026-07-21T19:17:04.372148+00:00,v0.13.2,activitywatch-v0.13.2-macos-x86_64.dmg,macos,124749
2026-07-21T19:17:04.372148+00:00,v0.13.2,activitywatch-v0.13.2-macos-x86_64.zip,macos,11142
2026-07-21T19:17:04.372148+00:00,v0.13.2,activitywatch-v0.13.2-windows-x86_64-setup.exe,windows,277257
2026-07-21T19:17:04.372148+00:00,v0.13.2,activitywatch-v0.13.2-windows-x86_64.zip,windows,26966
2026-07-21T19:17:04.372148+00:00,v0.14.0b1,activitywatch-v0.14.0b1-linux-x86_64.zip,linux,838
2026-07-21T19:17:04.372148+00:00,v0.14.0b1,activitywatch-v0.14.0b1-macos-arm64.dmg,macos,1180
2026-07-21T19:17:04.372148+00:00,v0.14.0b1,activitywatch-v0.14.0b1-macos-arm64.zip,macos,93
2026-07-21T19:17:04.372148+00:00,v0.14.0b1,activitywatch-v0.14.0b1-windows-x86_64-setup.exe,windows,2508
2026-07-21T19:17:04.372148+00:00,v0.14.0b1,activitywatch-v0.14.0b1-windows-x86_64.zip,windows,82
2026-07-22T02:26:04.450643+00:00,v0.11.0,activitywatch-v0.11.0-windows-x86_64-setup.exe,windows,38294
2026-07-22T02:26:04.450643+00:00,v0.12.0,activitywatch-v0.12.0-windows-x86_64-setup.exe,windows,7987
2026-07-22T02:26:04.450643+00:00,v0.12.2,activitywatch-v0.12.2-windows-x86_64-setup.exe,windows,57878
2026-07-22T02:26:04.450643+00:00,v0.12.3b18,activitywatch-v0.12.3b18-linux-x86_64.zip,linux,1715
2026-07-22T02:26:04.450643+00:00,v0.12.3b7,activitywatch-linux-x86_64.AppImage,linux,33
2026-07-22T02:26:04.450643+00:00,v0.13.0,activitywatch-v0.13.0-windows-x86_64-setup.exe,windows,2995
2026-07-22T02:26:04.450643+00:00,v0.13.1,activitywatch-v0.13.1-windows-x86_64-setup.exe,windows,25705
2026-07-22T02:26:04.450643+00:00,v0.13.2,activitywatch-linux-x86_64.AppImage,linux,32435
2026-07-22T02:26:04.450643+00:00,v0.13.2,activitywatch-v0.13.2-linux-x86_64.deb,linux,3528
2026-07-22T02:26:04.450643+00:00,v0.13.2,activitywatch-v0.13.2-linux-x86_64.zip,linux,91148
2026-07-22T02:26:04.450643+00:00,v0.13.2,activitywatch-v0.13.2-macos-x86_64.dmg,macos,124830
2026-07-22T02:26:04.450643+00:00,v0.13.2,activitywatch-v0.13.2-macos-x86_64.zip,macos,11145
2026-07-22T02:26:04.450643+00:00,v0.13.2,activitywatch-v0.13.2-windows-x86_64-setup.exe,windows,277445
2026-07-22T02:26:04.450643+00:00,v0.13.2,activitywatch-v0.13.2-windows-x86_64.zip,windows,26973
2026-07-22T02:26:04.450643+00:00,v0.14.0b1,activitywatch-v0.14.0b1-macos-arm64.dmg,macos,1183
2026-07-22T02:26:04.450643+00:00,v0.14.0b1,activitywatch-v0.14.0b1-windows-x86_64-setup.exe,windows,2512
2026-07-22T02:26:04.450643+00:00,v0.8.0b7,activitywatch-v0.8.0b7-macos-x86_64.zip,macos,1199
2026-07-22T08:24:00.022869+00:00,v0.10.0,activitywatch-v0.10.0-macos-x86_64.dmg,macos,5933
2026-07-22T08:24:00.022869+00:00,v0.12.0,activitywatch-v0.12.0-windows-x86_64-setup.exe,windows,7990
2026-07-22T08:24:00.022869+00:00,v0.12.3b18,activitywatch-v0.12.3b18-linux-x86_64.zip,linux,1740
2026-07-22T08:24:00.022869+00:00,v0.13.1,activitywatch-v0.13.1-macos-x86_64.dmg,macos,7901
2026-07-22T08:24:00.022869+00:00,v0.13.2,activitywatch-linux-x86_64.AppImage,linux,32459
2026-07-22T08:24:00.022869+00:00,v0.13.2,activitywatch-v0.13.2-linux-x86_64.deb,linux,3549
2026-07-22T08:24:00.022869+00:00,v0.13.2,activitywatch-v0.13.2-linux-x86_64.zip,linux,91190
2026-07-22T08:24:00.022869+00:00,v0.13.2,activitywatch-v0.13.2-macos-x86_64.dmg,macos,124912
2026-07-22T08:24:00.022869+00:00,v0.13.2,activitywatch-v0.13.2-macos-x86_64.zip,macos,11150
2026-07-22T08:24:00.022869+00:00,v0.13.2,activitywatch-v0.13.2-windows-x86_64-setup.exe,windows,277597
2026-07-22T08:24:00.022869+00:00,v0.13.2,activitywatch-v0.13.2-windows-x86_64.zip,windows,26985
2026-07-22T08:24:00.022869+00:00,v0.14.0b1,activitywatch-tauri-v0.14.0b1-macos-arm64.dmg,macos,259
2026-07-22T08:24:00.022869+00:00,v0.14.0b1,activitywatch-v0.14.0b1-linux-x86_64.zip,linux,841
2026-07-22T08:24:00.022869+00:00,v0.14.0b1,activitywatch-v0.14.0b1-macos-arm64.dmg,macos,1188
2026-07-22T08:24:00.022869+00:00,v0.14.0b1,activitywatch-v0.14.0b1-macos-arm64.zip,macos,94
2026-07-22T08:24:00.022869+00:00,v0.14.0b1,activitywatch-v0.14.0b1-windows-x86_64-setup.exe,windows,2517
2026-07-22T08:24:00.022869+00:00,v0.8.0b7,activitywatch-v0.8.0b7-macos-x86_64.zip,macos,1217
2026-07-22T13:45:58.140165+00:00,v0.12.2,activitywatch-v0.12.2-linux-x86_64.zip,linux,31620
2026-07-22T13:45:58.140165+00:00,v0.12.3b18,activitywatch-v0.12.3b18-linux-x86_64.zip,linux,1742
2026-07-22T13:45:58.140165+00:00,v0.13.2,activitywatch-linux-x86_64.AppImage,linux,32481
2026-07-22T13:45:58.140165+00:00,v0.13.2,activitywatch-v0.13.2-linux-x86_64.deb,linux,3570
2026-07-22T13:45:58.140165+00:00,v0.13.2,activitywatch-v0.13.2-linux-x86_64.zip,linux,91225
2026-07-22T13:45:58.140165+00:00,v0.13.2,activitywatch-v0.13.2-macos-x86_64.dmg,macos,124982
2026-07-22T13:45:58.140165+00:00,v0.13.2,activitywatch-v0.13.2-macos-x86_64.zip,macos,11157
2026-07-22T13:45:58.140165+00:00,v0.13.2,activitywatch-v0.13.2-windows-x86_64-setup.exe,windows,277771
2026-07-22T13:45:58.140165+00:00,v0.13.2,activitywatch-v0.13.2-windows-x86_64.zip,windows,27001
2026-07-22T13:45:58.140165+00:00,v0.14.0b1,activitywatch-linux-x86_64.AppImage,linux,86
2026-07-22T13:45:58.140165+00:00,v0.14.0b1,activitywatch-tauri-v0.14.0b1-windows-x86_64.zip,windows,48
2026-07-22T13:45:58.140165+00:00,v0.14.0b1,activitywatch-v0.14.0b1-linux-x86_64.deb,linux,81
2026-07-22T13:45:58.140165+00:00,v0.14.0b1,activitywatch-v0.14.0b1-macos-arm64.dmg,macos,1198
2026-07-22T13:45:58.140165+00:00,v0.14.0b1,activitywatch-v0.14.0b1-macos-arm64.zip,macos,95
2026-07-22T13:45:58.140165+00:00,v0.14.0b1,activitywatch-v0.14.0b1-windows-x86_64-setup.exe,windows,2526
2026-07-22T13:45:58.140165+00:00,v0.14.0b1,activitywatch-v0.14.0b1-windows-x86_64.zip,windows,83
2026-07-22T13:45:58.140165+00:00,v0.8.0b7,activitywatch-v0.8.0b7-macos-x86_64.zip,macos,1220
2026-07-22T19:12:31.501553+00:00,v0.12.0b2,activitywatch-v0.12.0b2-linux-x86_64.zip,linux,811
2026-07-22T19:12:31.501553+00:00,v0.12.3b18,activitywatch-v0.12.3b18-linux-x86_64.zip,linux,1758
2026-07-22T19:12:31.501553+00:00,v0.13.2,activitywatch-linux-x86_64.AppImage,linux,32502
2026-07-22T19:12:31.501553+00:00,v0.13.2,activitywatch-v0.13.2-linux-x86_64.deb,linux,3588
2026-07-22T19:12:31.501553+00:00,v0.13.2,activitywatch-v0.13.2-linux-x86_64.zip,linux,91260
2026-07-22T19:12:31.501553+00:00,v0.13.2,activitywatch-v0.13.2-macos-x86_64.dmg,macos,125059
2026-07-22T19:12:31.501553+00:00,v0.13.2,activitywatch-v0.13.2-macos-x86_64.zip,macos,11162
2026-07-22T19:12:31.501553+00:00,v0.13.2,activitywatch-v0.13.2-windows-x86_64-setup.exe,windows,277980
2026-07-22T19:12:31.501553+00:00,v0.13.2,activitywatch-v0.13.2-windows-x86_64.zip,windows,27012
2026-07-22T19:12:31.501553+00:00,v0.14.0b1,activitywatch-v0.14.0b1-windows-x86_64-setup.exe,windows,2531
2026-07-22T19:12:31.501553+00:00,v0.14.0b2,activitywatch-linux-x86_64.AppImage,linux,0
2026-07-22T19:12:31.501553+00:00,v0.14.0b2,activitywatch-tauri-v0.14.0b2-linux-aarch64.AppImage,linux,0
2026-07-22T19:12:31.501553+00:00,v0.14.0b2,activitywatch-tauri-v0.14.0b2-linux-aarch64.deb,linux,0
2026-07-22T19:12:31.501553+00:00,v0.14.0b2,activitywatch-tauri-v0.14.0b2-linux-aarch64.rpm,linux,0
2026-07-22T19:12:31.501553+00:00,v0.14.0b2,activitywatch-tauri-v0.14.0b2-linux-aarch64.zip,linux,0
2026-07-22T19:12:31.501553+00:00,v0.14.0b2,activitywatch-tauri-v0.14.0b2-linux-x86_64.AppImage,linux,0
2026-07-22T19:12:31.501553+00:00,v0.14.0b2,activitywatch-tauri-v0.14.0b2-linux-x86_64.deb,linux,0
2026-07-22T19:12:31.501553+00:00,v0.14.0b2,activitywatch-tauri-v0.14.0b2-linux-x86_64.rpm,linux,0
2026-07-22T19:12:31.501553+00:00,v0.14.0b2,activitywatch-tauri-v0.14.0b2-linux-x86_64.zip,linux,0
2026-07-22T19:12:31.501553+00:00,v0.14.0b2,activitywatch-tauri-v0.14.0b2-macos-arm64.dmg,macos,5
2026-07-22T19:12:31.501553+00:00,v0.14.0b2,activitywatch-tauri-v0.14.0b2-macos-arm64.zip,macos,0
2026-07-22T19:12:31.501553+00:00,v0.14.0b2,activitywatch-tauri-v0.14.0b2-macos-x86_64.dmg,macos,0
2026-07-22T19:12:31.501553+00:00,v0.14.0b2,activitywatch-tauri-v0.14.0b2-macos-x86_64.zip,macos,0
2026-07-22T19:12:31.501553+00:00,v0.14.0b2,activitywatch-tauri-v0.14.0b2-windows-x86_64-setup.exe,windows,0
2026-07-22T19:12:31.501553+00:00,v0.14.0b2,activitywatch-tauri-v0.14.0b2-windows-x86_64.zip,windows,0
2026-07-22T19:12:31.501553+00:00,v0.14.0b2,activitywatch-v0.14.0b2-linux-x86_64.deb,linux,2
2026-07-22T19:12:31.501553+00:00,v0.14.0b2,activitywatch-v0.14.0b2-linux-x86_64.zip,linux,6
2026-07-22T19:12:31.501553+00:00,v0.14.0b2,activitywatch-v0.14.0b2-macos-arm64.dmg,macos,6
2026-07-22T19:12:31.501553+00:00,v0.14.0b2,activitywatch-v0.14.0b2-macos-arm64.zip,macos,1
2026-07-22T19:12:31.501553+00:00,v0.14.0b2,activitywatch-v0.14.0b2-macos-x86_64.dmg,macos,2
2026-07-22T19:12:31.501553+00:00,v0.14.0b2,activitywatch-v0.14.0b2-macos-x86_64.zip,macos,0
2026-07-22T19:12:31.501553+00:00,v0.14.0b2,activitywatch-v0.14.0b2-windows-x86_64-setup.exe,windows,15
2026-07-22T19:12:31.501553+00:00,v0.14.0b2,activitywatch-v0.14.0b2-windows-x86_64.zip,windows,1
2026-07-22T19:12:31.501553+00:00,v0.8.0b7,activitywatch-v0.8.0b7-macos-x86_64.zip,macos,1232
2026-07-23T02:31:10.384103+00:00,v0.11.0,activitywatch-v0.11.0-windows-x86_64-setup.exe,windows,38295
2026-07-23T02:31:10.384103+00:00,v0.12.0,activitywatch-v0.12.0-windows-x86_64-setup.exe,windows,7991
2026-07-23T02:31:10.384103+00:00,v0.12.0b2,activitywatch-v0.12.0b2-linux-x86_64.zip,linux,812
2026-07-23T02:31:10.384103+00:00,v0.12.2,activitywatch-v0.12.2-windows-x86_64-setup.exe,windows,57879
2026-07-23T02:31:10.384103+00:00,v0.12.3b18,activitywatch-v0.12.3b18-linux-x86_64.zip,linux,1760
2026-07-23T02:31:10.384103+00:00,v0.13.0,activitywatch-v0.13.0-windows-x86_64-setup.exe,windows,2996
2026-07-23T02:31:10.384103+00:00,v0.13.1,activitywatch-v0.13.1-windows-x86_64-setup.exe,windows,25706
2026-07-23T02:31:10.384103+00:00,v0.13.2,activitywatch-linux-x86_64.AppImage,linux,32528
2026-07-23T02:31:10.384103+00:00,v0.13.2,activitywatch-v0.13.2-linux-x86_64.deb,linux,3616
2026-07-23T02:31:10.384103+00:00,v0.13.2,activitywatch-v0.13.2-linux-x86_64.zip,linux,91312
2026-07-23T02:31:10.384103+00:00,v0.13.2,activitywatch-v0.13.2-macos-x86_64.dmg,macos,125144
2026-07-23T02:31:10.384103+00:00,v0.13.2,activitywatch-v0.13.2-macos-x86_64.zip,macos,11173
2026-07-23T02:31:10.384103+00:00,v0.13.2,activitywatch-v0.13.2-windows-x86_64-setup.exe,windows,278097
2026-07-23T02:31:10.384103+00:00,v0.13.2,activitywatch-v0.13.2-windows-x86_64.zip,windows,27042
2026-07-23T02:31:10.384103+00:00,v0.14.0b1,activitywatch-tauri-v0.14.0b1-macos-arm64.dmg,macos,260
2026-07-23T02:31:10.384103+00:00,v0.14.0b1,activitywatch-v0.14.0b1-macos-arm64.dmg,macos,1199
2026-07-23T02:31:10.384103+00:00,v0.14.0b2,activitywatch-linux-x86_64.AppImage,linux,1
2026-07-23T02:31:10.384103+00:00,v0.14.0b2,activitywatch-tauri-v0.14.0b2-macos-arm64.dmg,macos,18
2026-07-23T02:31:10.384103+00:00,v0.14.0b2,activitywatch-tauri-v0.14.0b2-windows-x86_64-setup.exe,windows,1
2026-07-23T02:31:10.384103+00:00,v0.14.0b2,activitywatch-v0.14.0b2-linux-x86_64.deb,linux,3
2026-07-23T02:31:10.384103+00:00,v0.14.0b2,activitywatch-v0.14.0b2-linux-x86_64.zip,linux,7
2026-07-23T02:31:10.384103+00:00,v0.14.0b2,activitywatch-v0.14.0b2-macos-arm64.dmg,macos,17
2026-07-23T02:31:10.384103+00:00,v0.14.0b2,activitywatch-v0.14.0b2-macos-arm64.zip,macos,2
2026-07-23T02:31:10.384103+00:00,v0.14.0b2,activitywatch-v0.14.0b2-macos-x86_64.dmg,macos,3
2026-07-23T02:31:10.384103+00:00,v0.14.0b2,activitywatch-v0.14.0b2-windows-x86_64-setup.exe,windows,27
2026-07-23T02:31:10.384103+00:00,v0.8.0b7,activitywatch-v0.8.0b7-macos-x86_64.zip,macos,1248
2026-07-23T08:24:56.974858+00:00,v0.13.2,activitywatch-linux-x86_64.AppImage,linux,32551
2026-07-23T08:24:56.974858+00:00,v0.13.2,activitywatch-v0.13.2-linux-x86_64.deb,linux,3643
2026-07-23T08:24:56.974858+00:00,v0.13.2,activitywatch-v0.13.2-linux-x86_64.zip,linux,91345
2026-07-23T08:24:56.974858+00:00,v0.13.2,activitywatch-v0.13.2-macos-x86_64.dmg,macos,125213
2026-07-23T08:24:56.974858+00:00,v0.13.2,activitywatch-v0.13.2-macos-x86_64.zip,macos,11176
2026-07-23T08:24:56.974858+00:00,v0.13.2,activitywatch-v0.13.2-windows-x86_64-setup.exe,windows,278226
2026-07-23T08:24:56.974858+00:00,v0.13.2,activitywatch-v0.13.2-windows-x86_64.zip,windows,27068
2026-07-23T08:24:56.974858+00:00,v0.14.0b1,activitywatch-v0.14.0b1-linux-x86_64.zip,linux,843
2026-07-23T08:24:56.974858+00:00,v0.14.0b2,activitywatch-linux-x86_64.AppImage,linux,3
2026-07-23T08:24:56.974858+00:00,v0.14.0b2,activitywatch-tauri-v0.14.0b2-linux-aarch64.AppImage,linux,1
2026-07-23T08:24:56.974858+00:00,v0.14.0b2,activitywatch-tauri-v0.14.0b2-linux-aarch64.deb,linux,1
2026-07-23T08:24:56.974858+00:00,v0.14.0b2,activitywatch-tauri-v0.14.0b2-linux-aarch64.rpm,linux,1
2026-07-23T08:24:56.974858+00:00,v0.14.0b2,activitywatch-tauri-v0.14.0b2-linux-aarch64.zip,linux,1
2026-07-23T08:24:56.974858+00:00,v0.14.0b2,activitywatch-tauri-v0.14.0b2-linux-x86_64.AppImage,linux,1
2026-07-23T08:24:56.974858+00:00,v0.14.0b2,activitywatch-tauri-v0.14.0b2-linux-x86_64.deb,linux,1
2026-07-23T08:24:56.974858+00:00,v0.14.0b2,activitywatch-tauri-v0.14.0b2-linux-x86_64.rpm,linux,1
2026-07-23T08:24:56.974858+00:00,v0.14.0b2,activitywatch-tauri-v0.14.0b2-linux-x86_64.zip,linux,1
2026-07-23T08:24:56.974858+00:00,v0.14.0b2,activitywatch-tauri-v0.14.0b2-macos-arm64.dmg,macos,25
2026-07-23T08:24:56.974858+00:00,v0.14.0b2,activitywatch-tauri-v0.14.0b2-macos-arm64.zip,macos,1
2026-07-23T08:24:56.974858+00:00,v0.14.0b2,activitywatch-tauri-v0.14.0b2-macos-x86_64.dmg,macos,1
2026-07-23T08:24:56.974858+00:00,v0.14.0b2,activitywatch-tauri-v0.14.0b2-macos-x86_64.zip,macos,1
2026-07-23T08:24:56.974858+00:00,v0.14.0b2,activitywatch-tauri-v0.14.0b2-windows-x86_64-setup.exe,windows,2
2026-07-23T08:24:56.974858+00:00,v0.14.0b2,activitywatch-tauri-v0.14.0b2-windows-x86_64.zip,windows,2
2026-07-23T08:24:56.974858+00:00,v0.14.0b2,activitywatch-v0.14.0b2-linux-x86_64.deb,linux,4
2026-07-23T08:24:56.974858+00:00,v0.14.0b2,activitywatch-v0.14.0b2-linux-x86_64.zip,linux,10
2026-07-23T08:24:56.974858+00:00,v0.14.0b2,activitywatch-v0.14.0b2-macos-arm64.dmg,macos,21
2026-07-23T08:24:56.974858+00:00,v0.14.0b2,activitywatch-v0.14.0b2-macos-arm64.zip,macos,3
2026-07-23T08:24:56.974858+00:00,v0.14.0b2,activitywatch-v0.14.0b2-macos-x86_64.dmg,macos,5
2026-07-23T08:24:56.974858+00:00,v0.14.0b2,activitywatch-v0.14.0b2-macos-x86_64.zip,macos,1
2026-07-23T08:24:56.974858+00:00,v0.14.0b2,activitywatch-v0.14.0b2-windows-x86_64-setup.exe,windows,54
2026-07-23T08:24:56.974858+00:00,v0.14.0b2,activitywatch-v0.14.0b2-windows-x86_64.zip,windows,2
2026-07-23T13:50:38.760799+00:00,v0.12.0b2,activitywatch-v0.12.0b2-linux-x86_64.zip,linux,814
2026-07-23T13:50:38.760799+00:00,v0.13.2,activitywatch-linux-x86_64.AppImage,linux,32568
2026-07-23T13:50:38.760799+00:00,v0.13.2,activitywatch-v0.13.2-linux-x86_64.deb,linux,3666
2026-07-23T13:50:38.760799+00:00,v0.13.2,activitywatch-v0.13.2-linux-x86_64.zip,linux,91391
2026-07-23T13:50:38.760799+00:00,v0.13.2,activitywatch-v0.13.2-macos-x86_64.dmg,macos,125303
2026-07-23T13:50:38.760799+00:00,v0.13.2,activitywatch-v0.13.2-macos-x86_64.zip,macos,11178
2026-07-23T13:50:38.760799+00:00,v0.13.2,activitywatch-v0.13.2-windows-x86_64-setup.exe,windows,278411
2026-07-23T13:50:38.760799+00:00,v0.13.2,activitywatch-v0.13.2-windows-x86_64.zip,windows,27081
2026-07-23T13:50:38.760799+00:00,v0.14.0b1,activitywatch-v0.14.0b1-macos-arm64.dmg,macos,1201
2026-07-23T13:50:38.760799+00:00,v0.14.0b2,activitywatch-linux-x86_64.AppImage,linux,8
2026-07-23T13:50:38.760799+00:00,v0.14.0b2,activitywatch-tauri-v0.14.0b2-linux-aarch64.AppImage,linux,2
2026-07-23T13:50:38.760799+00:00,v0.14.0b2,activitywatch-tauri-v0.14.0b2-linux-aarch64.deb,linux,3
2026-07-23T13:50:38.760799+00:00,v0.14.0b2,activitywatch-tauri-v0.14.0b2-linux-aarch64.rpm,linux,2
2026-07-23T13:50:38.760799+00:00,v0.14.0b2,activitywatch-tauri-v0.14.0b2-linux-aarch64.zip,linux,2
2026-07-23T13:50:38.760799+00:00,v0.14.0b2,activitywatch-tauri-v0.14.0b2-linux-x86_64.AppImage,linux,2
2026-07-23T13:50:38.760799+00:00,v0.14.0b2,activitywatch-tauri-v0.14.0b2-linux-x86_64.deb,linux,2
2026-07-23T13:50:38.760799+00:00,v0.14.0b2,activitywatch-tauri-v0.14.0b2-linux-x86_64.rpm,linux,2
2026-07-23T13:50:38.760799+00:00,v0.14.0b2,activitywatch-tauri-v0.14.0b2-linux-x86_64.zip,linux,2
2026-07-23T13:50:38.760799+00:00,v0.14.0b2,activitywatch-tauri-v0.14.0b2-macos-arm64.dmg,macos,27
2026-07-23T13:50:38.760799+00:00,v0.14.0b2,activitywatch-tauri-v0.14.0b2-macos-arm64.zip,macos,2
2026-07-23T13:50:38.760799+00:00,v0.14.0b2,activitywatch-tauri-v0.14.0b2-macos-x86_64.dmg,macos,2
2026-07-23T13:50:38.760799+00:00,v0.14.0b2,activitywatch-tauri-v0.14.0b2-macos-x86_64.zip,macos,2
2026-07-23T13:50:38.760799+00:00,v0.14.0b2,activitywatch-tauri-v0.14.0b2-windows-x86_64-setup.exe,windows,4
2026-07-23T13:50:38.760799+00:00,v0.14.0b2,activitywatch-tauri-v0.14.0b2-windows-x86_64.zip,windows,4
2026-07-23T13:50:38.760799+00:00,v0.14.0b2,activitywatch-v0.14.0b2-linux-x86_64.deb,linux,6
2026-07-23T13:50:38.760799+00:00,v0.14.0b2,activitywatch-v0.14.0b2-linux-x86_64.zip,linux,16
2026-07-23T13:50:38.760799+00:00,v0.14.0b2,activitywatch-v0.14.0b2-macos-arm64.dmg,macos,25
2026-07-23T13:50:38.760799+00:00,v0.14.0b2,activitywatch-v0.14.0b2-macos-arm64.zip,macos,5
2026-07-23T13:50:38.760799+00:00,v0.14.0b2,activitywatch-v0.14.0b2-macos-x86_64.dmg,macos,10
2026-07-23T13:50:38.760799+00:00,v0.14.0b2,activitywatch-v0.14.0b2-macos-x86_64.zip,macos,2
2026-07-23T13:50:38.760799+00:00,v0.14.0b2,activitywatch-v0.14.0b2-windows-x86_64-setup.exe,windows,68
2026-07-23T13:50:38.760799+00:00,v0.14.0b2,activitywatch-v0.14.0b2-windows-x86_64.zip,windows,4
2026-07-23T13:50:38.760799+00:00,v0.8.0b7,activitywatch-v0.8.0b7-macos-x86_64.zip,macos,1280
2026-07-23T19:11:53.379340+00:00,v0.11.0,activitywatch-v0.11.0-windows-x86_64-setup.exe,windows,38297
2026-07-23T19:11:53.379340+00:00,v0.12.0,activitywatch-v0.12.0-windows-x86_64-setup.exe,windows,7993
2026-07-23T19:11:53.379340+00:00,v0.12.2,activitywatch-v0.12.2-windows-x86_64-setup.exe,windows,57881
2026-07-23T19:11:53.379340+00:00,v0.13.0,activitywatch-v0.13.0-windows-x86_64-setup.exe,windows,2998
2026-07-23T19:11:53.379340+00:00,v0.13.1,activitywatch-v0.13.1-windows-x86_64-setup.exe,windows,25708
2026-07-23T19:11:53.379340+00:00,v0.13.2,activitywatch-linux-x86_64.AppImage,linux,32591
2026-07-23T19:11:53.379340+00:00,v0.13.2,activitywatch-v0.13.2-linux-x86_64.deb,linux,3683
2026-07-23T19:11:53.379340+00:00,v0.13.2,activitywatch-v0.13.2-linux-x86_64.zip,linux,91438
2026-07-23T19:11:53.379340+00:00,v0.13.2,activitywatch-v0.13.2-macos-x86_64.dmg,macos,125386
2026-07-23T19:11:53.379340+00:00,v0.13.2,activitywatch-v0.13.2-macos-x86_64.zip,macos,11189
2026-07-23T19:11:53.379340+00:00,v0.13.2,activitywatch-v0.13.2-windows-x86_64-setup.exe,windows,278620
2026-07-23T19:11:53.379340+00:00,v0.13.2,activitywatch-v0.13.2-windows-x86_64.zip,windows,27102
2026-07-23T19:11:53.379340+00:00,v0.14.0b1,activitywatch-v0.14.0b1-macos-arm64.dmg,macos,1203
2026-07-23T19:11:53.379340+00:00,v0.14.0b2,activitywatch-tauri-v0.14.0b2-macos-arm64.dmg,macos,34
2026-07-23T19:11:53.379340+00:00,v0.14.0b2,activitywatch-v0.14.0b2-linux-x86_64.zip,linux,20
2026-07-23T19:11:53.379340+00:00,v0.14.0b2,activitywatch-v0.14.0b2-macos-arm64.dmg,macos,33
2026-07-23T19:11:53.379340+00:00,v0.14.0b2,activitywatch-v0.14.0b2-macos-arm64.zip,macos,6
2026-07-23T19:11:53.379340+00:00,v0.14.0b2,activitywatch-v0.14.0b2-macos-x86_64.dmg,macos,14
2026-07-23T19:11:53.379340+00:00,v0.14.0b2,activitywatch-v0.14.0b2-windows-x86_64-setup.exe,windows,95
2026-07-24T02:27:43.586560+00:00,v0.11.0,activitywatch-v0.11.0-windows-x86_64-setup.exe,windows,38298
2026-07-24T02:27:43.586560+00:00,v0.12.0,activitywatch-v0.12.0-windows-x86_64-setup.exe,windows,7994
2026-07-24T02:27:43.586560+00:00,v0.12.2,activitywatch-v0.12.2-windows-x86_64-setup.exe,windows,57882
2026-07-24T02:27:43.586560+00:00,v0.13.0,activitywatch-v0.13.0-windows-x86_64-setup.exe,windows,2999
2026-07-24T02:27:43.586560+00:00,v0.13.1,activitywatch-v0.13.1-windows-x86_64-setup.exe,windows,25709
2026-07-24T02:27:43.586560+00:00,v0.13.2,activitywatch-linux-x86_64.AppImage,linux,32617
2026-07-24T02:27:43.586560+00:00,v0.13.2,activitywatch-v0.13.2-linux-x86_64.deb,linux,3707
2026-07-24T02:27:43.586560+00:00,v0.13.2,activitywatch-v0.13.2-linux-x86_64.zip,linux,91478
2026-07-24T02:27:43.586560+00:00,v0.13.2,activitywatch-v0.13.2-macos-x86_64.dmg,macos,125476
2026-07-24T02:27:43.586560+00:00,v0.13.2,activitywatch-v0.13.2-macos-x86_64.zip,macos,11195
2026-07-24T02:27:43.586560+00:00,v0.13.2,activitywatch-v0.13.2-windows-x86_64-setup.exe,windows,278745
2026-07-24T02:27:43.586560+00:00,v0.13.2,activitywatch-v0.13.2-windows-x86_64.zip,windows,27113
2026-07-24T02:27:43.586560+00:00,v0.14.0b1,activitywatch-v0.14.0b1-macos-arm64.dmg,macos,1204
2026-07-24T02:27:43.586560+00:00,v0.14.0b2,activitywatch-linux-x86_64.AppImage,linux,9
2026-07-24T02:27:43.586560+00:00,v0.14.0b2,activitywatch-tauri-v0.14.0b2-macos-arm64.dmg,macos,41
2026-07-24T02:27:43.586560+00:00,v0.14.0b2,activitywatch-v0.14.0b2-linux-x86_64.zip,linux,25
2026-07-24T02:27:43.586560+00:00,v0.14.0b2,activitywatch-v0.14.0b2-macos-arm64.dmg,macos,39
2026-07-24T02:27:43.586560+00:00,v0.14.0b2,activitywatch-v0.14.0b2-windows-x86_64-setup.exe,windows,100
2026-07-24T02:27:43.586560+00:00,v0.14.0b2,activitywatch-v0.14.0b2-windows-x86_64.zip,windows,6
2026-07-24T08:23:12.603027+00:00,v0.12.1,activitywatch-v0.12.1-windows-x86_64-setup.exe,windows,23136
2026-07-24T08:23:12.603027+00:00,v0.12.2,activitywatch-v0.12.2-windows-x86_64.zip,windows,12012
2026-07-24T08:23:12.603027+00:00,v0.13.2,activitywatch-linux-x86_64.AppImage,linux,32634
2026-07-24T08:23:12.603027+00:00,v0.13.2,activitywatch-v0.13.2-linux-x86_64.deb,linux,3726
2026-07-24T08:23:12.603027+00:00,v0.13.2,activitywatch-v0.13.2-linux-x86_64.zip,linux,91525
2026-07-24T08:23:12.603027+00:00,v0.13.2,activitywatch-v0.13.2-macos-x86_64.dmg,macos,125545
2026-07-24T08:23:12.603027+00:00,v0.13.2,activitywatch-v0.13.2-macos-x86_64.zip,macos,11199
2026-07-24T08:23:12.603027+00:00,v0.13.2,activitywatch-v0.13.2-windows-x86_64-setup.exe,windows,278892
2026-07-24T08:23:12.603027+00:00,v0.13.2,activitywatch-v0.13.2-windows-x86_64.zip,windows,27128
2026-07-24T08:23:12.603027+00:00,v0.14.0b2,activitywatch-tauri-v0.14.0b2-linux-x86_64.AppImage,linux,3
2026-07-24T08:23:12.603027+00:00,v0.14.0b2,activitywatch-tauri-v0.14.0b2-windows-x86_64-setup.exe,windows,5
2026-07-24T08:23:12.603027+00:00,v0.14.0b2,activitywatch-v0.14.0b2-linux-x86_64.zip,linux,29
2026-07-24T08:23:12.603027+00:00,v0.14.0b2,activitywatch-v0.14.0b2-macos-arm64.dmg,macos,44
2026-07-24T08:23:12.603027+00:00,v0.14.0b2,activitywatch-v0.14.0b2-macos-arm64.zip,macos,7
2026-07-24T08:23:12.603027+00:00,v0.14.0b2,activitywatch-v0.14.0b2-windows-x86_64-setup.exe,windows,106
2026-07-24T08:23:12.603027+00:00,v0.14.0b2,activitywatch-v0.14.0b2-windows-x86_64.zip,windows,7
2026-07-24T13:38:51.704972+00:00,v0.12.2,activitywatch-v0.12.2-linux-x86_64.zip,linux,31621
2026-07-24T13:38:51.704972+00:00,v0.12.2,activitywatch-v0.12.2-windows-x86_64.zip,windows,12013
2026-07-24T13:38:51.704972+00:00,v0.13.2,activitywatch-linux-x86_64.AppImage,linux,32655
2026-07-24T13:38:51.704972+00:00,v0.13.2,activitywatch-v0.13.2-linux-x86_64.deb,linux,3744
2026-07-24T13:38:51.704972+00:00,v0.13.2,activitywatch-v0.13.2-linux-x86_64.zip,linux,91572
2026-07-24T13:38:51.704972+00:00,v0.13.2,activitywatch-v0.13.2-macos-x86_64.dmg,macos,125627
2026-07-24T13:38:51.704972+00:00,v0.13.2,activitywatch-v0.13.2-macos-x86_64.zip,macos,11211
2026-07-24T13:38:51.704972+00:00,v0.13.2,activitywatch-v0.13.2-windows-x86_64-setup.exe,windows,279065
2026-07-24T13:38:51.704972+00:00,v0.13.2,activitywatch-v0.13.2-windows-x86_64.zip,windows,27144
2026-07-24T13:38:51.704972+00:00,v0.14.0b1,activitywatch-v0.14.0b1-macos-arm64.dmg,macos,1205
2026-07-24T13:38:51.704972+00:00,v0.14.0b2,activitywatch-tauri-v0.14.0b2-macos-arm64.dmg,macos,43
2026-07-24T13:38:51.704972+00:00,v0.14.0b2,activitywatch-v0.14.0b2-linux-x86_64.deb,linux,7
2026-07-24T13:38:51.704972+00:00,v0.14.0b2,activitywatch-v0.14.0b2-macos-arm64.dmg,macos,48
2026-07-24T13:38:51.704972+00:00,v0.14.0b2,activitywatch-v0.14.0b2-macos-x86_64.dmg,macos,18
2026-07-24T13:38:51.704972+00:00,v0.14.0b2,activitywatch-v0.14.0b2-windows-x86_64-setup.exe,windows,120
2026-07-24T13:38:51.704972+00:00,v0.14.0b2,activitywatch-v0.14.0b2-windows-x86_64.zip,windows,8
2026-07-24T19:20:47.288716+00:00,v0.12.3b18,activitywatch-v0.12.3b18-linux-x86_64.zip,linux,1793
2026-07-24T19:20:47.288716+00:00,v0.13.2,activitywatch-linux-x86_64.AppImage,linux,32674
2026-07-24T19:20:47.288716+00:00,v0.13.2,activitywatch-v0.13.2-linux-x86_64.deb,linux,3768
2026-07-24T19:20:47.288716+00:00,v0.13.2,activitywatch-v0.13.2-linux-x86_64.zip,linux,91624
2026-07-24T19:20:47.288716+00:00,v0.13.2,activitywatch-v0.13.2-macos-x86_64.dmg,macos,125694
2026-07-24T19:20:47.288716+00:00,v0.13.2,activitywatch-v0.13.2-macos-x86_64.zip,macos,11216
2026-07-24T19:20:47.288716+00:00,v0.13.2,activitywatch-v0.13.2-windows-x86_64-setup.exe,windows,279252
2026-07-24T19:20:47.288716+00:00,v0.13.2,activitywatch-v0.13.2-windows-x86_64.zip,windows,27152
2026-07-24T19:20:47.288716+00:00,v0.14.0b1,activitywatch-v0.14.0b1-windows-x86_64-setup.exe,windows,2533
2026-07-24T19:20:47.288716+00:00,v0.14.0b2,activitywatch-tauri-v0.14.0b2-macos-arm64.dmg,macos,45
2026-07-24T19:20:47.288716+00:00,v0.14.0b2,activitywatch-v0.14.0b2-linux-x86_64.deb,linux,8
2026-07-24T19:20:47.288716+00:00,v0.14.0b2,activitywatch-v0.14.0b2-linux-x86_64.zip,linux,35
2026-07-24T19:20:47.288716+00:00,v0.14.0b2,activitywatch-v0.14.0b2-macos-arm64.dmg,macos,51
2026-07-24T19:20:47.288716+00:00,v0.14.0b2,activitywatch-v0.14.0b2-macos-arm64.zip,macos,8
2026-07-24T19:20:47.288716+00:00,v0.14.0b2,activitywatch-v0.14.0b2-macos-x86_64.dmg,macos,20
2026-07-24T19:20:47.288716+00:00,v0.14.0b2,activitywatch-v0.14.0b2-windows-x86_64-setup.exe,windows,127
2026-07-24T19:20:47.288716+00:00,v0.14.0b2,activitywatch-v0.14.0b2-windows-x86_64.zip,windows,9
2026-07-24T19:20:47.288716+00:00,v0.8.0b7,activitywatch-v0.8.0b7-macos-x86_64.zip,macos,1303
2026-07-25T02:26:19.904443+00:00,v0.11.0,activitywatch-v0.11.0-windows-x86_64-setup.exe,windows,38299
2026-07-25T02:26:19.904443+00:00,v0.12.0,activitywatch-v0.12.0-windows-x86_64-setup.exe,windows,7995
2026-07-25T02:26:19.904443+00:00,v0.12.1,activitywatch-v0.12.1-windows-x86_64-setup.exe,windows,23137
2026-07-25T02:26:19.904443+00:00,v0.12.2,activitywatch-v0.12.2-windows-x86_64-setup.exe,windows,57883
2026-07-25T02:26:19.904443+00:00,v0.12.3b18,activitywatch-v0.12.3b18-linux-x86_64.zip,linux,1801
2026-07-25T02:26:19.904443+00:00,v0.13.0,activitywatch-v0.13.0-windows-x86_64-setup.exe,windows,3000
2026-07-25T02:26:19.904443+00:00,v0.13.1,activitywatch-linux-x86_64.AppImage,linux,3769
2026-07-25T02:26:19.904443+00:00,v0.13.1,activitywatch-v0.13.1-windows-x86_64-setup.exe,windows,25710
2026-07-25T02:26:19.904443+00:00,v0.13.2,activitywatch-linux-x86_64.AppImage,linux,32697
2026-07-25T02:26:19.904443+00:00,v0.13.2,activitywatch-v0.13.2-linux-x86_64.deb,linux,3792
2026-07-25T02:26:19.904443+00:00,v0.13.2,activitywatch-v0.13.2-linux-x86_64.zip,linux,91656
2026-07-25T02:26:19.904443+00:00,v0.13.2,activitywatch-v0.13.2-macos-x86_64.dmg,macos,125764
2026-07-25T02:26:19.904443+00:00,v0.13.2,activitywatch-v0.13.2-macos-x86_64.zip,macos,11220
2026-07-25T02:26:19.904443+00:00,v0.13.2,activitywatch-v0.13.2-windows-x86_64-setup.exe,windows,279371
2026-07-25T02:26:19.904443+00:00,v0.13.2,activitywatch-v0.13.2-windows-x86_64.zip,windows,27162
2026-07-25T02:26:19.904443+00:00,v0.14.0b1,activitywatch-v0.14.0b1-macos-arm64.dmg,macos,1207
2026-07-25T02:26:19.904443+00:00,v0.14.0b2,activitywatch-tauri-v0.14.0b2-macos-arm64.dmg,macos,50
2026-07-25T02:26:19.904443+00:00,v0.14.0b2,activitywatch-v0.14.0b2-macos-arm64.dmg,macos,52
2026-07-25T02:26:19.904443+00:00,v0.14.0b2,activitywatch-v0.14.0b2-macos-x86_64.dmg,macos,22
2026-07-25T02:26:19.904443+00:00,v0.14.0b2,activitywatch-v0.14.0b2-windows-x86_64-setup.exe,windows,141
2026-07-25T02:26:19.904443+00:00,v0.9.1,activitywatch-v0.9.1-windows-x86_64-setup.exe,windows,221
2026-07-25T08:02:03.966796+00:00,v0.12.1,activitywatch-v0.12.1-windows-x86_64-setup.exe,windows,23150
2026-07-25T08:02:03.966796+00:00,v0.13.2,activitywatch-linux-x86_64.AppImage,linux,32717
2026-07-25T08:02:03.966796+00:00,v0.13.2,activitywatch-v0.13.2-linux-x86_64.deb,linux,3814
2026-07-25T08:02:03.966796+00:00,v0.13.2,activitywatch-v0.13.2-linux-x86_64.zip,linux,91681
2026-07-25T08:02:03.966796+00:00,v0.13.2,activitywatch-v0.13.2-macos-x86_64.dmg,macos,125822
2026-07-25T08:02:03.966796+00:00,v0.13.2,activitywatch-v0.13.2-macos-x86_64.zip,macos,11224
2026-07-25T08:02:03.966796+00:00,v0.13.2,activitywatch-v0.13.2-windows-x86_64-setup.exe,windows,279452
2026-07-25T08:02:03.966796+00:00,v0.13.2,activitywatch-v0.13.2-windows-x86_64.zip,windows,27174
2026-07-25T08:02:03.966796+00:00,v0.14.0b2,activitywatch-v0.14.0b2-macos-arm64.dmg,macos,59
2026-07-25T08:02:03.966796+00:00,v0.14.0b2,activitywatch-v0.14.0b2-windows-x86_64-setup.exe,windows,145
2026-07-25T13:19:22.143312+00:00,v0.12.0,activitywatch-v0.12.0-windows-x86_64-setup.exe,windows,7996
2026-07-25T13:19:22.143312+00:00,v0.12.0,activitywatch-v0.12.0-windows-x86_64.zip,windows,2139
2026-07-25T13:19:22.143312+00:00,v0.12.3b18,activitywatch-v0.12.3b18-linux-x86_64.zip,linux,1803
2026-07-25T13:19:22.143312+00:00,v0.13.2,activitywatch-linux-x86_64.AppImage,linux,32737
2026-07-25T13:19:22.143312+00:00,v0.13.2,activitywatch-v0.13.2-linux-x86_64.deb,linux,3834
2026-07-25T13:19:22.143312+00:00,v0.13.2,activitywatch-v0.13.2-linux-x86_64.zip,linux,91715
2026-07-25T13:19:22.143312+00:00,v0.13.2,activitywatch-v0.13.2-macos-x86_64.dmg,macos,125878
2026-07-25T13:19:22.143312+00:00,v0.13.2,activitywatch-v0.13.2-macos-x86_64.zip,macos,11232
2026-07-25T13:19:22.143312+00:00,v0.13.2,activitywatch-v0.13.2-windows-x86_64-setup.exe,windows,279575
2026-07-25T13:19:22.143312+00:00,v0.13.2,activitywatch-v0.13.2-windows-x86_64.zip,windows,27185
2026-07-25T13:19:22.143312+00:00,v0.14.0b2,activitywatch-tauri-v0.14.0b2-macos-arm64.dmg,macos,51
2026-07-25T13:19:22.143312+00:00,v0.14.0b2,activitywatch-v0.14.0b2-linux-x86_64.deb,linux,10
2026-07-25T13:19:22.143312+00:00,v0.14.0b2,activitywatch-v0.14.0b2-linux-x86_64.zip,linux,39
2026-07-25T13:19:22.143312+00:00,v0.14.0b2,activitywatch-v0.14.0b2-macos-arm64.dmg,macos,63
2026-07-25T13:19:22.143312+00:00,v0.14.0b2,activitywatch-v0.14.0b2-windows-x86_64-setup.exe,windows,146
2026-07-25T13:19:22.143312+00:00,v0.14.0b2,activitywatch-v0.14.0b2-windows-x86_64.zip,windows,12
2026-07-25T13:19:22.143312+00:00,v0.8.0b7,activitywatch-v0.8.0b7-macos-x86_64.zip,macos,1316
2026-07-25T19:02:45.666584+00:00,v0.10.0,activitywatch-v0.10.0-macos-x86_64.dmg,macos,5934
2026-07-25T19:02:45.666584+00:00,v0.12.2,activitywatch-v0.12.2-macos-x86_64.dmg,macos,22527
2026-07-25T19:02:45.666584+00:00,v0.12.3b19,activitywatch-v0.12.3b19-macos-x86_64.dmg,macos,476
2026-07-25T19:02:45.666584+00:00,v0.13.2,activitywatch-linux-x86_64.AppImage,linux,32753
2026-07-25T19:02:45.666584+00:00,v0.13.2,activitywatch-v0.13.2-linux-x86_64.deb,linux,3849
2026-07-25T19:02:45.666584+00:00,v0.13.2,activitywatch-v0.13.2-linux-x86_64.zip,linux,91772
2026-07-25T19:02:45.666584+00:00,v0.13.2,activitywatch-v0.13.2-macos-x86_64.dmg,macos,125947
2026-07-25T19:02:45.666584+00:00,v0.13.2,activitywatch-v0.13.2-macos-x86_64.zip,macos,11236
2026-07-25T19:02:45.666584+00:00,v0.13.2,activitywatch-v0.13.2-windows-x86_64-setup.exe,windows,279712
2026-07-25T19:02:45.666584+00:00,v0.13.2,activitywatch-v0.13.2-windows-x86_64.zip,windows,27195
2026-07-25T19:02:45.666584+00:00,v0.14.0b1,activitywatch-v0.14.0b1-macos-arm64.dmg,macos,1208
2026-07-25T19:02:45.666584+00:00,v0.14.0b1,activitywatch-v0.14.0b1-windows-x86_64-setup.exe,windows,2535
2026-07-25T19:02:45.666584+00:00,v0.14.0b2,activitywatch-tauri-v0.14.0b2-macos-arm64.dmg,macos,53
2026-07-25T19:02:45.666584+00:00,v0.14.0b2,activitywatch-v0.14.0b2-linux-x86_64.zip,linux,43
2026-07-25T19:02:45.666584+00:00,v0.14.0b2,activitywatch-v0.14.0b2-macos-arm64.dmg,macos,65
2026-07-25T19:02:45.666584+00:00,v0.14.0b2,activitywatch-v0.14.0b2-macos-x86_64.dmg,macos,23
2026-07-25T19:02:45.666584+00:00,v0.14.0b2,activitywatch-v0.14.0b2-windows-x86_64-setup.exe,windows,153
2026-07-25T19:02:45.666584+00:00,v0.7.1,activitywatch-v0.7.1-windows-x86_64.zip,windows,4467
2026-07-26T02:33:01.386713+00:00,v0.10.0,activitywatch-v0.10.0-macos-x86_64.dmg,macos,5935
2026-07-26T02:33:01.386713+00:00,v0.11.0,activitywatch-v0.11.0-windows-x86_64-setup.exe,windows,38300
2026-07-26T02:33:01.386713+00:00,v0.12.0,activitywatch-v0.12.0-windows-x86_64-setup.exe,windows,7998
2026-07-26T02:33:01.386713+00:00,v0.12.1,activitywatch-v0.12.1-windows-x86_64-setup.exe,windows,23164
2026-07-26T02:33:01.386713+00:00,v0.12.2,activitywatch-v0.12.2-windows-x86_64-setup.exe,windows,57884
2026-07-26T02:33:01.386713+00:00,v0.12.3b18,activitywatch-v0.12.3b18-linux-x86_64.zip,linux,1805
2026-07-26T02:33:01.386713+00:00,v0.13.0,activitywatch-v0.13.0-windows-x86_64-setup.exe,windows,3001
2026-07-26T02:33:01.386713+00:00,v0.13.1,activitywatch-v0.13.1-windows-x86_64-setup.exe,windows,25711
2026-07-26T02:33:01.386713+00:00,v0.13.2,activitywatch-linux-x86_64.AppImage,linux,32778
2026-07-26T02:33:01.386713+00:00,v0.13.2,activitywatch-v0.13.2-linux-x86_64.deb,linux,3877
2026-07-26T02:33:01.386713+00:00,v0.13.2,activitywatch-v0.13.2-linux-x86_64.zip,linux,91801
2026-07-26T02:33:01.386713+00:00,v0.13.2,activitywatch-v0.13.2-macos-x86_64.dmg,macos,126015
2026-07-26T02:33:01.386713+00:00,v0.13.2,activitywatch-v0.13.2-macos-x86_64.zip,macos,11241
2026-07-26T02:33:01.386713+00:00,v0.13.2,activitywatch-v0.13.2-windows-x86_64-setup.exe,windows,279803
2026-07-26T02:33:01.386713+00:00,v0.13.2,activitywatch-v0.13.2-windows-x86_64.zip,windows,27207
2026-07-26T02:33:01.386713+00:00,v0.14.0b2,activitywatch-v0.14.0b2-linux-x86_64.zip,linux,46
2026-07-26T02:33:01.386713+00:00,v0.14.0b2,activitywatch-v0.14.0b2-macos-arm64.dmg,macos,69
2026-07-26T02:33:01.386713+00:00,v0.14.0b2,activitywatch-v0.14.0b2-macos-x86_64.dmg,macos,26
2026-07-26T02:33:01.386713+00:00,v0.14.0b2,activitywatch-v0.14.0b2-windows-x86_64-setup.exe,windows,156
2026-07-26T08:22:15.291631+00:00,v0.11.0,activitywatch-v0.11.0-windows-x86_64-setup.exe,windows,38302
2026-07-26T08:22:15.291631+00:00,v0.12.0,activitywatch-v0.12.0-windows-x86_64-setup.exe,windows,8000
2026-07-26T08:22:15.291631+00:00,v0.12.2,activitywatch-v0.12.2-windows-x86_64-setup.exe,windows,57886
2026-07-26T08:22:15.291631+00:00,v0.13.0,activitywatch-v0.13.0-windows-x86_64-setup.exe,windows,3003
2026-07-26T08:22:15.291631+00:00,v0.13.1,activitywatch-v0.13.1-windows-x86_64-setup.exe,windows,25713
2026-07-26T08:22:15.291631+00:00,v0.13.2,activitywatch-linux-x86_64.AppImage,linux,32797
2026-07-26T08:22:15.291631+00:00,v0.13.2,activitywatch-v0.13.2-linux-x86_64.deb,linux,3899
2026-07-26T08:22:15.291631+00:00,v0.13.2,activitywatch-v0.13.2-linux-x86_64.zip,linux,91826
2026-07-26T08:22:15.291631+00:00,v0.13.2,activitywatch-v0.13.2-macos-x86_64.dmg,macos,126067
2026-07-26T08:22:15.291631+00:00,v0.13.2,activitywatch-v0.13.2-macos-x86_64.zip,macos,11245
2026-07-26T08:22:15.291631+00:00,v0.13.2,activitywatch-v0.13.2-windows-x86_64-setup.exe,windows,279948
2026-07-26T08:22:15.291631+00:00,v0.13.2,activitywatch-v0.13.2-windows-x86_64.zip,windows,27218
2026-07-26T08:22:15.291631+00:00,v0.14.0b1,activitywatch-v0.14.0b1-windows-x86_64-setup.exe,windows,2536
2026-07-26T08:22:15.291631+00:00,v0.14.0b2,activitywatch-tauri-v0.14.0b2-linux-x86_64.zip,linux,3
2026-07-26T08:22:15.291631+00:00,v0.14.0b2,activitywatch-tauri-v0.14.0b2-macos-arm64.dmg,macos,54
2026-07-26T08:22:15.291631+00:00,v0.14.0b2,activitywatch-v0.14.0b2-linux-x86_64.zip,linux,48
2026-07-26T08:22:15.291631+00:00,v0.14.0b2,activitywatch-v0.14.0b2-macos-arm64.dmg,macos,71
2026-07-26T08:22:15.291631+00:00,v0.14.0b2,activitywatch-v0.14.0b2-windows-x86_64-setup.exe,windows,167
2026-07-26T13:15:11.172150+00:00,v0.12.1,activitywatch-v0.12.1-windows-x86_64-setup.exe,windows,23176
2026-07-26T13:15:11.172150+00:00,v0.12.3b15,activitywatch-v0.12.3b15-linux-x86_64.zip,linux,2838
2026-07-26T13:15:11.172150+00:00,v0.13.2,activitywatch-linux-x86_64.AppImage,linux,32816
2026-07-26T13:15:11.172150+00:00,v0.13.2,activitywatch-v0.13.2-linux-x86_64.deb,linux,3918
2026-07-26T13:15:11.172150+00:00,v0.13.2,activitywatch-v0.13.2-linux-x86_64.zip,linux,91854
2026-07-26T13:15:11.172150+00:00,v0.13.2,activitywatch-v0.13.2-macos-x86_64.dmg,macos,126126
2026-07-26T13:15:11.172150+00:00,v0.13.2,activitywatch-v0.13.2-macos-x86_64.zip,macos,11247
2026-07-26T13:15:11.172150+00:00,v0.13.2,activitywatch-v0.13.2-windows-x86_64-setup.exe,windows,280068
2026-07-26T13:15:11.172150+00:00,v0.13.2,activitywatch-v0.13.2-windows-x86_64.zip,windows,27230
2026-07-26T13:15:11.172150+00:00,v0.14.0b1,activitywatch-linux-x86_64.AppImage,linux,87
2026-07-26T13:15:11.172150+00:00,v0.14.0b1,activitywatch-tauri-v0.14.0b1-linux-x86_64.zip,linux,36
2026-07-26T13:15:11.172150+00:00,v0.14.0b2,activitywatch-linux-x86_64.AppImage,linux,10
2026-07-26T13:15:11.172150+00:00,v0.14.0b2,activitywatch-tauri-v0.14.0b2-macos-arm64.dmg,macos,56
2026-07-26T13:15:11.172150+00:00,v0.14.0b2,activitywatch-v0.14.0b2-linux-x86_64.zip,linux,50
2026-07-26T13:15:11.172150+00:00,v0.14.0b2,activitywatch-v0.14.0b2-macos-arm64.dmg,macos,75
2026-07-26T13:15:11.172150+00:00,v0.14.0b2,activitywatch-v0.14.0b2-macos-x86_64.dmg,macos,28
2026-07-26T13:15:11.172150+00:00,v0.14.0b2,activitywatch-v0.14.0b2-windows-x86_64-setup.exe,windows,185
2026-07-26T19:06:15.416747+00:00,v0.12.3b18,activitywatch-v0.12.3b18-linux-x86_64.zip,linux,1807
2026-07-26T19:06:15.416747+00:00,v0.13.2,activitywatch-linux-x86_64.AppImage,linux,32833
2026-07-26T19:06:15.416747+00:00,v0.13.2,activitywatch-v0.13.2-linux-x86_64.deb,linux,3933
2026-07-26T19:06:15.416747+00:00,v0.13.2,activitywatch-v0.13.2-linux-x86_64.zip,linux,91874
2026-07-26T19:06:15.416747+00:00,v0.13.2,activitywatch-v0.13.2-macos-x86_64.dmg,macos,126194
2026-07-26T19:06:15.416747+00:00,v0.13.2,activitywatch-v0.13.2-macos-x86_64.zip,macos,11250
2026-07-26T19:06:15.416747+00:00,v0.13.2,activitywatch-v0.13.2-windows-x86_64-setup.exe,windows,280217
2026-07-26T19:06:15.416747+00:00,v0.13.2,activitywatch-v0.13.2-windows-x86_64.zip,windows,27239
2026-07-26T19:06:15.416747+00:00,v0.14.0b2,activitywatch-linux-x86_64.AppImage,linux,11
2026-07-26T19:06:15.416747+00:00,v0.14.0b2,activitywatch-tauri-v0.14.0b2-macos-arm64.dmg,macos,60
2026-07-26T19:06:15.416747+00:00,v0.14.0b2,activitywatch-v0.14.0b2-linux-x86_64.zip,linux,51
2026-07-26T19:06:15.416747+00:00,v0.14.0b2,activitywatch-v0.14.0b2-macos-arm64.dmg,macos,76
2026-07-26T19:06:15.416747+00:00,v0.14.0b2,activitywatch-v0.14.0b2-macos-x86_64.dmg,macos,32
2026-07-26T19:06:15.416747+00:00,v0.14.0b2,activitywatch-v0.14.0b2-windows-x86_64-setup.exe,windows,199
2026-07-26T19:06:15.416747+00:00,v0.14.0b2,activitywatch-v0.14.0b2-windows-x86_64.zip,windows,13
2026-07-27T02:40:56.821040+00:00,v0.11.0,activitywatch-v0.11.0-linux-x86_64.zip,linux,19161
2026-07-27T02:40:56.821040+00:00,v0.11.0,activitywatch-v0.11.0-windows-x86_64-setup.exe,windows,38303
2026-07-27T02:40:56.821040+00:00,v0.12.0,activitywatch-v0.12.0-windows-x86_64-setup.exe,windows,8001
2026-07-27T02:40:56.821040+00:00,v0.12.2,activitywatch-v0.12.2-windows-x86_64-setup.exe,windows,57887
2026-07-27T02:40:56.821040+00:00,v0.12.3b18,activitywatch-v0.12.3b18-linux-x86_64.zip,linux,1813
2026-07-27T02:40:56.821040+00:00,v0.13.0,activitywatch-v0.13.0-windows-x86_64-setup.exe,windows,3004
2026-07-27T02:40:56.821040+00:00,v0.13.1,activitywatch-v0.13.1-windows-x86_64-setup.exe,windows,25714
2026-07-27T02:40:56.821040+00:00,v0.13.2,activitywatch-linux-x86_64.AppImage,linux,32859
2026-07-27T02:40:56.821040+00:00,v0.13.2,activitywatch-v0.13.2-linux-x86_64.deb,linux,3962
2026-07-27T02:40:56.821040+00:00,v0.13.2,activitywatch-v0.13.2-linux-x86_64.zip,linux,91910
2026-07-27T02:40:56.821040+00:00,v0.13.2,activitywatch-v0.13.2-macos-x86_64.dmg,macos,126282
2026-07-27T02:40:56.821040+00:00,v0.13.2,activitywatch-v0.13.2-macos-x86_64.zip,macos,11254
2026-07-27T02:40:56.821040+00:00,v0.13.2,activitywatch-v0.13.2-windows-x86_64-setup.exe,windows,280350
2026-07-27T02:40:56.821040+00:00,v0.13.2,activitywatch-v0.13.2-windows-x86_64.zip,windows,27249
2026-07-27T02:40:56.821040+00:00,v0.14.0b1,activitywatch-v0.14.0b1-macos-arm64.dmg,macos,1210
2026-07-27T02:40:56.821040+00:00,v0.14.0b2,activitywatch-linux-x86_64.AppImage,linux,12
2026-07-27T02:40:56.821040+00:00,v0.14.0b2,activitywatch-tauri-v0.14.0b2-macos-arm64.dmg,macos,66
2026-07-27T02:40:56.821040+00:00,v0.14.0b2,activitywatch-v0.14.0b2-linux-x86_64.deb,linux,11
2026-07-27T02:40:56.821040+00:00,v0.14.0b2,activitywatch-v0.14.0b2-linux-x86_64.zip,linux,55
2026-07-27T02:40:56.821040+00:00,v0.14.0b2,activitywatch-v0.14.0b2-macos-arm64.dmg,macos,81
2026-07-27T02:40:56.821040+00:00,v0.14.0b2,activitywatch-v0.14.0b2-macos-x86_64.dmg,macos,36
2026-07-27T02:40:56.821040+00:00,v0.14.0b2,activitywatch-v0.14.0b2-windows-x86_64-setup.exe,windows,212
2026-07-27T09:46:15.370220+00:00,v0.12.1,activitywatch-v0.12.1-windows-x86_64-setup.exe,windows,23177
2026-07-27T09:46:15.370220+00:00,v0.12.3b18,activitywatch-v0.12.3b18-linux-x86_64.zip,linux,1815
2026-07-27T09:46:15.370220+00:00,v0.13.1,activitywatch-linux-x86_64.AppImage,linux,3770
2026-07-27T09:46:15.370220+00:00,v0.13.2,activitywatch-linux-x86_64.AppImage,linux,32883
2026-07-27T09:46:15.370220+00:00,v0.13.2,activitywatch-v0.13.2-linux-x86_64.deb,linux,3987
2026-07-27T09:46:15.370220+00:00,v0.13.2,activitywatch-v0.13.2-linux-x86_64.zip,linux,91953
2026-07-27T09:46:15.370220+00:00,v0.13.2,activitywatch-v0.13.2-macos-x86_64.dmg,macos,126380
2026-07-27T09:46:15.370220+00:00,v0.13.2,activitywatch-v0.13.2-macos-x86_64.zip,macos,11258
2026-07-27T09:46:15.370220+00:00,v0.13.2,activitywatch-v0.13.2-windows-x86_64-setup.exe,windows,280549
2026-07-27T09:46:15.370220+00:00,v0.13.2,activitywatch-v0.13.2-windows-x86_64.zip,windows,27290
2026-07-27T09:46:15.370220+00:00,v0.14.0b1,activitywatch-v0.14.0b1-linux-x86_64.zip,linux,844
2026-07-27T09:46:15.370220+00:00,v0.14.0b2,activitywatch-linux-x86_64.AppImage,linux,14
2026-07-27T09:46:15.370220+00:00,v0.14.0b2,activitywatch-tauri-v0.14.0b2-linux-x86_64.deb,linux,3
2026-07-27T09:46:15.370220+00:00,v0.14.0b2,activitywatch-tauri-v0.14.0b2-macos-arm64.dmg,macos,68
2026-07-27T09:46:15.370220+00:00,v0.14.0b2,activitywatch-tauri-v0.14.0b2-windows-x86_64.zip,windows,5
2026-07-27T09:46:15.370220+00:00,v0.14.0b2,activitywatch-v0.14.0b2-linux-x86_64.deb,linux,12
2026-07-27T09:46:15.370220+00:00,v0.14.0b2,activitywatch-v0.14.0b2-linux-x86_64.zip,linux,60
2026-07-27T09:46:15.370220+00:00,v0.14.0b2,activitywatch-v0.14.0b2-macos-arm64.dmg,macos,83
2026-07-27T09:46:15.370220+00:00,v0.14.0b2,activitywatch-v0.14.0b2-macos-x86_64.dmg,macos,40
2026-07-27T09:46:15.370220+00:00,v0.14.0b2,activitywatch-v0.14.0b2-windows-x86_64-setup.exe,windows,231
2026-07-27T14:27:01.881440+00:00,v0.11.0,activitywatch-v0.11.0-windows-x86_64-setup.exe,windows,38304
2026-07-27T14:27:01.881440+00:00,v0.12.2,activitywatch-v0.12.2-windows-x86_64-setup.exe,windows,57892
2026-07-27T14:27:01.881440+00:00,v0.13.2,activitywatch-linux-x86_64.AppImage,linux,32899
2026-07-27T14:27:01.881440+00:00,v0.13.2,activitywatch-v0.13.2-linux-x86_64.deb,linux,4007
2026-07-27T14:27:01.881440+00:00,v0.13.2,activitywatch-v0.13.2-linux-x86_64.zip,linux,91977
2026-07-27T14:27:01.881440+00:00,v0.13.2,activitywatch-v0.13.2-macos-x86_64.dmg,macos,126454
2026-07-27T14:27:01.881440+00:00,v0.13.2,activitywatch-v0.13.2-macos-x86_64.zip,macos,11260
2026-07-27T14:27:01.881440+00:00,v0.13.2,activitywatch-v0.13.2-windows-x86_64-setup.exe,windows,280721
2026-07-27T14:27:01.881440+00:00,v0.13.2,activitywatch-v0.13.2-windows-x86_64.zip,windows,27302
2026-07-27T14:27:01.881440+00:00,v0.14.0b1,activitywatch-v0.14.0b1-macos-arm64.dmg,macos,1212
2026-07-27T14:27:01.881440+00:00,v0.14.0b2,activitywatch-tauri-v0.14.0b2-macos-arm64.dmg,macos,73
2026-07-27T14:27:01.881440+00:00,v0.14.0b2,activitywatch-v0.14.0b2-linux-x86_64.zip,linux,61
2026-07-27T14:27:01.881440+00:00,v0.14.0b2,activitywatch-v0.14.0b2-macos-arm64.dmg,macos,85
2026-07-27T14:27:01.881440+00:00,v0.14.0b2,activitywatch-v0.14.0b2-macos-arm64.zip,macos,9
2026-07-27T14:27:01.881440+00:00,v0.14.0b2,activitywatch-v0.14.0b2-macos-x86_64.dmg,macos,42
2026-07-27T14:27:01.881440+00:00,v0.14.0b2,activitywatch-v0.14.0b2-windows-x86_64-setup.exe,windows,248
2026-07-27T14:27:01.881440+00:00,v0.14.0b2,activitywatch-v0.14.0b2-windows-x86_64.zip,windows,14
2026-07-27T19:22:52.852505+00:00,v0.12.2,activitywatch-v0.12.2-macos-x86_64.dmg,macos,22528
2026-07-27T19:22:52.852505+00:00,v0.12.2,activitywatch-v0.12.2-windows-x86_64-setup.exe,windows,57895
2026-07-27T19:22:52.852505+00:00,v0.13.2,activitywatch-linux-x86_64.AppImage,linux,32914
2026-07-27T19:22:52.852505+00:00,v0.13.2,activitywatch-v0.13.2-linux-x86_64.deb,linux,4025
2026-07-27T19:22:52.852505+00:00,v0.13.2,activitywatch-v0.13.2-linux-x86_64.zip,linux,92011
2026-07-27T19:22:52.852505+00:00,v0.13.2,activitywatch-v0.13.2-macos-x86_64.dmg,macos,126515
2026-07-27T19:22:52.852505+00:00,v0.13.2,activitywatch-v0.13.2-macos-x86_64.zip,macos,11263
2026-07-27T19:22:52.852505+00:00,v0.13.2,activitywatch-v0.13.2-windows-x86_64-setup.exe,windows,280909
2026-07-27T19:22:52.852505+00:00,v0.13.2,activitywatch-v0.13.2-windows-x86_64.zip,windows,27307
2026-07-27T19:22:52.852505+00:00,v0.14.0b1,activitywatch-v0.14.0b1-macos-arm64.dmg,macos,1213
2026-07-27T19:22:52.852505+00:00,v0.14.0b2,activitywatch-linux-x86_64.AppImage,linux,15
2026-07-27T19:22:52.852505+00:00,v0.14.0b2,activitywatch-v0.14.0b2-linux-x86_64.zip,linux,70
2026-07-27T19:22:52.852505+00:00,v0.14.0b2,activitywatch-v0.14.0b2-macos-arm64.dmg,macos,88
2026-07-27T19:22:52.852505+00:00,v0.14.0b2,activitywatch-v0.14.0b2-macos-arm64.zip,macos,10
2026-07-27T19:22:52.852505+00:00,v0.14.0b2,activitywatch-v0.14.0b2-macos-x86_64.dmg,macos,46
2026-07-27T19:22:52.852505+00:00,v0.14.0b2,activitywatch-v0.14.0b2-windows-x86_64-setup.exe,windows,256
2026-07-27T19:22:52.852505+00:00,v0.14.0b2,activitywatch-v0.14.0b2-windows-x86_64.zip,windows,15
2026-07-27T19:22:52.852505+00:00,v0.8.0b7,activitywatch-v0.8.0b7-macos-x86_64.zip,macos,1331
2026-07-28T02:21:12.956782+00:00,v0.11.0,activitywatch-v0.11.0-windows-x86_64-setup.exe,windows,38305
2026-07-28T02:21:12.956782+00:00,v0.12.0,activitywatch-v0.12.0-windows-x86_64-setup.exe,windows,8017
2026-07-28T02:21:12.956782+00:00,v0.12.2,activitywatch-v0.12.2-windows-x86_64-setup.exe,windows,57896
2026-07-28T02:21:12.956782+00:00,v0.12.3b18,activitywatch-v0.12.3b18-linux-x86_64.zip,linux,1817
2026-07-28T02:21:12.956782+00:00,v0.13.0,activitywatch-v0.13.0-windows-x86_64-setup.exe,windows,3005
2026-07-28T02:21:12.956782+00:00,v0.13.1,activitywatch-v0.13.1-windows-x86_64-setup.exe,windows,25715
2026-07-28T02:21:12.956782+00:00,v0.13.2,activitywatch-linux-x86_64.AppImage,linux,32939
2026-07-28T02:21:12.956782+00:00,v0.13.2,activitywatch-v0.13.2-linux-x86_64.deb,linux,4047
2026-07-28T02:21:12.956782+00:00,v0.13.2,activitywatch-v0.13.2-linux-x86_64.zip,linux,92046
2026-07-28T02:21:12.956782+00:00,v0.13.2,activitywatch-v0.13.2-macos-x86_64.dmg,macos,126594
2026-07-28T02:21:12.956782+00:00,v0.13.2,activitywatch-v0.13.2-macos-x86_64.zip,macos,11267
2026-07-28T02:21:12.956782+00:00,v0.13.2,activitywatch-v0.13.2-windows-x86_64-setup.exe,windows,281047
2026-07-28T02:21:12.956782+00:00,v0.13.2,activitywatch-v0.13.2-windows-x86_64.zip,windows,27315
2026-07-28T02:21:12.956782+00:00,v0.14.0b1,activitywatch-v0.14.0b1-macos-arm64.dmg,macos,1214
2026-07-28T02:21:12.956782+00:00,v0.14.0b2,activitywatch-linux-x86_64.AppImage,linux,17
2026-07-28T02:21:12.956782+00:00,v0.14.0b2,activitywatch-tauri-v0.14.0b2-linux-aarch64.AppImage,linux,3
2026-07-28T02:21:12.956782+00:00,v0.14.0b2,activitywatch-tauri-v0.14.0b2-linux-aarch64.deb,linux,4
2026-07-28T02:21:12.956782+00:00,v0.14.0b2,activitywatch-tauri-v0.14.0b2-linux-aarch64.rpm,linux,3
2026-07-28T02:21:12.956782+00:00,v0.14.0b2,activitywatch-tauri-v0.14.0b2-linux-aarch64.zip,linux,3
2026-07-28T02:21:12.956782+00:00,v0.14.0b2,activitywatch-tauri-v0.14.0b2-linux-x86_64.AppImage,linux,4
2026-07-28T02:21:12.956782+00:00,v0.14.0b2,activitywatch-tauri-v0.14.0b2-linux-x86_64.deb,linux,4
2026-07-28T02:21:12.956782+00:00,v0.14.0b2,activitywatch-tauri-v0.14.0b2-linux-x86_64.rpm,linux,3
2026-07-28T02:21:12.956782+00:00,v0.14.0b2,activitywatch-tauri-v0.14.0b2-linux-x86_64.zip,linux,5
2026-07-28T02:21:12.956782+00:00,v0.14.0b2,activitywatch-tauri-v0.14.0b2-macos-arm64.dmg,macos,75
2026-07-28T02:21:12.956782+00:00,v0.14.0b2,activitywatch-tauri-v0.14.0b2-macos-arm64.zip,macos,4
2026-07-28T02:21:12.956782+00:00,v0.14.0b2,activitywatch-tauri-v0.14.0b2-macos-x86_64.dmg,macos,3
2026-07-28T02:21:12.956782+00:00,v0.14.0b2,activitywatch-tauri-v0.14.0b2-macos-x86_64.zip,macos,3
2026-07-28T02:21:12.956782+00:00,v0.14.0b2,activitywatch-tauri-v0.14.0b2-windows-x86_64-setup.exe,windows,9
2026-07-28T02:21:12.956782+00:00,v0.14.0b2,activitywatch-tauri-v0.14.0b2-windows-x86_64.zip,windows,7
2026-07-28T02:21:12.956782+00:00,v0.14.0b2,activitywatch-v0.14.0b2-linux-x86_64.deb,linux,13
2026-07-28T02:21:12.956782+00:00,v0.14.0b2,activitywatch-v0.14.0b2-linux-x86_64.zip,linux,78
2026-07-28T02:21:12.956782+00:00,v0.14.0b2,activitywatch-v0.14.0b2-macos-arm64.dmg,macos,92
2026-07-28T02:21:12.956782+00:00,v0.14.0b2,activitywatch-v0.14.0b2-macos-arm64.zip,macos,12
2026-07-28T02:21:12.956782+00:00,v0.14.0b2,activitywatch-v0.14.0b2-macos-x86_64.dmg,macos,47
2026-07-28T02:21:12.956782+00:00,v0.14.0b2,activitywatch-v0.14.0b2-macos-x86_64.zip,macos,3
2026-07-28T02:21:12.956782+00:00,v0.14.0b2,activitywatch-v0.14.0b2-windows-x86_64-setup.exe,windows,259
2026-07-28T02:21:12.956782+00:00,v0.14.0b2,activitywatch-v0.14.0b2-windows-x86_64.zip,windows,17
2026-07-28T08:29:07.341731+00:00,v0.10.0,activitywatch-v0.10.0-macos-x86_64.dmg,macos,5937
2026-07-28T08:29:07.341731+00:00,v0.12.2,activitywatch-v0.12.2-linux-x86_64.zip,linux,31622
2026-07-28T08:29:07.341731+00:00,v0.13.2,activitywatch-linux-x86_64.AppImage,linux,32963
2026-07-28T08:29:07.341731+00:00,v0.13.2,activitywatch-v0.13.2-linux-x86_64.deb,linux,4069
2026-07-28T08:29:07.341731+00:00,v0.13.2,activitywatch-v0.13.2-linux-x86_64.zip,linux,92084
2026-07-28T08:29:07.341731+00:00,v0.13.2,activitywatch-v0.13.2-macos-x86_64.dmg,macos,126684
2026-07-28T08:29:07.341731+00:00,v0.13.2,activitywatch-v0.13.2-macos-x86_64.zip,macos,11271
2026-07-28T08:29:07.341731+00:00,v0.13.2,activitywatch-v0.13.2-windows-x86_64-setup.exe,windows,281217
2026-07-28T08:29:07.341731+00:00,v0.13.2,activitywatch-v0.13.2-windows-x86_64.zip,windows,27333
2026-07-28T08:29:07.341731+00:00,v0.14.0b2,activitywatch-tauri-v0.14.0b2-macos-arm64.dmg,macos,81
2026-07-28T08:29:07.341731+00:00,v0.14.0b2,activitywatch-v0.14.0b2-linux-x86_64.zip,linux,82
2026-07-28T08:29:07.341731+00:00,v0.14.0b2,activitywatch-v0.14.0b2-macos-arm64.dmg,macos,96
2026-07-28T08:29:07.341731+00:00,v0.14.0b2,activitywatch-v0.14.0b2-macos-arm64.zip,macos,13
2026-07-28T08:29:07.341731+00:00,v0.14.0b2,activitywatch-v0.14.0b2-macos-x86_64.dmg,macos,48
2026-07-28T08:29:07.341731+00:00,v0.14.0b2,activitywatch-v0.14.0b2-windows-x86_64-setup.exe,windows,273
2026-07-28T08:29:07.341731+00:00,v0.14.0b2,activitywatch-v0.14.0b2-windows-x86_64.zip,windows,18
2026-07-28T14:00:07.802403+00:00,v0.13.2,activitywatch-linux-x86_64.AppImage,linux,32964
2026-07-28T14:00:07.802403+00:00,v0.13.2,activitywatch-v0.13.2-linux-x86_64.deb,linux,4070
2026-07-28T14:00:07.802403+00:00,v0.13.2,activitywatch-v0.13.2-linux-x86_64.zip,linux,92086
2026-07-28T14:00:07.802403+00:00,v0.13.2,activitywatch-v0.13.2-macos-x86_64.dmg,macos,126690
2026-07-28T14:00:07.802403+00:00,v0.13.2,activitywatch-v0.13.2-windows-x86_64-setup.exe,windows,281241
2026-07-28T14:00:07.802403+00:00,v0.13.2,activitywatch-v0.13.2-windows-x86_64.zip,windows,27336
2026-07-28T14:00:07.802403+00:00,v0.14.0b2,activitywatch-tauri-v0.14.0b2-macos-arm64.dmg,macos,83
2026-07-28T14:00:07.802403+00:00,v0.14.0b2,activitywatch-v0.14.0b2-linux-x86_64.zip,linux,83
2026-07-28T14:00:07.802403+00:00,v0.14.0b2,activitywatch-v0.14.0b2-windows-x86_64-setup.exe,windows,274
2026-07-28T14:00:07.802403+00:00,v0.14.0b3,activitywatch-linux-x86_64.AppImage,linux,0
2026-07-28T14:00:07.802403+00:00,v0.14.0b3,activitywatch-tauri-v0.14.0b3-linux-aarch64.AppImage,linux,0
2026-07-28T14:00:07.802403+00:00,v0.14.0b3,activitywatch-tauri-v0.14.0b3-linux-aarch64.deb,linux,0
2026-07-28T14:00:07.802403+00:00,v0.14.0b3,activitywatch-tauri-v0.14.0b3-linux-aarch64.rpm,linux,0
2026-07-28T14:00:07.802403+00:00,v0.14.0b3,activitywatch-tauri-v0.14.0b3-linux-aarch64.zip,linux,0
2026-07-28T14:00:07.802403+00:00,v0.14.0b3,activitywatch-tauri-v0.14.0b3-linux-x86_64.AppImage,linux,0
2026-07-28T14:00:07.802403+00:00,v0.14.0b3,activitywatch-tauri-v0.14.0b3-linux-x86_64.deb,linux,0
2026-07-28T14:00:07.802403+00:00,v0.14.0b3,activitywatch-tauri-v0.14.0b3-linux-x86_64.rpm,linux,0
2026-07-28T14:00:07.802403+00:00,v0.14.0b3,activitywatch-tauri-v0.14.0b3-linux-x86_64.zip,linux,0
2026-07-28T14:00:07.802403+00:00,v0.14.0b3,activitywatch-tauri-v0.14.0b3-macos-arm64.dmg,macos,0
2026-07-28T14:00:07.802403+00:00,v0.14.0b3,activitywatch-tauri-v0.14.0b3-macos-arm64.zip,macos,0
2026-07-28T14:00:07.802403+00:00,v0.14.0b3,activitywatch-tauri-v0.14.0b3-macos-x86_64.dmg,macos,0
2026-07-28T14:00:07.802403+00:00,v0.14.0b3,activitywatch-tauri-v0.14.0b3-macos-x86_64.zip,macos,0
2026-07-28T14:00:07.802403+00:00,v0.14.0b3,activitywatch-tauri-v0.14.0b3-windows-x86_64-setup.exe,windows,0
2026-07-28T14:00:07.802403+00:00,v0.14.0b3,activitywatch-tauri-v0.14.0b3-windows-x86_64.zip,windows,0
2026-07-28T14:00:07.802403+00:00,v0.14.0b3,activitywatch-v0.14.0b3-linux-x86_64.deb,linux,0
2026-07-28T14:00:07.802403+00:00,v0.14.0b3,activitywatch-v0.14.0b3-linux-x86_64.zip,linux,0
2026-07-28T14:00:07.802403+00:00,v0.14.0b3,activitywatch-v0.14.0b3-macos-arm64.dmg,macos,0
2026-07-28T14:00:07.802403+00:00,v0.14.0b3,activitywatch-v0.14.0b3-macos-arm64.zip,macos,0
2026-07-28T14:00:07.802403+00:00,v0.14.0b3,activitywatch-v0.14.0b3-macos-x86_64.dmg,macos,0
2026-07-28T14:00:07.802403+00:00,v0.14.0b3,activitywatch-v0.14.0b3-macos-x86_64.zip,macos,0
2026-07-28T14:00:07.802403+00:00,v0.14.0b3,activitywatch-v0.14.0b3-windows-x86_64-setup.exe,windows,0
2026-07-28T14:00:07.802403+00:00,v0.14.0b3,activitywatch-v0.14.0b3-windows-x86_64.zip,windows,0
2026-07-29T02:25:15.081986+00:00,v0.11.0,activitywatch-v0.11.0-windows-x86_64-setup.exe,windows,38306
2026-07-29T02:25:15.081986+00:00,v0.12.0,activitywatch-v0.12.0-windows-x86_64-setup.exe,windows,8018
2026-07-29T02:25:15.081986+00:00,v0.12.2,activitywatch-v0.12.2-windows-x86_64-setup.exe,windows,57897
2026-07-29T02:25:15.081986+00:00,v0.12.3b15,activitywatch-v0.12.3b15-linux-x86_64.zip,linux,2841
2026-07-29T02:25:15.081986+00:00,v0.13.0,activitywatch-v0.13.0-windows-x86_64-setup.exe,windows,3007
2026-07-29T02:25:15.081986+00:00,v0.13.1,activitywatch-v0.13.1-windows-x86_64-setup.exe,windows,25716
2026-07-29T02:25:15.081986+00:00,v0.13.2,activitywatch-linux-x86_64.AppImage,linux,32990
2026-07-29T02:25:15.081986+00:00,v0.13.2,activitywatch-v0.13.2-linux-x86_64.deb,linux,4099
2026-07-29T02:25:15.081986+00:00,v0.13.2,activitywatch-v0.13.2-linux-x86_64.zip,linux,92123
2026-07-29T02:25:15.081986+00:00,v0.13.2,activitywatch-v0.13.2-macos-x86_64.dmg,macos,126776
2026-07-29T02:25:15.081986+00:00,v0.13.2,activitywatch-v0.13.2-macos-x86_64.zip,macos,11275
2026-07-29T02:25:15.081986+00:00,v0.13.2,activitywatch-v0.13.2-windows-x86_64-setup.exe,windows,281392
2026-07-29T02:25:15.081986+00:00,v0.13.2,activitywatch-v0.13.2-windows-x86_64.zip,windows,27346
2026-07-29T02:25:15.081986+00:00,v0.14.0b2,activitywatch-v0.14.0b2-macos-arm64.dmg,macos,104
2026-07-29T02:25:15.081986+00:00,v0.14.0b2,activitywatch-v0.14.0b2-windows-x86_64-setup.exe,windows,275
2026-07-29T02:25:15.081986+00:00,v0.14.0b3,activitywatch-linux-x86_64.AppImage,linux,1
2026-07-29T02:25:15.081986+00:00,v0.14.0b3,activitywatch-tauri-v0.14.0b3-linux-x86_64.AppImage,linux,1
2026-07-29T02:25:15.081986+00:00,v0.14.0b3,activitywatch-tauri-v0.14.0b3-macos-arm64.dmg,macos,9
2026-07-29T02:25:15.081986+00:00,v0.14.0b3,activitywatch-tauri-v0.14.0b3-windows-x86_64.zip,windows,2
2026-07-29T02:25:15.081986+00:00,v0.14.0b3,activitywatch-v0.14.0b3-macos-arm64.dmg,macos,2
2026-07-29T02:25:15.081986+00:00,v0.14.0b3,activitywatch-v0.14.0b3-macos-arm64.zip,macos,1
2026-07-29T02:25:15.081986+00:00,v0.14.0b3,activitywatch-v0.14.0b3-macos-x86_64.dmg,macos,8
2026-07-29T02:25:15.081986+00:00,v0.14.0b3,activitywatch-v0.14.0b3-windows-x86_64-setup.exe,windows,7
2026-07-29T02:25:15.081986+00:00,v0.14.0b3,activitywatch-v0.14.0b3-windows-x86_64.zip,windows,1
2026-07-29T08:35:45.503525+00:00,v0.13.2,activitywatch-linux-x86_64.AppImage,linux,33013
2026-07-29T08:35:45.503525+00:00,v0.13.2,activitywatch-v0.13.2-linux-x86_64.deb,linux,4125
2026-07-29T08:35:45.503525+00:00,v0.13.2,activitywatch-v0.13.2-linux-x86_64.zip,linux,92188
2026-07-29T08:35:45.503525+00:00,v0.13.2,activitywatch-v0.13.2-macos-x86_64.dmg,macos,126860
2026-07-29T08:35:45.503525+00:00,v0.13.2,activitywatch-v0.13.2-macos-x86_64.zip,macos,11288
2026-07-29T08:35:45.503525+00:00,v0.13.2,activitywatch-v0.13.2-windows-x86_64-setup.exe,windows,281552
2026-07-29T08:35:45.503525+00:00,v0.13.2,activitywatch-v0.13.2-windows-x86_64.zip,windows,27371
2026-07-29T08:35:45.503525+00:00,v0.14.0b1,activitywatch-v0.14.0b1-macos-arm64.dmg,macos,1215
2026-07-29T08:35:45.503525+00:00,v0.14.0b2,activitywatch-tauri-v0.14.0b2-macos-arm64.dmg,macos,84
2026-07-29T08:35:45.503525+00:00,v0.14.0b2,activitywatch-v0.14.0b2-macos-arm64.dmg,macos,106
2026-07-29T08:35:45.503525+00:00,v0.14.0b2,activitywatch-v0.14.0b2-macos-x86_64.dmg,macos,49
2026-07-29T08:35:45.503525+00:00,v0.14.0b2,activitywatch-v0.14.0b2-windows-x86_64-setup.exe,windows,276
2026-07-29T08:35:45.503525+00:00,v0.14.0b3,activitywatch-tauri-v0.14.0b3-linux-x86_64.rpm,linux,1
2026-07-29T08:35:45.503525+00:00,v0.14.0b3,activitywatch-tauri-v0.14.0b3-macos-arm64.dmg,macos,15
2026-07-29T08:35:45.503525+00:00,v0.14.0b3,activitywatch-tauri-v0.14.0b3-macos-arm64.zip,macos,1
2026-07-29T08:35:45.503525+00:00,v0.14.0b3,activitywatch-tauri-v0.14.0b3-windows-x86_64-setup.exe,windows,3
2026-07-29T08:35:45.503525+00:00,v0.14.0b3,activitywatch-tauri-v0.14.0b3-windows-x86_64.zip,windows,3
2026-07-29T08:35:45.503525+00:00,v0.14.0b3,activitywatch-v0.14.0b3-linux-x86_64.zip,linux,1
2026-07-29T08:35:45.503525+00:00,v0.14.0b3,activitywatch-v0.14.0b3-macos-arm64.dmg,macos,7
2026-07-29T08:35:45.503525+00:00,v0.14.0b3,activitywatch-v0.14.0b3-macos-arm64.zip,macos,3
2026-07-29T08:35:45.503525+00:00,v0.14.0b3,activitywatch-v0.14.0b3-windows-x86_64-setup.exe,windows,27
2026-07-29T08:35:45.503525+00:00,v0.14.0b3,activitywatch-v0.14.0b3-windows-x86_64.zip,windows,4
2026-07-29T14:03:50.657571+00:00,v0.12.0,activitywatch-v0.12.0-linux-x86_64.zip,linux,3163
2026-07-29T14:03:50.657571+00:00,v0.12.0b2,activitywatch-v0.12.0b2-linux-x86_64.zip,linux,816
2026-07-29T14:03:50.657571+00:00,v0.12.2,activitywatch-v0.12.2-windows-x86_64.zip,windows,12014
2026-07-29T14:03:50.657571+00:00,v0.13.2,activitywatch-linux-x86_64.AppImage,linux,33033
2026-07-29T14:03:50.657571+00:00,v0.13.2,activitywatch-v0.13.2-linux-x86_64.deb,linux,4153
2026-07-29T14:03:50.657571+00:00,v0.13.2,activitywatch-v0.13.2-linux-x86_64.zip,linux,92242
2026-07-29T14:03:50.657571+00:00,v0.13.2,activitywatch-v0.13.2-macos-x86_64.dmg,macos,126920
2026-07-29T14:03:50.657571+00:00,v0.13.2,activitywatch-v0.13.2-macos-x86_64.zip,macos,11292
2026-07-29T14:03:50.657571+00:00,v0.13.2,activitywatch-v0.13.2-windows-x86_64-setup.exe,windows,281786
2026-07-29T14:03:50.657571+00:00,v0.13.2,activitywatch-v0.13.2-windows-x86_64.zip,windows,27391
2026-07-29T14:03:50.657571+00:00,v0.14.0b1,activitywatch-v0.14.0b1-macos-arm64.dmg,macos,1216
2026-07-29T14:03:50.657571+00:00,v0.14.0b3,activitywatch-linux-x86_64.AppImage,linux,2
2026-07-29T14:03:50.657571+00:00,v0.14.0b3,activitywatch-tauri-v0.14.0b3-linux-aarch64.AppImage,linux,1
2026-07-29T14:03:50.657571+00:00,v0.14.0b3,activitywatch-tauri-v0.14.0b3-linux-aarch64.deb,linux,1
2026-07-29T14:03:50.657571+00:00,v0.14.0b3,activitywatch-tauri-v0.14.0b3-linux-aarch64.rpm,linux,1
2026-07-29T14:03:50.657571+00:00,v0.14.0b3,activitywatch-tauri-v0.14.0b3-linux-aarch64.zip,linux,1
2026-07-29T14:03:50.657571+00:00,v0.14.0b3,activitywatch-tauri-v0.14.0b3-linux-x86_64.AppImage,linux,2
2026-07-29T14:03:50.657571+00:00,v0.14.0b3,activitywatch-tauri-v0.14.0b3-linux-x86_64.deb,linux,1
2026-07-29T14:03:50.657571+00:00,v0.14.0b3,activitywatch-tauri-v0.14.0b3-linux-x86_64.rpm,linux,3
2026-07-29T14:03:50.657571+00:00,v0.14.0b3,activitywatch-tauri-v0.14.0b3-linux-x86_64.zip,linux,1
2026-07-29T14:03:50.657571+00:00,v0.14.0b3,activitywatch-tauri-v0.14.0b3-macos-arm64.dmg,macos,26
2026-07-29T14:03:50.657571+00:00,v0.14.0b3,activitywatch-tauri-v0.14.0b3-macos-arm64.zip,macos,2
2026-07-29T14:03:50.657571+00:00,v0.14.0b3,activitywatch-tauri-v0.14.0b3-macos-x86_64.dmg,macos,1
2026-07-29T14:03:50.657571+00:00,v0.14.0b3,activitywatch-tauri-v0.14.0b3-macos-x86_64.zip,macos,1
2026-07-29T14:03:50.657571+00:00,v0.14.0b3,activitywatch-tauri-v0.14.0b3-windows-x86_64-setup.exe,windows,4
2026-07-29T14:03:50.657571+00:00,v0.14.0b3,activitywatch-tauri-v0.14.0b3-windows-x86_64.zip,windows,4
2026-07-29T14:03:50.657571+00:00,v0.14.0b3,activitywatch-v0.14.0b3-linux-x86_64.deb,linux,2
2026-07-29T14:03:50.657571+00:00,v0.14.0b3,activitywatch-v0.14.0b3-linux-x86_64.zip,linux,8
2026-07-29T14:03:50.657571+00:00,v0.14.0b3,activitywatch-v0.14.0b3-macos-arm64.dmg,macos,13
2026-07-29T14:03:50.657571+00:00,v0.14.0b3,activitywatch-v0.14.0b3-macos-arm64.zip,macos,4
2026-07-29T14:03:50.657571+00:00,v0.14.0b3,activitywatch-v0.14.0b3-macos-x86_64.dmg,macos,13
2026-07-29T14:03:50.657571+00:00,v0.14.0b3,activitywatch-v0.14.0b3-macos-x86_64.zip,macos,1
2026-07-29T14:03:50.657571+00:00,v0.14.0b3,activitywatch-v0.14.0b3-windows-x86_64-setup.exe,windows,53
2026-07-29T14:03:50.657571+00:00,v0.14.0b3,activitywatch-v0.14.0b3-windows-x86_64.zip,windows,7
2026-07-29T19:11:11.350945+00:00,v0.11.0,activitywatch-v0.11.0-windows-x86_64-setup.exe,windows,38308
2026-07-29T19:11:11.350945+00:00,v0.12.0,activitywatch-v0.12.0-windows-x86_64-setup.exe,windows,8023
2026-07-29T19:11:11.350945+00:00,v0.12.2,activitywatch-v0.12.2-windows-x86_64-setup.exe,windows,57899
2026-07-29T19:11:11.350945+00:00,v0.13.0,activitywatch-v0.13.0-windows-x86_64-setup.exe,windows,3009
2026-07-29T19:11:11.350945+00:00,v0.13.1,activitywatch-v0.13.1-windows-x86_64-setup.exe,windows,25718
2026-07-29T19:11:11.350945+00:00,v0.13.2,activitywatch-linux-x86_64.AppImage,linux,33053
2026-07-29T19:11:11.350945+00:00,v0.13.2,activitywatch-v0.13.2-linux-x86_64.deb,linux,4181
2026-07-29T19:11:11.350945+00:00,v0.13.2,activitywatch-v0.13.2-linux-x86_64.zip,linux,92289
2026-07-29T19:11:11.350945+00:00,v0.13.2,activitywatch-v0.13.2-macos-x86_64.dmg,macos,127003
2026-07-29T19:11:11.350945+00:00,v0.13.2,activitywatch-v0.13.2-macos-x86_64.zip,macos,11300
2026-07-29T19:11:11.350945+00:00,v0.13.2,activitywatch-v0.13.2-windows-x86_64-setup.exe,windows,281962
2026-07-29T19:11:11.350945+00:00,v0.13.2,activitywatch-v0.13.2-windows-x86_64.zip,windows,27404
2026-07-29T19:11:11.350945+00:00,v0.14.0b3,activitywatch-linux-x86_64.AppImage,linux,4
2026-07-29T19:11:11.350945+00:00,v0.14.0b3,activitywatch-tauri-v0.14.0b3-macos-arm64.dmg,macos,29
2026-07-29T19:11:11.350945+00:00,v0.14.0b3,activitywatch-tauri-v0.14.0b3-macos-arm64.zip,macos,3
2026-07-29T19:11:11.350945+00:00,v0.14.0b3,activitywatch-tauri-v0.14.0b3-windows-x86_64-setup.exe,windows,6
2026-07-29T19:11:11.350945+00:00,v0.14.0b3,activitywatch-tauri-v0.14.0b3-windows-x86_64.zip,windows,5
2026-07-29T19:11:11.350945+00:00,v0.14.0b3,activitywatch-v0.14.0b3-linux-x86_64.deb,linux,3
2026-07-29T19:11:11.350945+00:00,v0.14.0b3,activitywatch-v0.14.0b3-linux-x86_64.zip,linux,12
2026-07-29T19:11:11.350945+00:00,v0.14.0b3,activitywatch-v0.14.0b3-macos-arm64.dmg,macos,15
2026-07-29T19:11:11.350945+00:00,v0.14.0b3,activitywatch-v0.14.0b3-macos-arm64.zip,macos,6
2026-07-29T19:11:11.350945+00:00,v0.14.0b3,activitywatch-v0.14.0b3-macos-x86_64.dmg,macos,20
2026-07-29T19:11:11.350945+00:00,v0.14.0b3,activitywatch-v0.14.0b3-windows-x86_64-setup.exe,windows,66
2026-07-29T19:11:11.350945+00:00,v0.14.0b3,activitywatch-v0.14.0b3-windows-x86_64.zip,windows,9
2026-07-29T19:11:11.350945+00:00,v0.8.0b7,activitywatch-v0.8.0b7-macos-x86_64.zip,macos,1356
2026-07-30T02:07:23.151972+00:00,v0.11.0,activitywatch-v0.11.0-windows-x86_64-setup.exe,windows,38309
2026-07-30T02:07:23.151972+00:00,v0.12.0,activitywatch-v0.12.0-windows-x86_64-setup.exe,windows,8024
2026-07-30T02:07:23.151972+00:00,v0.12.2,activitywatch-v0.12.2-windows-x86_64-setup.exe,windows,57900
2026-07-30T02:07:23.151972+00:00,v0.13.0,activitywatch-v0.13.0-windows-x86_64-setup.exe,windows,3010
2026-07-30T02:07:23.151972+00:00,v0.13.1,activitywatch-v0.13.1-windows-x86_64-setup.exe,windows,25719
2026-07-30T02:07:23.151972+00:00,v0.13.2,activitywatch-linux-x86_64.AppImage,linux,33082
2026-07-30T02:07:23.151972+00:00,v0.13.2,activitywatch-v0.13.2-linux-x86_64.deb,linux,4210
2026-07-30T02:07:23.151972+00:00,v0.13.2,activitywatch-v0.13.2-linux-x86_64.zip,linux,92323
2026-07-30T02:07:23.151972+00:00,v0.13.2,activitywatch-v0.13.2-macos-x86_64.dmg,macos,127082
2026-07-30T02:07:23.151972+00:00,v0.13.2,activitywatch-v0.13.2-macos-x86_64.zip,macos,11305
2026-07-30T02:07:23.151972+00:00,v0.13.2,activitywatch-v0.13.2-windows-x86_64-setup.exe,windows,282121
2026-07-30T02:07:23.151972+00:00,v0.13.2,activitywatch-v0.13.2-windows-x86_64.zip,windows,27426
2026-07-30T02:07:23.151972+00:00,v0.14.0b3,activitywatch-linux-x86_64.AppImage,linux,7
2026-07-30T02:07:23.151972+00:00,v0.14.0b3,activitywatch-tauri-v0.14.0b3-linux-aarch64.AppImage,linux,2
2026-07-30T02:07:23.151972+00:00,v0.14.0b3,activitywatch-tauri-v0.14.0b3-linux-aarch64.deb,linux,2
2026-07-30T02:07:23.151972+00:00,v0.14.0b3,activitywatch-tauri-v0.14.0b3-linux-aarch64.rpm,linux,2
2026-07-30T02:07:23.151972+00:00,v0.14.0b3,activitywatch-tauri-v0.14.0b3-linux-aarch64.zip,linux,2
2026-07-30T02:07:23.151972+00:00,v0.14.0b3,activitywatch-tauri-v0.14.0b3-linux-x86_64.AppImage,linux,3
2026-07-30T02:07:23.151972+00:00,v0.14.0b3,activitywatch-tauri-v0.14.0b3-linux-x86_64.deb,linux,2
2026-07-30T02:07:23.151972+00:00,v0.14.0b3,activitywatch-tauri-v0.14.0b3-linux-x86_64.rpm,linux,4
2026-07-30T02:07:23.151972+00:00,v0.14.0b3,activitywatch-tauri-v0.14.0b3-linux-x86_64.zip,linux,2
2026-07-30T02:07:23.151972+00:00,v0.14.0b3,activitywatch-tauri-v0.14.0b3-macos-arm64.dmg,macos,31
2026-07-30T02:07:23.151972+00:00,v0.14.0b3,activitywatch-tauri-v0.14.0b3-macos-arm64.zip,macos,4
2026-07-30T02:07:23.151972+00:00,v0.14.0b3,activitywatch-tauri-v0.14.0b3-macos-x86_64.dmg,macos,2
2026-07-30T02:07:23.151972+00:00,v0.14.0b3,activitywatch-tauri-v0.14.0b3-macos-x86_64.zip,macos,2
2026-07-30T02:07:23.151972+00:00,v0.14.0b3,activitywatch-tauri-v0.14.0b3-windows-x86_64-setup.exe,windows,7
2026-07-30T02:07:23.151972+00:00,v0.14.0b3,activitywatch-tauri-v0.14.0b3-windows-x86_64.zip,windows,6
2026-07-30T02:07:23.151972+00:00,v0.14.0b3,activitywatch-v0.14.0b3-linux-x86_64.deb,linux,5
2026-07-30T02:07:23.151972+00:00,v0.14.0b3,activitywatch-v0.14.0b3-linux-x86_64.zip,linux,13
2026-07-30T02:07:23.151972+00:00,v0.14.0b3,activitywatch-v0.14.0b3-macos-arm64.dmg,macos,23
2026-07-30T02:07:23.151972+00:00,v0.14.0b3,activitywatch-v0.14.0b3-macos-arm64.zip,macos,7
2026-07-30T02:07:23.151972+00:00,v0.14.0b3,activitywatch-v0.14.0b3-macos-x86_64.dmg,macos,23
2026-07-30T02:07:23.151972+00:00,v0.14.0b3,activitywatch-v0.14.0b3-macos-x86_64.zip,macos,2
2026-07-30T02:07:23.151972+00:00,v0.14.0b3,activitywatch-v0.14.0b3-windows-x86_64-setup.exe,windows,76
2026-07-30T02:07:23.151972+00:00,v0.14.0b3,activitywatch-v0.14.0b3-windows-x86_64.zip,windows,10
2026-07-30T08:21:18.694409+00:00,v0.12.0,activitywatch-v0.12.0-windows-x86_64-setup.exe,windows,8026
2026-07-30T08:21:18.694409+00:00,v0.13.1,activitywatch-v0.13.1-windows-x86_64-setup.exe,windows,25721
2026-07-30T08:21:18.694409+00:00,v0.13.2,activitywatch-linux-x86_64.AppImage,linux,33106
2026-07-30T08:21:18.694409+00:00,v0.13.2,activitywatch-v0.13.2-linux-x86_64.deb,linux,4235
2026-07-30T08:21:18.694409+00:00,v0.13.2,activitywatch-v0.13.2-linux-x86_64.zip,linux,92368
2026-07-30T08:21:18.694409+00:00,v0.13.2,activitywatch-v0.13.2-macos-x86_64.dmg,macos,127165
2026-07-30T08:21:18.694409+00:00,v0.13.2,activitywatch-v0.13.2-macos-x86_64.zip,macos,11309
2026-07-30T08:21:18.694409+00:00,v0.13.2,activitywatch-v0.13.2-windows-x86_64-setup.exe,windows,282289
2026-07-30T08:21:18.694409+00:00,v0.13.2,activitywatch-v0.13.2-windows-x86_64.zip,windows,27449
2026-07-30T08:21:18.694409+00:00,v0.14.0b1,activitywatch-v0.14.0b1-macos-arm64.dmg,macos,1218
2026-07-30T08:21:18.694409+00:00,v0.14.0b2,activitywatch-v0.14.0b2-windows-x86_64.zip,windows,19
2026-07-30T08:21:18.694409+00:00,v0.14.0b3,activitywatch-tauri-v0.14.0b3-macos-arm64.zip,macos,7
2026-07-30T08:21:18.694409+00:00,v0.14.0b3,activitywatch-v0.14.0b3-linux-x86_64.deb,linux,6
2026-07-30T08:21:18.694409+00:00,v0.14.0b3,activitywatch-v0.14.0b3-linux-x86_64.zip,linux,14
2026-07-30T08:21:18.694409+00:00,v0.14.0b3,activitywatch-v0.14.0b3-macos-arm64.dmg,macos,27
2026-07-30T08:21:18.694409+00:00,v0.14.0b3,activitywatch-v0.14.0b3-macos-arm64.zip,macos,9
2026-07-30T08:21:18.694409+00:00,v0.14.0b3,activitywatch-v0.14.0b3-macos-x86_64.dmg,macos,27
2026-07-30T08:21:18.694409+00:00,v0.14.0b3,activitywatch-v0.14.0b3-windows-x86_64-setup.exe,windows,93
2026-07-30T08:21:18.694409+00:00,v0.9.1,activitywatch-v0.9.1-windows-x86_64-setup.exe,windows,222
2026-07-30T13:53:08.442833+00:00,v0.11.0,activitywatch-v0.11.0-windows-x86_64-setup.exe,windows,38310
2026-07-30T13:53:08.442833+00:00,v0.12.1,activitywatch-v0.12.1-windows-x86_64-setup.exe,windows,23178
2026-07-30T13:53:08.442833+00:00,v0.13.1,activitywatch-v0.13.1-windows-x86_64-setup.exe,windows,25722
2026-07-30T13:53:08.442833+00:00,v0.13.2,activitywatch-linux-x86_64.AppImage,linux,33128
2026-07-30T13:53:08.442833+00:00,v0.13.2,activitywatch-v0.13.2-linux-x86_64.deb,linux,4262
2026-07-30T13:53:08.442833+00:00,v0.13.2,activitywatch-v0.13.2-linux-x86_64.zip,linux,92424
2026-07-30T13:53:08.442833+00:00,v0.13.2,activitywatch-v0.13.2-macos-x86_64.dmg,macos,127245
2026-07-30T13:53:08.442833+00:00,v0.13.2,activitywatch-v0.13.2-macos-x86_64.zip,macos,11321
2026-07-30T13:53:08.442833+00:00,v0.13.2,activitywatch-v0.13.2-windows-x86_64-setup.exe,windows,282487
2026-07-30T13:53:08.442833+00:00,v0.13.2,activitywatch-v0.13.2-windows-x86_64.zip,windows,27463
2026-07-30T13:53:08.442833+00:00,v0.14.0b3,activitywatch-linux-x86_64.AppImage,linux,8
2026-07-30T13:53:08.442833+00:00,v0.14.0b3,activitywatch-tauri-v0.14.0b3-macos-arm64.dmg,macos,34
2026-07-30T13:53:08.442833+00:00,v0.14.0b3,activitywatch-tauri-v0.14.0b3-windows-x86_64-setup.exe,windows,8
2026-07-30T13:53:08.442833+00:00,v0.14.0b3,activitywatch-v0.14.0b3-linux-x86_64.zip,linux,16
2026-07-30T13:53:08.442833+00:00,v0.14.0b3,activitywatch-v0.14.0b3-windows-x86_64-setup.exe,windows,106
2026-07-30T13:53:08.442833+00:00,v0.14.0b3,activitywatch-v0.14.0b3-windows-x86_64.zip,windows,11
2026-07-30T13:53:08.442833+00:00,v0.8.0b7,activitywatch-v0.8.0b7-macos-x86_64.zip,macos,1391
2026-07-30T19:20:52.759667+00:00,v0.12.0,activitywatch-v0.12.0-windows-x86_64-setup.exe,windows,8027
2026-07-30T19:20:52.759667+00:00,v0.12.3b10,activitywatch-linux-x86_64.AppImage,linux,106
2026-07-30T19:20:52.759667+00:00,v0.13.2,activitywatch-linux-x86_64.AppImage,linux,33151
2026-07-30T19:20:52.759667+00:00,v0.13.2,activitywatch-v0.13.2-linux-x86_64.deb,linux,4287
2026-07-30T19:20:52.759667+00:00,v0.13.2,activitywatch-v0.13.2-linux-x86_64.zip,linux,92472
2026-07-30T19:20:52.759667+00:00,v0.13.2,activitywatch-v0.13.2-macos-x86_64.dmg,macos,127329
2026-07-30T19:20:52.759667+00:00,v0.13.2,activitywatch-v0.13.2-macos-x86_64.zip,macos,11329
2026-07-30T19:20:52.759667+00:00,v0.13.2,activitywatch-v0.13.2-windows-x86_64-setup.exe,windows,282658
2026-07-30T19:20:52.759667+00:00,v0.13.2,activitywatch-v0.13.2-windows-x86_64.zip,windows,27491
2026-07-30T19:20:52.759667+00:00,v0.14.0b3,activitywatch-linux-x86_64.AppImage,linux,9
2026-07-30T19:20:52.759667+00:00,v0.14.0b3,activitywatch-tauri-v0.14.0b3-macos-arm64.dmg,macos,37
2026-07-30T19:20:52.759667+00:00,v0.14.0b3,activitywatch-v0.14.0b3-linux-x86_64.zip,linux,19
2026-07-30T19:20:52.759667+00:00,v0.14.0b3,activitywatch-v0.14.0b3-macos-arm64.dmg,macos,32
2026-07-30T19:20:52.759667+00:00,v0.14.0b3,activitywatch-v0.14.0b3-windows-x86_64-setup.exe,windows,133
2026-07-31T02:35:11.440982+00:00,v0.11.0,activitywatch-v0.11.0-windows-x86_64-setup.exe,windows,38311
2026-07-31T02:35:11.440982+00:00,v0.12.0,activitywatch-v0.12.0-windows-x86_64-setup.exe,windows,8028
2026-07-31T02:35:11.440982+00:00,v0.12.2,activitywatch-v0.12.2-windows-x86_64-setup.exe,windows,57901
2026-07-31T02:35:11.440982+00:00,v0.13.0,activitywatch-v0.13.0-windows-x86_64-setup.exe,windows,3011
2026-07-31T02:35:11.440982+00:00,v0.13.1,activitywatch-v0.13.1-windows-x86_64-setup.exe,windows,25723
2026-07-31T02:35:11.440982+00:00,v0.13.2,activitywatch-linux-x86_64.AppImage,linux,33178
2026-07-31T02:35:11.440982+00:00,v0.13.2,activitywatch-v0.13.2-linux-x86_64.deb,linux,4314
2026-07-31T02:35:11.440982+00:00,v0.13.2,activitywatch-v0.13.2-linux-x86_64.zip,linux,92501
2026-07-31T02:35:11.440982+00:00,v0.13.2,activitywatch-v0.13.2-macos-x86_64.dmg,macos,127417
2026-07-31T02:35:11.440982+00:00,v0.13.2,activitywatch-v0.13.2-macos-x86_64.zip,macos,11339
2026-07-31T02:35:11.440982+00:00,v0.13.2,activitywatch-v0.13.2-windows-x86_64-setup.exe,windows,282783
2026-07-31T02:35:11.440982+00:00,v0.13.2,activitywatch-v0.13.2-windows-x86_64.zip,windows,27505
2026-07-31T02:35:11.440982+00:00,v0.14.0b3,activitywatch-linux-x86_64.AppImage,linux,10
2026-07-31T02:35:11.440982+00:00,v0.14.0b3,activitywatch-tauri-v0.14.0b3-macos-arm64.dmg,macos,41
2026-07-31T02:35:11.440982+00:00,v0.14.0b3,activitywatch-v0.14.0b3-linux-x86_64.zip,linux,20
2026-07-31T02:35:11.440982+00:00,v0.14.0b3,activitywatch-v0.14.0b3-macos-arm64.dmg,macos,35
2026-07-31T02:35:11.440982+00:00,v0.14.0b3,activitywatch-v0.14.0b3-windows-x86_64-setup.exe,windows,161
2026-07-31T08:45:19.288455+00:00,v0.11.0,activitywatch-v0.11.0-windows-x86_64-setup.exe,windows,38312
2026-07-31T08:45:19.288455+00:00,v0.12.0,activitywatch-v0.12.0-windows-x86_64-setup.exe,windows,8029
2026-07-31T08:45:19.288455+00:00,v0.12.2,activitywatch-v0.12.2-windows-x86_64-setup.exe,windows,57902
2026-07-31T08:45:19.288455+00:00,v0.12.3b16,activitywatch-v0.12.3b16-linux-x86_64.zip,linux,1032
2026-07-31T08:45:19.288455+00:00,v0.12.3b16,activitywatch-v0.12.3b16-macos-x86_64.dmg,macos,630
2026-07-31T08:45:19.288455+00:00,v0.12.3b16,activitywatch-v0.12.3b16-windows-x86_64-setup.exe,windows,2450
2026-07-31T08:45:19.288455+00:00,v0.12.3b17,activitywatch-v0.12.3b17-linux-x86_64.zip,linux,1015
2026-07-31T08:45:19.288455+00:00,v0.12.3b17,activitywatch-v0.12.3b17-macos-x86_64.dmg,macos,68
2026-07-31T08:45:19.288455+00:00,v0.12.3b17,activitywatch-v0.12.3b17-windows-x86_64-setup.exe,windows,199
2026-07-31T08:45:19.288455+00:00,v0.12.3b18,activitywatch-v0.12.3b18-linux-x86_64.zip,linux,1818
2026-07-31T08:45:19.288455+00:00,v0.12.3b18,activitywatch-v0.12.3b18-macos-x86_64.dmg,macos,72
2026-07-31T08:45:19.288455+00:00,v0.12.3b18,activitywatch-v0.12.3b18-windows-x86_64-setup.exe,windows,144
2026-07-31T08:45:19.288455+00:00,v0.12.3b19,activitywatch-v0.12.3b19-linux-x86_64.zip,linux,288
2026-07-31T08:45:19.288455+00:00,v0.12.3b19,activitywatch-v0.12.3b19-macos-x86_64.dmg,macos,478
2026-07-31T08:45:19.288455+00:00,v0.12.3b19,activitywatch-v0.12.3b19-windows-x86_64-setup.exe,windows,671
2026-07-31T08:45:19.288455+00:00,v0.13.0,activitywatch-v0.13.0-linux-x86_64.zip,linux,1158
2026-07-31T08:45:19.288455+00:00,v0.13.0,activitywatch-v0.13.0-macos-x86_64.dmg,macos,696
2026-07-31T08:45:19.288455+00:00,v0.13.0,activitywatch-v0.13.0-windows-x86_64-setup.exe,windows,3014
2026-07-31T08:45:19.288455+00:00,v0.13.1,activitywatch-v0.13.1-linux-x86_64.zip,linux,10899
2026-07-31T08:45:19.288455+00:00,v0.13.1,activitywatch-v0.13.1-macos-x86_64.dmg,macos,7903
2026-07-31T08:45:19.288455+00:00,v0.13.1,activitywatch-v0.13.1-windows-x86_64-setup.exe,windows,25726
2026-07-31T08:45:19.288455+00:00,v0.13.2,activitywatch-linux-x86_64.AppImage,linux,33204
2026-07-31T08:45:19.288455+00:00,v0.13.2,activitywatch-v0.13.2-linux-x86_64.deb,linux,4337
2026-07-31T08:45:19.288455+00:00,v0.13.2,activitywatch-v0.13.2-linux-x86_64.zip,linux,92548
2026-07-31T08:45:19.288455+00:00,v0.13.2,activitywatch-v0.13.2-macos-x86_64.dmg,macos,127512
2026-07-31T08:45:19.288455+00:00,v0.13.2,activitywatch-v0.13.2-macos-x86_64.zip,macos,11347
2026-07-31T08:45:19.288455+00:00,v0.13.2,activitywatch-v0.13.2-windows-x86_64-setup.exe,windows,282945
2026-07-31T08:45:19.288455+00:00,v0.13.2,activitywatch-v0.13.2-windows-x86_64.zip,windows,27526
2026-07-31T08:45:19.288455+00:00,v0.14.0b1,activitywatch-v0.14.0b1-linux-x86_64.zip,linux,846
2026-07-31T08:45:19.288455+00:00,v0.14.0b1,activitywatch-v0.14.0b1-macos-arm64.dmg,macos,1220
2026-07-31T08:45:19.288455+00:00,v0.14.0b1,activitywatch-v0.14.0b1-windows-x86_64-setup.exe,windows,2538
2026-07-31T08:45:19.288455+00:00,v0.14.0b2,activitywatch-v0.14.0b2-linux-x86_64.zip,linux,85
2026-07-31T08:45:19.288455+00:00,v0.14.0b2,activitywatch-v0.14.0b2-macos-x86_64.dmg,macos,51
2026-07-31T08:45:19.288455+00:00,v0.14.0b2,activitywatch-v0.14.0b2-windows-x86_64-setup.exe,windows,278
2026-07-31T08:45:19.288455+00:00,v0.14.0b3,activitywatch-linux-x86_64.AppImage,linux,11
2026-07-31T08:45:19.288455+00:00,v0.14.0b3,activitywatch-tauri-v0.14.0b3-macos-arm64.dmg,macos,46
2026-07-31T08:45:19.288455+00:00,v0.14.0b3,activitywatch-tauri-v0.14.0b3-windows-x86_64-setup.exe,windows,9
2026-07-31T08:45:19.288455+00:00,v0.14.0b3,activitywatch-tauri-v0.14.0b3-windows-x86_64.zip,windows,7
2026-07-31T08:45:19.288455+00:00,v0.14.0b3,activitywatch-v0.14.0b3-linux-x86_64.zip,linux,28
2026-07-31T08:45:19.288455+00:00,v0.14.0b3,activitywatch-v0.14.0b3-macos-arm64.dmg,macos,38
2026-07-31T08:45:19.288455+00:00,v0.14.0b3,activitywatch-v0.14.0b3-macos-x86_64.dmg,macos,31
2026-07-31T08:45:19.288455+00:00,v0.14.0b3,activitywatch-v0.14.0b3-windows-x86_64-setup.exe,windows,175
2026-07-31T13:58:55.995538+00:00,v0.12.2,activitywatch-v0.12.2-linux-x86_64.zip,linux,31624
2026-07-31T13:58:55.995538+00:00,v0.12.3b16,activitywatch-v0.12.3b16-linux-x86_64.deb,linux,64
2026-07-31T13:58:55.995538+00:00,v0.13.2,activitywatch-linux-x86_64.AppImage,linux,33224
2026-07-31T13:58:55.995538+00:00,v0.13.2,activitywatch-v0.13.2-linux-x86_64.deb,linux,4355
2026-07-31T13:58:55.995538+00:00,v0.13.2,activitywatch-v0.13.2-linux-x86_64.zip,linux,92585
2026-07-31T13:58:55.995538+00:00,v0.13.2,activitywatch-v0.13.2-macos-x86_64.dmg,macos,127588
2026-07-31T13:58:55.995538+00:00,v0.13.2,activitywatch-v0.13.2-macos-x86_64.zip,macos,11349
2026-07-31T13:58:55.995538+00:00,v0.13.2,activitywatch-v0.13.2-windows-x86_64-setup.exe,windows,283131
2026-07-31T13:58:55.995538+00:00,v0.13.2,activitywatch-v0.13.2-windows-x86_64.zip,windows,27539
2026-07-31T13:58:55.995538+00:00,v0.14.0b1,activitywatch-linux-x86_64.AppImage,linux,88
2026-07-31T13:58:55.995538+00:00,v0.14.0b3,activitywatch-v0.14.0b3-macos-x86_64.dmg,macos,33
2026-07-31T13:58:55.995538+00:00,v0.14.0b3,activitywatch-v0.14.0b3-windows-x86_64-setup.exe,windows,207
2026-07-31T13:58:55.995538+00:00,v0.14.0b3,activitywatch-v0.14.0b3-windows-x86_64.zip,windows,12
2026-07-31T13:58:55.995538+00:00,v0.8.0b7,activitywatch-v0.8.0b7-macos-x86_64.zip,macos,1401
2026-07-31T13:58:55.995538+00:00,v0.9.2,activitywatch-v0.9.2-linux-x86_64.zip,linux,8060
2026-07-31T13:58:55.995538+00:00,v0.9.2,activitywatch-v0.9.2-windows-x86_64.zip,windows,2965
2026-07-31T19:20:27.073792+00:00,v0.13.2,activitywatch-linux-x86_64.AppImage,linux,33240
2026-07-31T19:20:27.073792+00:00,v0.13.2,activitywatch-v0.13.2-linux-x86_64.deb,linux,4377
2026-07-31T19:20:27.073792+00:00,v0.13.2,activitywatch-v0.13.2-linux-x86_64.zip,linux,92623
2026-07-31T19:20:27.073792+00:00,v0.13.2,activitywatch-v0.13.2-macos-x86_64.dmg,macos,127649
2026-07-31T19:20:27.073792+00:00,v0.13.2,activitywatch-v0.13.2-macos-x86_64.zip,macos,11352
2026-07-31T19:20:27.073792+00:00,v0.13.2,activitywatch-v0.13.2-windows-x86_64-setup.exe,windows,283311
2026-07-31T19:20:27.073792+00:00,v0.13.2,activitywatch-v0.13.2-windows-x86_64.zip,windows,27549
2026-07-31T19:20:27.073792+00:00,v0.14.0b3,activitywatch-tauri-v0.14.0b3-macos-arm64.dmg,macos,50
2026-07-31T19:20:27.073792+00:00,v0.14.0b3,activitywatch-v0.14.0b3-macos-arm64.dmg,macos,42
2026-07-31T19:20:27.073792+00:00,v0.14.0b3,activitywatch-v0.14.0b3-macos-x86_64.dmg,macos,38
2026-07-31T19:20:27.073792+00:00,v0.14.0b3,activitywatch-v0.14.0b3-windows-x86_64-setup.exe,windows,212
2026-07-31T19:20:27.073792+00:00,v0.8.0b7,activitywatch-v0.8.0b7-macos-x86_64.zip,macos,1402
2026-08-01T02:33:45.432821+00:00,v0.13.2,activitywatch-linux-x86_64.AppImage,linux,33267
2026-08-01T02:33:45.432821+00:00,v0.13.2,activitywatch-v0.13.2-linux-x86_64.deb,linux,4406
2026-08-01T02:33:45.432821+00:00,v0.13.2,activitywatch-v0.13.2-linux-x86_64.zip,linux,92662
2026-08-01T02:33:45.432821+00:00,v0.13.2,activitywatch-v0.13.2-macos-x86_64.dmg,macos,127724
2026-08-01T02:33:45.432821+00:00,v0.13.2,activitywatch-v0.13.2-macos-x86_64.zip,macos,11355
2026-08-01T02:33:45.432821+00:00,v0.13.2,activitywatch-v0.13.2-windows-x86_64-setup.exe,windows,283412
2026-08-01T02:33:45.432821+00:00,v0.13.2,activitywatch-v0.13.2-windows-x86_64.zip,windows,27558
2026-08-01T02:33:45.432821+00:00,v0.14.0b3,activitywatch-tauri-v0.14.0b3-linux-x86_64.deb,linux,4
2026-08-01T02:33:45.432821+00:00,v0.14.0b3,activitywatch-tauri-v0.14.0b3-macos-arm64.dmg,macos,53
2026-08-01T02:33:45.432821+00:00,v0.14.0b3,activitywatch-v0.14.0b3-linux-x86_64.deb,linux,8
2026-08-01T02:33:45.432821+00:00,v0.14.0b3,activitywatch-v0.14.0b3-linux-x86_64.zip,linux,31
2026-08-01T02:33:45.432821+00:00,v0.14.0b3,activitywatch-v0.14.0b3-macos-arm64.dmg,macos,46
2026-08-01T02:33:45.432821+00:00,v0.14.0b3,activitywatch-v0.14.0b3-macos-x86_64.dmg,macos,49
2026-08-01T02:33:45.432821+00:00,v0.14.0b3,activitywatch-v0.14.0b3-windows-x86_64-setup.exe,windows,219
2026-08-01T02:33:45.432821+00:00,v0.14.0b3,activitywatch-v0.14.0b3-windows-x86_64.zip,windows,13
2026-08-01T08:15:37.931729+00:00,v0.12.3b15,activitywatch-v0.12.3b15-windows-x86_64-setup.exe,windows,1182
2026-08-01T08:15:37.931729+00:00,v0.12.3b18,activitywatch-v0.12.3b18-linux-x86_64.zip,linux,1828
2026-08-01T08:15:37.931729+00:00,v0.13.2,activitywatch-linux-x86_64.AppImage,linux,33284
2026-08-01T08:15:37.931729+00:00,v0.13.2,activitywatch-v0.13.2-linux-x86_64.deb,linux,4427
2026-08-01T08:15:37.931729+00:00,v0.13.2,activitywatch-v0.13.2-linux-x86_64.zip,linux,92692
2026-08-01T08:15:37.931729+00:00,v0.13.2,activitywatch-v0.13.2-macos-x86_64.dmg,macos,127773
2026-08-01T08:15:37.931729+00:00,v0.13.2,activitywatch-v0.13.2-macos-x86_64.zip,macos,11359
2026-08-01T08:15:37.931729+00:00,v0.13.2,activitywatch-v0.13.2-windows-x86_64-setup.exe,windows,283505
2026-08-01T08:15:37.931729+00:00,v0.13.2,activitywatch-v0.13.2-windows-x86_64.zip,windows,27568
2026-08-01T08:15:37.931729+00:00,v0.14.0b3,activitywatch-v0.14.0b3-linux-x86_64.zip,linux,35
2026-08-01T08:15:37.931729+00:00,v0.14.0b3,activitywatch-v0.14.0b3-macos-arm64.dmg,macos,49
2026-08-01T08:15:37.931729+00:00,v0.14.0b3,activitywatch-v0.14.0b3-macos-x86_64.dmg,macos,51
2026-08-01T08:15:37.931729+00:00,v0.14.0b3,activitywatch-v0.14.0b3-windows-x86_64-setup.exe,windows,229
2026-08-01T08:15:37.931729+00:00,v0.7.1,activitywatch-v0.7.1-windows-x86_64.zip,windows,4468
2026-08-01T13:49:56.936338+00:00,v0.11.0,activitywatch-v0.11.0-windows-x86_64-setup.exe,windows,38313
2026-08-01T13:49:56.936338+00:00,v0.12.0,activitywatch-v0.12.0-windows-x86_64-setup.exe,windows,8030
2026-08-01T13:49:56.936338+00:00,v0.12.1,activitywatch-v0.12.1-windows-x86_64-setup.exe,windows,23190
2026-08-01T13:49:56.936338+00:00,v0.12.2,activitywatch-v0.12.2-windows-x86_64-setup.exe,windows,57903
2026-08-01T13:49:56.936338+00:00,v0.12.3b18,activitywatch-v0.12.3b18-linux-x86_64.zip,linux,1848
2026-08-01T13:49:56.936338+00:00,v0.13.0,activitywatch-v0.13.0-windows-x86_64-setup.exe,windows,3015
2026-08-01T13:49:56.936338+00:00,v0.13.1,activitywatch-v0.13.1-windows-x86_64-setup.exe,windows,25727
2026-08-01T13:49:56.936338+00:00,v0.13.2,activitywatch-linux-x86_64.AppImage,linux,33306
2026-08-01T13:49:56.936338+00:00,v0.13.2,activitywatch-v0.13.2-linux-x86_64.deb,linux,4452
2026-08-01T13:49:56.936338+00:00,v0.13.2,activitywatch-v0.13.2-linux-x86_64.zip,linux,92728
2026-08-01T13:49:56.936338+00:00,v0.13.2,activitywatch-v0.13.2-macos-x86_64.dmg,macos,127835
2026-08-01T13:49:56.936338+00:00,v0.13.2,activitywatch-v0.13.2-macos-x86_64.zip,macos,11362
2026-08-01T13:49:56.936338+00:00,v0.13.2,activitywatch-v0.13.2-windows-x86_64-setup.exe,windows,283659
2026-08-01T13:49:56.936338+00:00,v0.13.2,activitywatch-v0.13.2-windows-x86_64.zip,windows,27575
2026-08-01T13:49:56.936338+00:00,v0.14.0b3,activitywatch-tauri-v0.14.0b3-linux-aarch64.AppImage,linux,3
2026-08-01T13:49:56.936338+00:00,v0.14.0b3,activitywatch-tauri-v0.14.0b3-windows-x86_64-setup.exe,windows,13
2026-08-01T13:49:56.936338+00:00,v0.14.0b3,activitywatch-tauri-v0.14.0b3-windows-x86_64.zip,windows,8
2026-08-01T13:49:56.936338+00:00,v0.14.0b3,activitywatch-v0.14.0b3-linux-x86_64.deb,linux,9
2026-08-01T13:49:56.936338+00:00,v0.14.0b3,activitywatch-v0.14.0b3-linux-x86_64.zip,linux,40
2026-08-01T13:49:56.936338+00:00,v0.14.0b3,activitywatch-v0.14.0b3-macos-arm64.dmg,macos,55
2026-08-01T13:49:56.936338+00:00,v0.14.0b3,activitywatch-v0.14.0b3-macos-arm64.zip,macos,10
2026-08-01T13:49:56.936338+00:00,v0.14.0b3,activitywatch-v0.14.0b3-macos-x86_64.dmg,macos,53
2026-08-01T13:49:56.936338+00:00,v0.14.0b3,activitywatch-v0.14.0b3-windows-x86_64-setup.exe,windows,245
2026-08-01T13:49:56.936338+00:00,v0.14.0b3,activitywatch-v0.14.0b3-windows-x86_64.zip,windows,14
2026-08-01T19:04:08.388220+00:00,v0.13.2,activitywatch-linux-x86_64.AppImage,linux,33328
2026-08-01T19:04:08.388220+00:00,v0.13.2,activitywatch-v0.13.2-linux-x86_64.deb,linux,4475
2026-08-01T19:04:08.388220+00:00,v0.13.2,activitywatch-v0.13.2-linux-x86_64.zip,linux,92763
2026-08-01T19:04:08.388220+00:00,v0.13.2,activitywatch-v0.13.2-macos-x86_64.dmg,macos,127902
2026-08-01T19:04:08.388220+00:00,v0.13.2,activitywatch-v0.13.2-macos-x86_64.zip,macos,11367
2026-08-01T19:04:08.388220+00:00,v0.13.2,activitywatch-v0.13.2-windows-x86_64-setup.exe,windows,283820
2026-08-01T19:04:08.388220+00:00,v0.13.2,activitywatch-v0.13.2-windows-x86_64.zip,windows,27587
2026-08-01T19:04:08.388220+00:00,v0.14.0b1,activitywatch-v0.14.0b1-macos-arm64.dmg,macos,1222
2026-08-01T19:04:08.388220+00:00,v0.14.0b3,activitywatch-tauri-v0.14.0b3-linux-aarch64.rpm,linux,3
2026-08-01T19:04:08.388220+00:00,v0.14.0b3,activitywatch-tauri-v0.14.0b3-linux-x86_64.rpm,linux,5
2026-08-01T19:04:08.388220+00:00,v0.14.0b3,activitywatch-tauri-v0.14.0b3-linux-x86_64.zip,linux,3
2026-08-01T19:04:08.388220+00:00,v0.14.0b3,activitywatch-tauri-v0.14.0b3-macos-arm64.dmg,macos,55
2026-08-01T19:04:08.388220+00:00,v0.14.0b3,activitywatch-v0.14.0b3-linux-x86_64.zip,linux,46
2026-08-01T19:04:08.388220+00:00,v0.14.0b3,activitywatch-v0.14.0b3-macos-arm64.dmg,macos,59
2026-08-01T19:04:08.388220+00:00,v0.14.0b3,activitywatch-v0.14.0b3-windows-x86_64-setup.exe,windows,252
2026-08-02T02:32:40.189368+00:00,v0.13.2,activitywatch-linux-x86_64.AppImage,linux,33360
2026-08-02T02:32:40.189368+00:00,v0.13.2,activitywatch-v0.13.2-linux-x86_64.deb,linux,4504
2026-08-02T02:32:40.189368+00:00,v0.13.2,activitywatch-v0.13.2-linux-x86_64.zip,linux,92813
2026-08-02T02:32:40.189368+00:00,v0.13.2,activitywatch-v0.13.2-macos-x86_64.dmg,macos,127990
2026-08-02T02:32:40.189368+00:00,v0.13.2,activitywatch-v0.13.2-macos-x86_64.zip,macos,11371
2026-08-02T02:32:40.189368+00:00,v0.13.2,activitywatch-v0.13.2-windows-x86_64-setup.exe,windows,283917
2026-08-02T02:32:40.189368+00:00,v0.13.2,activitywatch-v0.13.2-windows-x86_64.zip,windows,27592
2026-08-02T02:32:40.189368+00:00,v0.14.0b3,activitywatch-tauri-v0.14.0b3-linux-x86_64.rpm,linux,6
2026-08-02T02:32:40.189368+00:00,v0.14.0b3,activitywatch-tauri-v0.14.0b3-macos-arm64.dmg,macos,58
2026-08-02T02:32:40.189368+00:00,v0.14.0b3,activitywatch-tauri-v0.14.0b3-macos-arm64.zip,macos,8
2026-08-02T02:32:40.189368+00:00,v0.14.0b3,activitywatch-v0.14.0b3-linux-x86_64.zip,linux,48
2026-08-02T02:32:40.189368+00:00,v0.14.0b3,activitywatch-v0.14.0b3-macos-arm64.dmg,macos,61
2026-08-02T02:32:40.189368+00:00,v0.14.0b3,activitywatch-v0.14.0b3-macos-arm64.zip,macos,11
2026-08-02T02:32:40.189368+00:00,v0.14.0b3,activitywatch-v0.14.0b3-windows-x86_64-setup.exe,windows,262
2026-08-02T08:20:08.353106+00:00,v0.13.2,activitywatch-linux-x86_64.AppImage,linux,33382
2026-08-02T08:20:08.353106+00:00,v0.13.2,activitywatch-v0.13.2-linux-x86_64.deb,linux,4523
2026-08-02T08:20:08.353106+00:00,v0.13.2,activitywatch-v0.13.2-linux-x86_64.zip,linux,92834
2026-08-02T08:20:08.353106+00:00,v0.13.2,activitywatch-v0.13.2-macos-x86_64.dmg,macos,128049
2026-08-02T08:20:08.353106+00:00,v0.13.2,activitywatch-v0.13.2-macos-x86_64.zip,macos,11375
2026-08-02T08:20:08.353106+00:00,v0.13.2,activitywatch-v0.13.2-windows-x86_64-setup.exe,windows,284028
2026-08-02T08:20:08.353106+00:00,v0.13.2,activitywatch-v0.13.2-windows-x86_64.zip,windows,27597
2026-08-02T08:20:08.353106+00:00,v0.14.0b1,activitywatch-tauri-v0.14.0b1-macos-arm64.dmg,macos,261
2026-08-02T08:20:08.353106+00:00,v0.14.0b1,activitywatch-v0.14.0b1-macos-arm64.dmg,macos,1223
2026-08-02T08:20:08.353106+00:00,v0.14.0b3,activitywatch-tauri-v0.14.0b3-linux-x86_64.AppImage,linux,6
2026-08-02T08:20:08.353106+00:00,v0.14.0b3,activitywatch-tauri-v0.14.0b3-linux-x86_64.zip,linux,5
2026-08-02T08:20:08.353106+00:00,v0.14.0b3,activitywatch-tauri-v0.14.0b3-macos-arm64.dmg,macos,61
2026-08-02T08:20:08.353106+00:00,v0.14.0b3,activitywatch-v0.14.0b3-linux-x86_64.deb,linux,10
2026-08-02T08:20:08.353106+00:00,v0.14.0b3,activitywatch-v0.14.0b3-linux-x86_64.zip,linux,50
2026-08-02T08:20:08.353106+00:00,v0.14.0b3,activitywatch-v0.14.0b3-macos-arm64.dmg,macos,62
2026-08-02T08:20:08.353106+00:00,v0.14.0b3,activitywatch-v0.14.0b3-macos-x86_64.dmg,macos,55
2026-08-02T08:20:08.353106+00:00,v0.14.0b3,activitywatch-v0.14.0b3-windows-x86_64-setup.exe,windows,270
2026-08-02T13:14:41.126509+00:00,v0.11.0,activitywatch-v0.11.0-windows-x86_64-setup.exe,windows,38315
2026-08-02T13:14:41.126509+00:00,v0.12.0,activitywatch-v0.12.0-windows-x86_64-setup.exe,windows,8032
2026-08-02T13:14:41.126509+00:00,v0.12.2,activitywatch-v0.12.2-windows-x86_64-setup.exe,windows,57905
2026-08-02T13:14:41.126509+00:00,v0.13.0,activitywatch-v0.13.0-windows-x86_64-setup.exe,windows,3017
2026-08-02T13:14:41.126509+00:00,v0.13.1,activitywatch-v0.13.1-windows-x86_64-setup.exe,windows,25729
2026-08-02T13:14:41.126509+00:00,v0.13.2,activitywatch-linux-x86_64.AppImage,linux,33401
2026-08-02T13:14:41.126509+00:00,v0.13.2,activitywatch-v0.13.2-linux-x86_64.deb,linux,4544
2026-08-02T13:14:41.126509+00:00,v0.13.2,activitywatch-v0.13.2-linux-x86_64.zip,linux,92862
2026-08-02T13:14:41.126509+00:00,v0.13.2,activitywatch-v0.13.2-macos-x86_64.dmg,macos,128098
2026-08-02T13:14:41.126509+00:00,v0.13.2,activitywatch-v0.13.2-macos-x86_64.zip,macos,11377
2026-08-02T13:14:41.126509+00:00,v0.13.2,activitywatch-v0.13.2-windows-x86_64-setup.exe,windows,284171
2026-08-02T13:14:41.126509+00:00,v0.13.2,activitywatch-v0.13.2-windows-x86_64.zip,windows,27611
2026-08-02T13:14:41.126509+00:00,v0.14.0b3,activitywatch-tauri-v0.14.0b3-macos-arm64.dmg,macos,63
2026-08-02T13:14:41.126509+00:00,v0.14.0b3,activitywatch-v0.14.0b3-linux-x86_64.zip,linux,51
2026-08-02T13:14:41.126509+00:00,v0.14.0b3,activitywatch-v0.14.0b3-macos-arm64.dmg,macos,63
2026-08-02T13:14:41.126509+00:00,v0.14.0b3,activitywatch-v0.14.0b3-macos-x86_64.dmg,macos,56
2026-08-02T13:14:41.126509+00:00,v0.14.0b3,activitywatch-v0.14.0b3-windows-x86_64-setup.exe,windows,276
2026-08-02T19:05:09.331662+00:00,v0.12.2,activitywatch-v0.12.2-windows-x86_64-setup.exe,windows,57912
2026-08-02T19:05:09.331662+00:00,v0.13.2,activitywatch-linux-x86_64.AppImage,linux,33420
2026-08-02T19:05:09.331662+00:00,v0.13.2,activitywatch-v0.13.2-linux-x86_64.deb,linux,4566
2026-08-02T19:05:09.331662+00:00,v0.13.2,activitywatch-v0.13.2-linux-x86_64.zip,linux,92902
2026-08-02T19:05:09.331662+00:00,v0.13.2,activitywatch-v0.13.2-macos-x86_64.dmg,macos,128160
2026-08-02T19:05:09.331662+00:00,v0.13.2,activitywatch-v0.13.2-macos-x86_64.zip,macos,11380
2026-08-02T19:05:09.331662+00:00,v0.13.2,activitywatch-v0.13.2-windows-x86_64-setup.exe,windows,284353
2026-08-02T19:05:09.331662+00:00,v0.13.2,activitywatch-v0.13.2-windows-x86_64.zip,windows,27619
2026-08-02T19:05:09.331662+00:00,v0.14.0b3,activitywatch-tauri-v0.14.0b3-linux-x86_64.rpm,linux,7
2026-08-02T19:05:09.331662+00:00,v0.14.0b3,activitywatch-tauri-v0.14.0b3-macos-arm64.dmg,macos,64
2026-08-02T19:05:09.331662+00:00,v0.14.0b3,activitywatch-tauri-v0.14.0b3-windows-x86_64.zip,windows,9
2026-08-02T19:05:09.331662+00:00,v0.14.0b3,activitywatch-v0.14.0b3-linux-x86_64.zip,linux,54
2026-08-02T19:05:09.331662+00:00,v0.14.0b3,activitywatch-v0.14.0b3-macos-arm64.dmg,macos,65
2026-08-02T19:05:09.331662+00:00,v0.14.0b3,activitywatch-v0.14.0b3-macos-x86_64.dmg,macos,60
2026-08-02T19:05:09.331662+00:00,v0.14.0b3,activitywatch-v0.14.0b3-windows-x86_64-setup.exe,windows,296
2026-08-02T19:05:09.331662+00:00,v0.14.0b3,activitywatch-v0.14.0b3-windows-x86_64.zip,windows,15
2026-08-03T02:34:34.248391+00:00,v0.11.0,activitywatch-v0.11.0-linux-x86_64.zip,linux,19162
2026-08-03T02:34:34.248391+00:00,v0.11.0,activitywatch-v0.11.0-windows-x86_64-setup.exe,windows,38316
2026-08-03T02:34:34.248391+00:00,v0.12.0,activitywatch-v0.12.0-linux-x86_64.zip,linux,3164
2026-08-03T02:34:34.248391+00:00,v0.12.0,activitywatch-v0.12.0-windows-x86_64-setup.exe,windows,8033
2026-08-03T02:34:34.248391+00:00,v0.12.2,activitywatch-v0.12.2-windows-x86_64-setup.exe,windows,57913
2026-08-03T02:34:34.248391+00:00,v0.12.3b18,activitywatch-v0.12.3b18-linux-x86_64.zip,linux,1850
2026-08-03T02:34:34.248391+00:00,v0.13.0,activitywatch-v0.13.0-windows-x86_64-setup.exe,windows,3018
2026-08-03T02:34:34.248391+00:00,v0.13.1,activitywatch-linux-x86_64.AppImage,linux,3771
2026-08-03T02:34:34.248391+00:00,v0.13.1,activitywatch-v0.13.1-windows-x86_64-setup.exe,windows,25730
2026-08-03T02:34:34.248391+00:00,v0.13.2,activitywatch-linux-x86_64.AppImage,linux,33452
2026-08-03T02:34:34.248391+00:00,v0.13.2,activitywatch-v0.13.2-linux-x86_64.deb,linux,4593
2026-08-03T02:34:34.248391+00:00,v0.13.2,activitywatch-v0.13.2-linux-x86_64.zip,linux,92937
2026-08-03T02:34:34.248391+00:00,v0.13.2,activitywatch-v0.13.2-macos-x86_64.dmg,macos,128241
2026-08-03T02:34:34.248391+00:00,v0.13.2,activitywatch-v0.13.2-macos-x86_64.zip,macos,11384
2026-08-03T02:34:34.248391+00:00,v0.13.2,activitywatch-v0.13.2-windows-x86_64-setup.exe,windows,284494
2026-08-03T02:34:34.248391+00:00,v0.13.2,activitywatch-v0.13.2-windows-x86_64.zip,windows,27629
2026-08-03T02:34:34.248391+00:00,v0.14.0b1,activitywatch-linux-x86_64.AppImage,linux,89
2026-08-03T02:34:34.248391+00:00,v0.14.0b3,activitywatch-linux-x86_64.AppImage,linux,12
2026-08-03T02:34:34.248391+00:00,v0.14.0b3,activitywatch-v0.14.0b3-linux-x86_64.zip,linux,55
2026-08-03T02:34:34.248391+00:00,v0.14.0b3,activitywatch-v0.14.0b3-macos-arm64.dmg,macos,66
2026-08-03T02:34:34.248391+00:00,v0.14.0b3,activitywatch-v0.14.0b3-windows-x86_64-setup.exe,windows,300
2026-08-03T02:34:34.248391+00:00,v0.9.2,activitywatch-v0.9.2-linux-x86_64.zip,linux,8061
2026-08-03T09:38:34.149062+00:00,v0.12.3b18,activitywatch-v0.12.3b18-linux-x86_64.zip,linux,1861
2026-08-03T09:38:34.149062+00:00,v0.13.2,activitywatch-linux-x86_64.AppImage,linux,33476
2026-08-03T09:38:34.149062+00:00,v0.13.2,activitywatch-v0.13.2-linux-x86_64.deb,linux,4612
2026-08-03T09:38:34.149062+00:00,v0.13.2,activitywatch-v0.13.2-linux-x86_64.zip,linux,92973
2026-08-03T09:38:34.149062+00:00,v0.13.2,activitywatch-v0.13.2-macos-x86_64.dmg,macos,128314
2026-08-03T09:38:34.149062+00:00,v0.13.2,activitywatch-v0.13.2-macos-x86_64.zip,macos,11391
2026-08-03T09:38:34.149062+00:00,v0.13.2,activitywatch-v0.13.2-windows-x86_64-setup.exe,windows,284666
2026-08-03T09:38:34.149062+00:00,v0.13.2,activitywatch-v0.13.2-windows-x86_64.zip,windows,27661
2026-08-03T09:38:34.149062+00:00,v0.14.0b2,activitywatch-linux-x86_64.AppImage,linux,18
2026-08-03T09:38:34.149062+00:00,v0.14.0b2,activitywatch-tauri-v0.14.0b2-linux-aarch64.AppImage,linux,4
2026-08-03T09:38:34.149062+00:00,v0.14.0b2,activitywatch-tauri-v0.14.0b2-linux-aarch64.deb,linux,5
2026-08-03T09:38:34.149062+00:00,v0.14.0b2,activitywatch-tauri-v0.14.0b2-linux-aarch64.rpm,linux,4
2026-08-03T09:38:34.149062+00:00,v0.14.0b2,activitywatch-tauri-v0.14.0b2-linux-aarch64.zip,linux,4
2026-08-03T09:38:34.149062+00:00,v0.14.0b2,activitywatch-tauri-v0.14.0b2-linux-x86_64.AppImage,linux,5
2026-08-03T09:38:34.149062+00:00,v0.14.0b2,activitywatch-tauri-v0.14.0b2-linux-x86_64.deb,linux,5
2026-08-03T09:38:34.149062+00:00,v0.14.0b2,activitywatch-tauri-v0.14.0b2-linux-x86_64.rpm,linux,4
2026-08-03T09:38:34.149062+00:00,v0.14.0b2,activitywatch-tauri-v0.14.0b2-linux-x86_64.zip,linux,6
2026-08-03T09:38:34.149062+00:00,v0.14.0b2,activitywatch-tauri-v0.14.0b2-macos-arm64.dmg,macos,85
2026-08-03T09:38:34.149062+00:00,v0.14.0b2,activitywatch-tauri-v0.14.0b2-macos-arm64.zip,macos,5
2026-08-03T09:38:34.149062+00:00,v0.14.0b2,activitywatch-tauri-v0.14.0b2-macos-x86_64.dmg,macos,4
2026-08-03T09:38:34.149062+00:00,v0.14.0b2,activitywatch-tauri-v0.14.0b2-macos-x86_64.zip,macos,4
2026-08-03T09:38:34.149062+00:00,v0.14.0b2,activitywatch-tauri-v0.14.0b2-windows-x86_64-setup.exe,windows,10
2026-08-03T09:38:34.149062+00:00,v0.14.0b2,activitywatch-tauri-v0.14.0b2-windows-x86_64.zip,windows,8
2026-08-03T09:38:34.149062+00:00,v0.14.0b2,activitywatch-v0.14.0b2-linux-x86_64.deb,linux,14
2026-08-03T09:38:34.149062+00:00,v0.14.0b2,activitywatch-v0.14.0b2-linux-x86_64.zip,linux,86
2026-08-03T09:38:34.149062+00:00,v0.14.0b2,activitywatch-v0.14.0b2-macos-arm64.dmg,macos,107
2026-08-03T09:38:34.149062+00:00,v0.14.0b2,activitywatch-v0.14.0b2-macos-arm64.zip,macos,14
2026-08-03T09:38:34.149062+00:00,v0.14.0b2,activitywatch-v0.14.0b2-macos-x86_64.dmg,macos,52
2026-08-03T09:38:34.149062+00:00,v0.14.0b2,activitywatch-v0.14.0b2-macos-x86_64.zip,macos,4
2026-08-03T09:38:34.149062+00:00,v0.14.0b2,activitywatch-v0.14.0b2-windows-x86_64-setup.exe,windows,281
2026-08-03T09:38:34.149062+00:00,v0.14.0b2,activitywatch-v0.14.0b2-windows-x86_64.zip,windows,20
2026-08-03T09:38:34.149062+00:00,v0.14.0b3,activitywatch-linux-x86_64.AppImage,linux,13
2026-08-03T09:38:34.149062+00:00,v0.14.0b3,activitywatch-tauri-v0.14.0b3-linux-aarch64.AppImage,linux,4
2026-08-03T09:38:34.149062+00:00,v0.14.0b3,activitywatch-tauri-v0.14.0b3-linux-aarch64.deb,linux,3
2026-08-03T09:38:34.149062+00:00,v0.14.0b3,activitywatch-tauri-v0.14.0b3-linux-aarch64.rpm,linux,4
2026-08-03T09:38:34.149062+00:00,v0.14.0b3,activitywatch-tauri-v0.14.0b3-linux-aarch64.zip,linux,3
2026-08-03T09:38:34.149062+00:00,v0.14.0b3,activitywatch-tauri-v0.14.0b3-linux-x86_64.AppImage,linux,7
2026-08-03T09:38:34.149062+00:00,v0.14.0b3,activitywatch-tauri-v0.14.0b3-linux-x86_64.deb,linux,6
2026-08-03T09:38:34.149062+00:00,v0.14.0b3,activitywatch-tauri-v0.14.0b3-linux-x86_64.rpm,linux,8
2026-08-03T09:38:34.149062+00:00,v0.14.0b3,activitywatch-tauri-v0.14.0b3-linux-x86_64.zip,linux,6
2026-08-03T09:38:34.149062+00:00,v0.14.0b3,activitywatch-tauri-v0.14.0b3-macos-arm64.dmg,macos,66
2026-08-03T09:38:34.149062+00:00,v0.14.0b3,activitywatch-tauri-v0.14.0b3-macos-arm64.zip,macos,9
2026-08-03T09:38:34.149062+00:00,v0.14.0b3,activitywatch-tauri-v0.14.0b3-macos-x86_64.dmg,macos,3
2026-08-03T09:38:34.149062+00:00,v0.14.0b3,activitywatch-tauri-v0.14.0b3-macos-x86_64.zip,macos,3
2026-08-03T09:38:34.149062+00:00,v0.14.0b3,activitywatch-tauri-v0.14.0b3-windows-x86_64-setup.exe,windows,16
2026-08-03T09:38:34.149062+00:00,v0.14.0b3,activitywatch-tauri-v0.14.0b3-windows-x86_64.zip,windows,10
2026-08-03T09:38:34.149062+00:00,v0.14.0b3,activitywatch-v0.14.0b3-linux-x86_64.deb,linux,11
2026-08-03T09:38:34.149062+00:00,v0.14.0b3,activitywatch-v0.14.0b3-linux-x86_64.zip,linux,64
2026-08-03T09:38:34.149062+00:00,v0.14.0b3,activitywatch-v0.14.0b3-macos-arm64.dmg,macos,76
2026-08-03T09:38:34.149062+00:00,v0.14.0b3,activitywatch-v0.14.0b3-macos-arm64.zip,macos,12
2026-08-03T09:38:34.149062+00:00,v0.14.0b3,activitywatch-v0.14.0b3-macos-x86_64.dmg,macos,62
2026-08-03T09:38:34.149062+00:00,v0.14.0b3,activitywatch-v0.14.0b3-macos-x86_64.zip,macos,3
2026-08-03T09:38:34.149062+00:00,v0.14.0b3,activitywatch-v0.14.0b3-windows-x86_64-setup.exe,windows,309
2026-08-03T09:38:34.149062+00:00,v0.14.0b3,activitywatch-v0.14.0b3-windows-x86_64.zip,windows,16
2026-08-03T14:32:30.602515+00:00,v0.12.0b1,activitywatch-v0.12.0b1-linux-x86_64.zip,linux,326
2026-08-03T14:32:30.602515+00:00,v0.12.3b18,activitywatch-v0.12.3b18-linux-x86_64.zip,linux,1863
2026-08-03T14:32:30.602515+00:00,v0.13.1,activitywatch-v0.13.1-linux-x86_64.zip,linux,10900
2026-08-03T14:32:30.602515+00:00,v0.13.2,activitywatch-linux-x86_64.AppImage,linux,33486
2026-08-03T14:32:30.602515+00:00,v0.13.2,activitywatch-v0.13.2-linux-x86_64.deb,linux,4619
2026-08-03T14:32:30.602515+00:00,v0.13.2,activitywatch-v0.13.2-linux-x86_64.zip,linux,92996
2026-08-03T14:32:30.602515+00:00,v0.13.2,activitywatch-v0.13.2-macos-x86_64.dmg,macos,128341
2026-08-03T14:32:30.602515+00:00,v0.13.2,activitywatch-v0.13.2-macos-x86_64.zip,macos,11393
2026-08-03T14:32:30.602515+00:00,v0.13.2,activitywatch-v0.13.2-windows-x86_64-setup.exe,windows,284754
2026-08-03T14:32:30.602515+00:00,v0.13.2,activitywatch-v0.13.2-windows-x86_64.zip,windows,27665
2026-08-03T14:32:30.602515+00:00,v0.14.0b1,activitywatch-v0.14.0b1-macos-arm64.dmg,macos,1224
2026-08-03T14:32:30.602515+00:00,v0.14.0b3,activitywatch-v0.14.0b3-linux-x86_64.zip,linux,66
2026-08-03T14:32:30.602515+00:00,v0.14.0b3,activitywatch-v0.14.0b3-macos-x86_64.dmg,macos,63
2026-08-03T14:32:30.602515+00:00,v0.14.0b3,activitywatch-v0.14.0b3-windows-x86_64-setup.exe,windows,315
2026-08-03T14:32:30.602515+00:00,v0.8.0b7,activitywatch-v0.8.0b7-macos-x86_64.zip,macos,1404
2026-08-03T19:26:19.882726+00:00,v0.12.2,activitywatch-v0.12.2-linux-x86_64.zip,linux,31625
2026-08-03T19:26:19.882726+00:00,v0.12.2,activitywatch-v0.12.2-macos-x86_64.dmg,macos,22529
2026-08-03T19:26:19.882726+00:00,v0.12.2,activitywatch-v0.12.2-windows-x86_64-setup.exe,windows,57914
2026-08-03T19:26:19.882726+00:00,v0.13.1,activitywatch-v0.13.1-windows-x86_64-setup.exe,windows,25731
2026-08-03T19:26:19.882726+00:00,v0.13.2,activitywatch-linux-x86_64.AppImage,linux,33503
2026-08-03T19:26:19.882726+00:00,v0.13.2,activitywatch-v0.13.2-linux-x86_64.deb,linux,4630
2026-08-03T19:26:19.882726+00:00,v0.13.2,activitywatch-v0.13.2-linux-x86_64.zip,linux,93033
2026-08-03T19:26:19.882726+00:00,v0.13.2,activitywatch-v0.13.2-macos-x86_64.dmg,macos,128392
2026-08-03T19:26:19.882726+00:00,v0.13.2,activitywatch-v0.13.2-macos-x86_64.zip,macos,11395
2026-08-03T19:26:19.882726+00:00,v0.13.2,activitywatch-v0.13.2-windows-x86_64-setup.exe,windows,284869
2026-08-03T19:26:19.882726+00:00,v0.13.2,activitywatch-v0.13.2-windows-x86_64.zip,windows,27669
2026-08-03T19:26:19.882726+00:00,v0.14.0b3,activitywatch-tauri-v0.14.0b3-macos-arm64.dmg,macos,69
2026-08-03T19:26:19.882726+00:00,v0.14.0b3,activitywatch-tauri-v0.14.0b3-windows-x86_64.zip,windows,11
2026-08-03T19:26:19.882726+00:00,v0.14.0b3,activitywatch-v0.14.0b3-linux-x86_64.zip,linux,67
2026-08-03T19:26:19.882726+00:00,v0.14.0b3,activitywatch-v0.14.0b3-macos-arm64.dmg,macos,77
2026-08-03T19:26:19.882726+00:00,v0.14.0b3,activitywatch-v0.14.0b3-windows-x86_64-setup.exe,windows,319
2026-08-03T19:26:19.882726+00:00,v0.14.0b3,activitywatch-v0.14.0b3-windows-x86_64.zip,windows,19
2026-08-03T19:26:19.882726+00:00,v0.9.2,activitywatch-v0.9.2-linux-x86_64.zip,linux,8062
2026-08-04T02:17:28.708006+00:00,v0.12.2,activitywatch-v0.12.2-linux-x86_64.zip,linux,31626
2026-08-04T02:17:28.708006+00:00,v0.12.3b15,activitywatch-v0.12.3b15-linux-x86_64.zip,linux,2842
2026-08-04T02:17:28.708006+00:00,v0.12.3b18,activitywatch-v0.12.3b18-linux-x86_64.zip,linux,1865
2026-08-04T02:17:28.708006+00:00,v0.13.2,activitywatch-linux-x86_64.AppImage,linux,33529
2026-08-04T02:17:28.708006+00:00,v0.13.2,activitywatch-v0.13.2-linux-x86_64.deb,linux,4653
2026-08-04T02:17:28.708006+00:00,v0.13.2,activitywatch-v0.13.2-linux-x86_64.zip,linux,93072
2026-08-04T02:17:28.708006+00:00,v0.13.2,activitywatch-v0.13.2-macos-x86_64.dmg,macos,128461
2026-08-04T02:17:28.708006+00:00,v0.13.2,activitywatch-v0.13.2-macos-x86_64.zip,macos,11398
2026-08-04T02:17:28.708006+00:00,v0.13.2,activitywatch-v0.13.2-windows-x86_64-setup.exe,windows,285008
2026-08-04T02:17:28.708006+00:00,v0.13.2,activitywatch-v0.13.2-windows-x86_64.zip,windows,27686
2026-08-04T02:17:28.708006+00:00,v0.14.0b3,activitywatch-tauri-v0.14.0b3-macos-arm64.dmg,macos,71
2026-08-04T02:17:28.708006+00:00,v0.14.0b3,activitywatch-v0.14.0b3-linux-x86_64.zip,linux,70
2026-08-04T02:17:28.708006+00:00,v0.14.0b3,activitywatch-v0.14.0b3-macos-arm64.dmg,macos,81
2026-08-04T02:17:28.708006+00:00,v0.14.0b3,activitywatch-v0.14.0b3-macos-arm64.zip,macos,15
2026-08-04T02:17:28.708006+00:00,v0.14.0b3,activitywatch-v0.14.0b3-macos-x86_64.dmg,macos,65
2026-08-04T02:17:28.708006+00:00,v0.14.0b3,activitywatch-v0.14.0b3-windows-x86_64-setup.exe,windows,326
2026-08-04T08:31:44.528454+00:00,v0.11.0,activitywatch-v0.11.0-windows-x86_64-setup.exe,windows,38317
2026-08-04T08:31:44.528454+00:00,v0.12.0,activitywatch-v0.12.0-windows-x86_64-setup.exe,windows,8034
2026-08-04T08:31:44.528454+00:00,v0.12.2,activitywatch-v0.12.2-linux-x86_64.deb,linux,481
2026-08-04T08:31:44.528454+00:00,v0.12.2,activitywatch-v0.12.2-windows-x86_64-setup.exe,windows,57915
2026-08-04T08:31:44.528454+00:00,v0.13.0,activitywatch-v0.13.0-windows-x86_64-setup.exe,windows,3019
2026-08-04T08:31:44.528454+00:00,v0.13.1,activitywatch-linux-x86_64.AppImage,linux,3773
2026-08-04T08:31:44.528454+00:00,v0.13.1,activitywatch-v0.13.1-windows-x86_64-setup.exe,windows,25732
2026-08-04T08:31:44.528454+00:00,v0.13.2,activitywatch-linux-x86_64.AppImage,linux,33551
2026-08-04T08:31:44.528454+00:00,v0.13.2,activitywatch-v0.13.2-linux-x86_64.deb,linux,4677
2026-08-04T08:31:44.528454+00:00,v0.13.2,activitywatch-v0.13.2-linux-x86_64.zip,linux,93110
2026-08-04T08:31:44.528454+00:00,v0.13.2,activitywatch-v0.13.2-macos-x86_64.dmg,macos,128541
2026-08-04T08:31:44.528454+00:00,v0.13.2,activitywatch-v0.13.2-macos-x86_64.zip,macos,11402
2026-08-04T08:31:44.528454+00:00,v0.13.2,activitywatch-v0.13.2-windows-x86_64-setup.exe,windows,285176
2026-08-04T08:31:44.528454+00:00,v0.13.2,activitywatch-v0.13.2-windows-x86_64.zip,windows,27702
2026-08-04T08:31:44.528454+00:00,v0.14.0b3,activitywatch-tauri-v0.14.0b3-macos-arm64.dmg,macos,72
2026-08-04T08:31:44.528454+00:00,v0.14.0b3,activitywatch-tauri-v0.14.0b3-windows-x86_64-setup.exe,windows,17
2026-08-04T08:31:44.528454+00:00,v0.14.0b3,activitywatch-v0.14.0b3-linux-x86_64.zip,linux,74
2026-08-04T08:31:44.528454+00:00,v0.14.0b3,activitywatch-v0.14.0b3-macos-arm64.dmg,macos,83
2026-08-04T08:31:44.528454+00:00,v0.14.0b3,activitywatch-v0.14.0b3-macos-x86_64.dmg,macos,67
2026-08-04T08:31:44.528454+00:00,v0.14.0b3,activitywatch-v0.14.0b3-windows-x86_64-setup.exe,windows,331
2026-08-04T08:31:44.528454+00:00,v0.7.0b4,activitywatch-v0.7.0b4-windows-x86_64.zip,windows,144
2026-08-04T08:31:44.528454+00:00,v0.7.1,activitywatch-v0.7.1-windows-x86_64.zip,windows,4469
2026-08-04T14:03:54.247249+00:00,v0.12.0,activitywatch-v0.12.0-windows-x86_64-setup.exe,windows,8035
2026-08-04T14:03:54.247249+00:00,v0.13.2,activitywatch-linux-x86_64.AppImage,linux,33574
2026-08-04T14:03:54.247249+00:00,v0.13.2,activitywatch-v0.13.2-linux-x86_64.deb,linux,4703
2026-08-04T14:03:54.247249+00:00,v0.13.2,activitywatch-v0.13.2-linux-x86_64.zip,linux,93150
2026-08-04T14:03:54.247249+00:00,v0.13.2,activitywatch-v0.13.2-macos-x86_64.dmg,macos,128606
2026-08-04T14:03:54.247249+00:00,v0.13.2,activitywatch-v0.13.2-macos-x86_64.zip,macos,11404
2026-08-04T14:03:54.247249+00:00,v0.13.2,activitywatch-v0.13.2-windows-x86_64-setup.exe,windows,285392
2026-08-04T14:03:54.247249+00:00,v0.13.2,activitywatch-v0.13.2-windows-x86_64.zip,windows,27717
2026-08-04T14:03:54.247249+00:00,v0.14.0b1,activitywatch-v0.14.0b1-macos-arm64.dmg,macos,1225
2026-08-04T14:03:54.247249+00:00,v0.14.0b2,activitywatch-v0.14.0b2-windows-x86_64.zip,windows,22
2026-08-04T14:03:54.247249+00:00,v0.14.0b3,activitywatch-tauri-v0.14.0b3-macos-arm64.dmg,macos,76
2026-08-04T14:03:54.247249+00:00,v0.14.0b3,activitywatch-v0.14.0b3-linux-x86_64.zip,linux,77
2026-08-04T14:03:54.247249+00:00,v0.14.0b3,activitywatch-v0.14.0b3-macos-arm64.dmg,macos,88
2026-08-04T14:03:54.247249+00:00,v0.14.0b3,activitywatch-v0.14.0b3-macos-arm64.zip,macos,16
2026-08-04T14:03:54.247249+00:00,v0.14.0b3,activitywatch-v0.14.0b3-macos-x86_64.dmg,macos,68
2026-08-04T14:03:54.247249+00:00,v0.14.0b3,activitywatch-v0.14.0b3-windows-x86_64-setup.exe,windows,343
2026-08-04T14:03:54.247249+00:00,v0.14.0b3,activitywatch-v0.14.0b3-windows-x86_64.zip,windows,23
2026-08-04T19:27:09.832709+00:00,v0.12.0b2,activitywatch-v0.12.0b2-linux-x86_64.zip,linux,819
2026-08-04T19:27:09.832709+00:00,v0.13.0,activitywatch-v0.13.0-windows-x86_64-setup.exe,windows,3020
2026-08-04T19:27:09.832709+00:00,v0.13.1,activitywatch-v0.13.1-windows-x86_64-setup.exe,windows,25733
2026-08-04T19:27:09.832709+00:00,v0.13.2,activitywatch-linux-x86_64.AppImage,linux,33592
2026-08-04T19:27:09.832709+00:00,v0.13.2,activitywatch-v0.13.2-linux-x86_64.deb,linux,4722
2026-08-04T19:27:09.832709+00:00,v0.13.2,activitywatch-v0.13.2-linux-x86_64.zip,linux,93210
2026-08-04T19:27:09.832709+00:00,v0.13.2,activitywatch-v0.13.2-macos-x86_64.dmg,macos,128683
2026-08-04T19:27:09.832709+00:00,v0.13.2,activitywatch-v0.13.2-macos-x86_64.zip,macos,11406
2026-08-04T19:27:09.832709+00:00,v0.13.2,activitywatch-v0.13.2-windows-x86_64-setup.exe,windows,285623
2026-08-04T19:27:09.832709+00:00,v0.13.2,activitywatch-v0.13.2-windows-x86_64.zip,windows,27731
2026-08-04T19:27:09.832709+00:00,v0.14.0b3,activitywatch-tauri-v0.14.0b3-macos-arm64.dmg,macos,78
2026-08-04T19:27:09.832709+00:00,v0.14.0b3,activitywatch-v0.14.0b3-linux-x86_64.zip,linux,83
2026-08-04T19:27:09.832709+00:00,v0.14.0b3,activitywatch-v0.14.0b3-macos-arm64.dmg,macos,91
2026-08-04T19:27:09.832709+00:00,v0.14.0b3,activitywatch-v0.14.0b3-macos-x86_64.dmg,macos,70
2026-08-04T19:27:09.832709+00:00,v0.14.0b3,activitywatch-v0.14.0b3-windows-x86_64-setup.exe,windows,352
2026-08-04T19:27:09.832709+00:00,v0.14.0b3,activitywatch-v0.14.0b3-windows-x86_64.zip,windows,24
2026-08-04T19:27:09.832709+00:00,v0.8.0b7,activitywatch-v0.8.0b7-macos-x86_64.zip,macos,1414
2026-08-05T02:13:22.816564+00:00,v0.11.0,activitywatch-v0.11.0-linux-x86_64.zip,linux,19164
2026-08-05T02:13:22.816564+00:00,v0.11.0,activitywatch-v0.11.0-windows-x86_64-setup.exe,windows,38318
2026-08-05T02:13:22.816564+00:00,v0.12.0,activitywatch-v0.12.0-windows-x86_64-setup.exe,windows,8036
2026-08-05T02:13:22.816564+00:00,v0.12.0b2,activitywatch-v0.12.0b2-linux-x86_64.zip,linux,820
2026-08-05T02:13:22.816564+00:00,v0.13.0,activitywatch-v0.13.0-windows-x86_64-setup.exe,windows,3021
2026-08-05T02:13:22.816564+00:00,v0.13.1,activitywatch-v0.13.1-linux-x86_64.zip,linux,10901
2026-08-05T02:13:22.816564+00:00,v0.13.1,activitywatch-v0.13.1-windows-x86_64-setup.exe,windows,25735
2026-08-05T02:13:22.816564+00:00,v0.13.2,activitywatch-linux-x86_64.AppImage,linux,33616
2026-08-05T02:13:22.816564+00:00,v0.13.2,activitywatch-v0.13.2-linux-x86_64.deb,linux,4750
2026-08-05T02:13:22.816564+00:00,v0.13.2,activitywatch-v0.13.2-linux-x86_64.zip,linux,93242
2026-08-05T02:13:22.816564+00:00,v0.13.2,activitywatch-v0.13.2-macos-x86_64.dmg,macos,128770
2026-08-05T02:13:22.816564+00:00,v0.13.2,activitywatch-v0.13.2-macos-x86_64.zip,macos,11410
2026-08-05T02:13:22.816564+00:00,v0.13.2,activitywatch-v0.13.2-windows-x86_64-setup.exe,windows,285767
2026-08-05T02:13:22.816564+00:00,v0.13.2,activitywatch-v0.13.2-windows-x86_64.zip,windows,27738
2026-08-05T02:13:22.816564+00:00,v0.14.0b2,activitywatch-v0.14.0b2-linux-x86_64.zip,linux,88
2026-08-05T02:13:22.816564+00:00,v0.14.0b3,activitywatch-tauri-v0.14.0b3-macos-arm64.dmg,macos,80
2026-08-05T02:13:22.816564+00:00,v0.14.0b3,activitywatch-v0.14.0b3-linux-x86_64.zip,linux,87
2026-08-05T02:13:22.816564+00:00,v0.14.0b3,activitywatch-v0.14.0b3-macos-arm64.dmg,macos,96
2026-08-05T02:13:22.816564+00:00,v0.14.0b3,activitywatch-v0.14.0b3-macos-x86_64.dmg,macos,76
2026-08-05T02:13:22.816564+00:00,v0.14.0b3,activitywatch-v0.14.0b3-windows-x86_64-setup.exe,windows,363
2026-08-05T02:13:22.816564+00:00,v0.14.0b3,activitywatch-v0.14.0b3-windows-x86_64.zip,windows,25
2026-08-05T02:13:22.816564+00:00,v0.9.0,activitywatch-v0.9.0-macos-x86_64.dmg,macos,182
2026-08-05T08:31:10.686350+00:00,v0.12.2,activitywatch-v0.12.2-linux-x86_64.zip,linux,31627
2026-08-05T08:31:10.686350+00:00,v0.12.3b16,activitywatch-v0.12.3b16-linux-x86_64.zip,linux,1033
2026-08-05T08:31:10.686350+00:00,v0.12.3b16,activitywatch-v0.12.3b16-macos-x86_64.dmg,macos,631
2026-08-05T08:31:10.686350+00:00,v0.12.3b16,activitywatch-v0.12.3b16-windows-x86_64-setup.exe,windows,2451
2026-08-05T08:31:10.686350+00:00,v0.12.3b17,activitywatch-v0.12.3b17-linux-x86_64.zip,linux,1016
2026-08-05T08:31:10.686350+00:00,v0.12.3b17,activitywatch-v0.12.3b17-macos-x86_64.dmg,macos,69
2026-08-05T08:31:10.686350+00:00,v0.12.3b17,activitywatch-v0.12.3b17-windows-x86_64-setup.exe,windows,200
2026-08-05T08:31:10.686350+00:00,v0.12.3b18,activitywatch-v0.12.3b18-linux-x86_64.zip,linux,1866
2026-08-05T08:31:10.686350+00:00,v0.12.3b18,activitywatch-v0.12.3b18-macos-x86_64.dmg,macos,73
2026-08-05T08:31:10.686350+00:00,v0.12.3b18,activitywatch-v0.12.3b18-windows-x86_64-setup.exe,windows,145
2026-08-05T08:31:10.686350+00:00,v0.12.3b19,activitywatch-v0.12.3b19-linux-x86_64.zip,linux,289
2026-08-05T08:31:10.686350+00:00,v0.12.3b19,activitywatch-v0.12.3b19-macos-x86_64.dmg,macos,479
2026-08-05T08:31:10.686350+00:00,v0.12.3b19,activitywatch-v0.12.3b19-windows-x86_64-setup.exe,windows,672
2026-08-05T08:31:10.686350+00:00,v0.13.0,activitywatch-v0.13.0-linux-x86_64.zip,linux,1159
2026-08-05T08:31:10.686350+00:00,v0.13.0,activitywatch-v0.13.0-macos-x86_64.dmg,macos,697
2026-08-05T08:31:10.686350+00:00,v0.13.0,activitywatch-v0.13.0-windows-x86_64-setup.exe,windows,3022
2026-08-05T08:31:10.686350+00:00,v0.13.1,activitywatch-v0.13.1-linux-x86_64.zip,linux,10902
2026-08-05T08:31:10.686350+00:00,v0.13.1,activitywatch-v0.13.1-macos-x86_64.dmg,macos,7904
2026-08-05T08:31:10.686350+00:00,v0.13.1,activitywatch-v0.13.1-windows-x86_64-setup.exe,windows,25736
2026-08-05T08:31:10.686350+00:00,v0.13.2,activitywatch-linux-x86_64.AppImage,linux,33633
2026-08-05T08:31:10.686350+00:00,v0.13.2,activitywatch-v0.13.2-linux-x86_64.deb,linux,4775
2026-08-05T08:31:10.686350+00:00,v0.13.2,activitywatch-v0.13.2-linux-x86_64.zip,linux,93287
2026-08-05T08:31:10.686350+00:00,v0.13.2,activitywatch-v0.13.2-macos-x86_64.dmg,macos,128842
2026-08-05T08:31:10.686350+00:00,v0.13.2,activitywatch-v0.13.2-macos-x86_64.zip,macos,11429
2026-08-05T08:31:10.686350+00:00,v0.13.2,activitywatch-v0.13.2-windows-x86_64-setup.exe,windows,285939
2026-08-05T08:31:10.686350+00:00,v0.13.2,activitywatch-v0.13.2-windows-x86_64.zip,windows,27771
2026-08-05T08:31:10.686350+00:00,v0.14.0b1,activitywatch-v0.14.0b1-linux-x86_64.zip,linux,847
2026-08-05T08:31:10.686350+00:00,v0.14.0b1,activitywatch-v0.14.0b1-macos-arm64.dmg,macos,1226
2026-08-05T08:31:10.686350+00:00,v0.14.0b1,activitywatch-v0.14.0b1-windows-x86_64-setup.exe,windows,2539
2026-08-05T08:31:10.686350+00:00,v0.14.0b2,activitywatch-v0.14.0b2-linux-x86_64.zip,linux,89
2026-08-05T08:31:10.686350+00:00,v0.14.0b2,activitywatch-v0.14.0b2-macos-x86_64.dmg,macos,53
2026-08-05T08:31:10.686350+00:00,v0.14.0b2,activitywatch-v0.14.0b2-windows-x86_64-setup.exe,windows,283
2026-08-05T08:31:10.686350+00:00,v0.14.0b3,activitywatch-tauri-v0.14.0b3-macos-arm64.dmg,macos,81
2026-08-05T08:31:10.686350+00:00,v0.14.0b3,activitywatch-v0.14.0b3-linux-x86_64.zip,linux,92
2026-08-05T08:31:10.686350+00:00,v0.14.0b3,activitywatch-v0.14.0b3-macos-arm64.dmg,macos,98
2026-08-05T08:31:10.686350+00:00,v0.14.0b3,activitywatch-v0.14.0b3-macos-x86_64.dmg,macos,85
2026-08-05T08:31:10.686350+00:00,v0.14.0b3,activitywatch-v0.14.0b3-windows-x86_64-setup.exe,windows,392
2026-08-05T08:31:10.686350+00:00,v0.14.0b3,activitywatch-v0.14.0b3-windows-x86_64.zip,windows,26
2026-08-05T14:02:02.494760+00:00,v0.12.0b1,activitywatch-v0.12.0b1-linux-x86_64.zip,linux,328
2026-08-05T14:02:02.494760+00:00,v0.12.1,activitywatch-v0.12.1-windows-x86_64-setup.exe,windows,23201
2026-08-05T14:02:02.494760+00:00,v0.12.3b10,activitywatch-linux-x86_64.AppImage,linux,108
2026-08-05T14:02:02.494760+00:00,v0.13.0,activitywatch-v0.13.0-linux-x86_64.zip,linux,1160
2026-08-05T14:02:02.494760+00:00,v0.13.0,activitywatch-v0.13.0-windows-x86_64-setup.exe,windows,3023
2026-08-05T14:02:02.494760+00:00,v0.13.1,activitywatch-linux-x86_64.AppImage,linux,3774
2026-08-05T14:02:02.494760+00:00,v0.13.1,activitywatch-v0.13.1-windows-x86_64-setup.exe,windows,25737
2026-08-05T14:02:02.494760+00:00,v0.13.2,activitywatch-linux-x86_64.AppImage,linux,33658
2026-08-05T14:02:02.494760+00:00,v0.13.2,activitywatch-v0.13.2-linux-x86_64.deb,linux,4800
2026-08-05T14:02:02.494760+00:00,v0.13.2,activitywatch-v0.13.2-linux-x86_64.zip,linux,93337
2026-08-05T14:02:02.494760+00:00,v0.13.2,activitywatch-v0.13.2-macos-x86_64.dmg,macos,128916
2026-08-05T14:02:02.494760+00:00,v0.13.2,activitywatch-v0.13.2-macos-x86_64.zip,macos,11433
2026-08-05T14:02:02.494760+00:00,v0.13.2,activitywatch-v0.13.2-windows-x86_64-setup.exe,windows,286152
2026-08-05T14:02:02.494760+00:00,v0.13.2,activitywatch-v0.13.2-windows-x86_64.zip,windows,27785
2026-08-05T14:02:02.494760+00:00,v0.14.0b1,activitywatch-linux-x86_64.AppImage,linux,90
2026-08-05T14:02:02.494760+00:00,v0.14.0b1,activitywatch-v0.14.0b1-windows-x86_64-setup.exe,windows,2541
2026-08-05T14:02:02.494760+00:00,v0.14.0b3,activitywatch-tauri-v0.14.0b3-macos-arm64.dmg,macos,82
2026-08-05T14:02:02.494760+00:00,v0.14.0b3,activitywatch-tauri-v0.14.0b3-windows-x86_64-setup.exe,windows,19
2026-08-05T14:02:02.494760+00:00,v0.14.0b3,activitywatch-tauri-v0.14.0b3-windows-x86_64.zip,windows,13
2026-08-05T14:02:02.494760+00:00,v0.14.0b3,activitywatch-v0.14.0b3-linux-x86_64.zip,linux,93
2026-08-05T14:02:02.494760+00:00,v0.14.0b3,activitywatch-v0.14.0b3-macos-arm64.dmg,macos,104
2026-08-05T14:02:02.494760+00:00,v0.14.0b3,activitywatch-v0.14.0b3-macos-x86_64.dmg,macos,87
2026-08-05T14:02:02.494760+00:00,v0.14.0b3,activitywatch-v0.14.0b3-windows-x86_64-setup.exe,windows,407
2026-08-05T14:02:02.494760+00:00,v0.14.0b3,activitywatch-v0.14.0b3-windows-x86_64.zip,windows,27
2026-08-05T19:25:04.168408+00:00,v0.12.3b18,activitywatch-v0.12.3b18-linux-x86_64.zip,linux,1868
2026-08-05T19:25:04.168408+00:00,v0.13.0,activitywatch-v0.13.0-linux-x86_64.deb,linux,70
2026-08-05T19:25:04.168408+00:00,v0.13.0,activitywatch-v0.13.0-windows-x86_64-setup.exe,windows,3024
2026-08-05T19:25:04.168408+00:00,v0.13.1,activitywatch-v0.13.1-windows-x86_64-setup.exe,windows,25738
2026-08-05T19:25:04.168408+00:00,v0.13.2,activitywatch-linux-x86_64.AppImage,linux,33677
2026-08-05T19:25:04.168408+00:00,v0.13.2,activitywatch-v0.13.2-linux-x86_64.deb,linux,4826
2026-08-05T19:25:04.168408+00:00,v0.13.2,activitywatch-v0.13.2-linux-x86_64.zip,linux,93373
2026-08-05T19:25:04.168408+00:00,v0.13.2,activitywatch-v0.13.2-macos-x86_64.dmg,macos,128985
2026-08-05T19:25:04.168408+00:00,v0.13.2,activitywatch-v0.13.2-macos-x86_64.zip,macos,11440
2026-08-05T19:25:04.168408+00:00,v0.13.2,activitywatch-v0.13.2-windows-x86_64-setup.exe,windows,286343
2026-08-05T19:25:04.168408+00:00,v0.13.2,activitywatch-v0.13.2-windows-x86_64.zip,windows,27792
2026-08-05T19:25:04.168408+00:00,v0.14.0b1,activitywatch-v0.14.0b1-linux-x86_64.zip,linux,848
2026-08-05T19:25:04.168408+00:00,v0.14.0b2,activitywatch-v0.14.0b2-linux-x86_64.zip,linux,90
2026-08-05T19:25:04.168408+00:00,v0.14.0b2,activitywatch-v0.14.0b2-macos-x86_64.dmg,macos,54
2026-08-05T19:25:04.168408+00:00,v0.14.0b3,activitywatch-tauri-v0.14.0b3-macos-arm64.dmg,macos,84
2026-08-05T19:25:04.168408+00:00,v0.14.0b3,activitywatch-tauri-v0.14.0b3-macos-arm64.zip,macos,10
2026-08-05T19:25:04.168408+00:00,v0.14.0b3,activitywatch-v0.14.0b3-linux-x86_64.zip,linux,100
2026-08-05T19:25:04.168408+00:00,v0.14.0b3,activitywatch-v0.14.0b3-macos-arm64.dmg,macos,108
2026-08-05T19:25:04.168408+00:00,v0.14.0b3,activitywatch-v0.14.0b3-macos-arm64.zip,macos,17
2026-08-05T19:25:04.168408+00:00,v0.14.0b3,activitywatch-v0.14.0b3-macos-x86_64.dmg,macos,90
2026-08-05T19:25:04.168408+00:00,v0.14.0b3,activitywatch-v0.14.0b3-windows-x86_64-setup.exe,windows,416
2026-08-06T02:21:39.127568+00:00,v0.11.0,activitywatch-v0.11.0-windows-x86_64-setup.exe,windows,38319
2026-08-06T02:21:39.127568+00:00,v0.12.0,activitywatch-v0.12.0-windows-x86_64-setup.exe,windows,8039
2026-08-06T02:21:39.127568+00:00,v0.12.2,activitywatch-v0.12.2-windows-x86_64-setup.exe,windows,57917
2026-08-06T02:21:39.127568+00:00,v0.12.3b18,activitywatch-v0.12.3b18-linux-x86_64.zip,linux,1870
2026-08-06T02:21:39.127568+00:00,v0.13.0,activitywatch-v0.13.0-windows-x86_64-setup.exe,windows,3027
2026-08-06T02:21:39.127568+00:00,v0.13.1,activitywatch-linux-x86_64.AppImage,linux,3775
2026-08-06T02:21:39.127568+00:00,v0.13.1,activitywatch-v0.13.1-windows-x86_64-setup.exe,windows,25741
2026-08-06T02:21:39.127568+00:00,v0.13.2,activitywatch-linux-x86_64.AppImage,linux,33702
2026-08-06T02:21:39.127568+00:00,v0.13.2,activitywatch-v0.13.2-linux-x86_64.deb,linux,4860
2026-08-06T02:21:39.127568+00:00,v0.13.2,activitywatch-v0.13.2-linux-x86_64.zip,linux,93419
2026-08-06T02:21:39.127568+00:00,v0.13.2,activitywatch-v0.13.2-macos-x86_64.dmg,macos,129053
2026-08-06T02:21:39.127568+00:00,v0.13.2,activitywatch-v0.13.2-macos-x86_64.zip,macos,11444
2026-08-06T02:21:39.127568+00:00,v0.13.2,activitywatch-v0.13.2-windows-x86_64-setup.exe,windows,286468
2026-08-06T02:21:39.127568+00:00,v0.13.2,activitywatch-v0.13.2-windows-x86_64.zip,windows,27800
2026-08-06T02:21:39.127568+00:00,v0.14.0b3,activitywatch-tauri-v0.14.0b3-macos-arm64.dmg,macos,89
2026-08-06T02:21:39.127568+00:00,v0.14.0b3,activitywatch-v0.14.0b3-linux-x86_64.zip,linux,104
2026-08-06T02:21:39.127568+00:00,v0.14.0b3,activitywatch-v0.14.0b3-macos-x86_64.dmg,macos,92
2026-08-06T02:21:39.127568+00:00,v0.14.0b3,activitywatch-v0.14.0b3-windows-x86_64-setup.exe,windows,444
2026-08-06T08:31:05.559000+00:00,v0.13.2,activitywatch-linux-x86_64.AppImage,linux,33734
2026-08-06T08:31:05.559000+00:00,v0.13.2,activitywatch-v0.13.2-linux-x86_64.deb,linux,4885
2026-08-06T08:31:05.559000+00:00,v0.13.2,activitywatch-v0.13.2-linux-x86_64.zip,linux,93471
2026-08-06T08:31:05.559000+00:00,v0.13.2,activitywatch-v0.13.2-macos-x86_64.dmg,macos,129127
2026-08-06T08:31:05.559000+00:00,v0.13.2,activitywatch-v0.13.2-macos-x86_64.zip,macos,11447
2026-08-06T08:31:05.559000+00:00,v0.13.2,activitywatch-v0.13.2-windows-x86_64-setup.exe,windows,286629
2026-08-06T08:31:05.559000+00:00,v0.13.2,activitywatch-v0.13.2-windows-x86_64.zip,windows,27814
2026-08-06T08:31:05.559000+00:00,v0.14.0b3,activitywatch-linux-x86_64.AppImage,linux,14
2026-08-06T08:31:05.559000+00:00,v0.14.0b3,activitywatch-tauri-v0.14.0b3-macos-arm64.dmg,macos,92
2026-08-06T08:31:05.559000+00:00,v0.14.0b3,activitywatch-v0.14.0b3-linux-x86_64.zip,linux,108
2026-08-06T08:31:05.559000+00:00,v0.14.0b3,activitywatch-v0.14.0b3-macos-arm64.dmg,macos,110
2026-08-06T08:31:05.559000+00:00,v0.14.0b3,activitywatch-v0.14.0b3-macos-x86_64.dmg,macos,94
2026-08-06T08:31:05.559000+00:00,v0.14.0b3,activitywatch-v0.14.0b3-windows-x86_64-setup.exe,windows,460
2026-08-06T08:31:05.559000+00:00,v0.14.0b3,activitywatch-v0.14.0b3-windows-x86_64.zip,windows,28
2026-08-06T14:01:09.477147+00:00,v0.13.2,activitywatch-linux-x86_64.AppImage,linux,33755
2026-08-06T14:01:09.477147+00:00,v0.13.2,activitywatch-v0.13.2-linux-x86_64.deb,linux,4904
2026-08-06T14:01:09.477147+00:00,v0.13.2,activitywatch-v0.13.2-linux-x86_64.zip,linux,93522
2026-08-06T14:01:09.477147+00:00,v0.13.2,activitywatch-v0.13.2-macos-x86_64.dmg,macos,129201
2026-08-06T14:01:09.477147+00:00,v0.13.2,activitywatch-v0.13.2-macos-x86_64.zip,macos,11450
2026-08-06T14:01:09.477147+00:00,v0.13.2,activitywatch-v0.13.2-windows-x86_64-setup.exe,windows,286840
2026-08-06T14:01:09.477147+00:00,v0.13.2,activitywatch-v0.13.2-windows-x86_64.zip,windows,27832
2026-08-06T14:01:09.477147+00:00,v0.14.0b3,activitywatch-tauri-v0.14.0b3-linux-x86_64.AppImage,linux,8
2026-08-06T14:01:09.477147+00:00,v0.14.0b3,activitywatch-tauri-v0.14.0b3-linux-x86_64.zip,linux,7
2026-08-06T14:01:09.477147+00:00,v0.14.0b3,activitywatch-tauri-v0.14.0b3-macos-arm64.dmg,macos,93
2026-08-06T14:01:09.477147+00:00,v0.14.0b3,activitywatch-v0.14.0b3-macos-arm64.dmg,macos,114
2026-08-06T14:01:09.477147+00:00,v0.14.0b3,activitywatch-v0.14.0b3-macos-x86_64.dmg,macos,98
2026-08-06T14:01:09.477147+00:00,v0.14.0b3,activitywatch-v0.14.0b3-windows-x86_64-setup.exe,windows,472
2026-08-06T14:01:09.477147+00:00,v0.14.0b3,activitywatch-v0.14.0b3-windows-x86_64.zip,windows,29
2026-08-06T14:01:09.477147+00:00,v0.14.0b3-research,activitywatch-linux-x86_64-research-edition.AppImage,linux,1
2026-08-06T14:01:09.477147+00:00,v0.14.0b3-research,activitywatch-research-edition-v0.14.0b3-research-linux-x86_64.zip,linux,1
2026-08-06T14:01:09.477147+00:00,v0.14.0b3-research,activitywatch-research-edition-v0.14.0b3-research-macos-arm64.zip,macos,2
2026-08-06T14:01:09.477147+00:00,v0.14.0b3-research,activitywatch-research-edition-v0.14.0b3-research-macos-x86_64.zip,macos,1
2026-08-06T14:01:09.477147+00:00,v0.14.0b3-research,activitywatch-research-edition-v0.14.0b3-research-windows-x86_64-setup.exe,windows,5
2026-08-06T14:01:09.477147+00:00,v0.14.0b3-research,activitywatch-research-edition-v0.14.0b3-research-windows-x86_64.zip,windows,3
2026-08-06T14:01:09.477147+00:00,v0.14.0b3-research,activitywatch-tauri-research-edition-v0.14.0b3-research-linux-aarch64.zip,linux,1
2026-08-06T14:01:09.477147+00:00,v0.14.0b3-research,activitywatch-tauri-research-edition-v0.14.0b3-research-linux-x86_64.zip,linux,1
2026-08-06T14:01:09.477147+00:00,v0.14.0b3-research,activitywatch-tauri-research-edition-v0.14.0b3-research-macos-arm64.zip,macos,1
2026-08-06T14:01:09.477147+00:00,v0.14.0b3-research,activitywatch-tauri-research-edition-v0.14.0b3-research-macos-x86_64.zip,macos,1
2026-08-06T14:01:09.477147+00:00,v0.14.0b3-research,activitywatch-tauri-research-edition-v0.14.0b3-research-windows-x86_64-setup.exe,windows,1
2026-08-06T14:01:09.477147+00:00,v0.14.0b3-research,activitywatch-tauri-research-edition-v0.14.0b3-research-windows-x86_64.zip,windows,1
2026-08-06T14:01:09.477147+00:00,v0.14.0b3-research,activitywatch-tauri-v0.14.0b3-research-linux-aarch64-research-edition.AppImage,linux,1
2026-08-06T14:01:09.477147+00:00,v0.14.0b3-research,activitywatch-tauri-v0.14.0b3-research-linux-aarch64-research-edition.deb,linux,1
2026-08-06T14:01:09.477147+00:00,v0.14.0b3-research,activitywatch-tauri-v0.14.0b3-research-linux-aarch64-research-edition.rpm,linux,1
2026-08-06T14:01:09.477147+00:00,v0.14.0b3-research,activitywatch-tauri-v0.14.0b3-research-linux-x86_64-research-edition.AppImage,linux,1
2026-08-06T14:01:09.477147+00:00,v0.14.0b3-research,activitywatch-tauri-v0.14.0b3-research-linux-x86_64-research-edition.deb,linux,1
2026-08-06T14:01:09.477147+00:00,v0.14.0b3-research,activitywatch-tauri-v0.14.0b3-research-linux-x86_64-research-edition.rpm,linux,1
2026-08-06T14:01:09.477147+00:00,v0.14.0b3-research,activitywatch-tauri-v0.14.0b3-research-macos-arm64-research-edition.dmg,macos,1
2026-08-06T14:01:09.477147+00:00,v0.14.0b3-research,activitywatch-tauri-v0.14.0b3-research-macos-x86_64-research-edition.dmg,macos,1
2026-08-06T14:01:09.477147+00:00,v0.14.0b3-research,activitywatch-v0.14.0b3-research-linux-x86_64-research-edition.deb,linux,1
2026-08-06T14:01:09.477147+00:00,v0.14.0b3-research,activitywatch-v0.14.0b3-research-macos-arm64-research-edition.dmg,macos,2
2026-08-06T14:01:09.477147+00:00,v0.14.0b3-research,activitywatch-v0.14.0b3-research-macos-x86_64-research-edition.dmg,macos,2
2026-08-06T23:55:03.927284+00:00,v0.11.0,activitywatch-v0.11.0-windows-x86_64-setup.exe,windows,38320
2026-08-06T23:55:03.927284+00:00,v0.12.0,activitywatch-v0.12.0-windows-x86_64-setup.exe,windows,8040
2026-08-06T23:55:03.927284+00:00,v0.12.0b2,activitywatch-v0.12.0b2-linux-x86_64.zip,linux,821
2026-08-06T23:55:03.927284+00:00,v0.12.2,activitywatch-v0.12.2-windows-x86_64-setup.exe,windows,57918
2026-08-06T23:55:03.927284+00:00,v0.13.0,activitywatch-v0.13.0-windows-x86_64-setup.exe,windows,3031
2026-08-06T23:55:03.927284+00:00,v0.13.1,activitywatch-v0.13.1-windows-x86_64-setup.exe,windows,25745
2026-08-06T23:55:03.927284+00:00,v0.13.2,activitywatch-linux-x86_64.AppImage,linux,33795
2026-08-06T23:55:03.927284+00:00,v0.13.2,activitywatch-v0.13.2-linux-x86_64.deb,linux,4945
2026-08-06T23:55:03.927284+00:00,v0.13.2,activitywatch-v0.13.2-linux-x86_64.zip,linux,93612
2026-08-06T23:55:03.927284+00:00,v0.13.2,activitywatch-v0.13.2-macos-x86_64.dmg,macos,129355
2026-08-06T23:55:03.927284+00:00,v0.13.2,activitywatch-v0.13.2-macos-x86_64.zip,macos,11454
2026-08-06T23:55:03.927284+00:00,v0.13.2,activitywatch-v0.13.2-windows-x86_64-setup.exe,windows,287109
2026-08-06T23:55:03.927284+00:00,v0.13.2,activitywatch-v0.13.2-windows-x86_64.zip,windows,27863
2026-08-06T23:55:03.927284+00:00,v0.14.0b2,activitywatch-v0.14.0b2-linux-x86_64.zip,linux,92
2026-08-06T23:55:03.927284+00:00,v0.14.0b3,activitywatch-tauri-v0.14.0b3-macos-arm64.dmg,macos,96
2026-08-06T23:55:03.927284+00:00,v0.14.0b3,activitywatch-tauri-v0.14.0b3-windows-x86_64-setup.exe,windows,20
2026-08-06T23:55:03.927284+00:00,v0.14.0b3,activitywatch-v0.14.0b3-linux-x86_64.zip,linux,117
2026-08-06T23:55:03.927284+00:00,v0.14.0b3,activitywatch-v0.14.0b3-macos-arm64.dmg,macos,123
2026-08-06T23:55:03.927284+00:00,v0.14.0b3,activitywatch-v0.14.0b3-macos-arm64.zip,macos,18
2026-08-06T23:55:03.927284+00:00,v0.14.0b3,activitywatch-v0.14.0b3-macos-x86_64.dmg,macos,102
2026-08-06T23:55:03.927284+00:00,v0.14.0b3,activitywatch-v0.14.0b3-windows-x86_64-setup.exe,windows,485
2026-08-06T23:55:03.927284+00:00,v0.14.0b3,activitywatch-v0.14.0b3-windows-x86_64.zip,windows,30
2026-08-06T23:55:03.927284+00:00,v0.14.0b3-research,activitywatch-linux-x86_64-research-edition.AppImage,linux,2
2026-08-06T23:55:03.927284+00:00,v0.14.0b3-research,activitywatch-research-edition-v0.14.0b3-research-linux-x86_64.zip,linux,2
2026-08-06T23:55:03.927284+00:00,v0.14.0b3-research,activitywatch-research-edition-v0.14.0b3-research-macos-arm64.zip,macos,4
2026-08-06T23:55:03.927284+00:00,v0.14.0b3-research,activitywatch-research-edition-v0.14.0b3-research-macos-x86_64.zip,macos,2
2026-08-06T23:55:03.927284+00:00,v0.14.0b3-research,activitywatch-research-edition-v0.14.0b3-research-windows-x86_64-setup.exe,windows,7
2026-08-06T23:55:03.927284+00:00,v0.14.0b3-research,activitywatch-research-edition-v0.14.0b3-research-windows-x86_64.zip,windows,5
2026-08-06T23:55:03.927284+00:00,v0.14.0b3-research,activitywatch-tauri-research-edition-v0.14.0b3-research-linux-aarch64.zip,linux,2
2026-08-06T23:55:03.927284+00:00,v0.14.0b3-research,activitywatch-tauri-research-edition-v0.14.0b3-research-linux-x86_64.zip,linux,3
2026-08-06T23:55:03.927284+00:00,v0.14.0b3-research,activitywatch-tauri-research-edition-v0.14.0b3-research-macos-arm64.zip,macos,2
2026-08-06T23:55:03.927284+00:00,v0.14.0b3-research,activitywatch-tauri-research-edition-v0.14.0b3-research-macos-x86_64.zip,macos,2
2026-08-06T23:55:03.927284+00:00,v0.14.0b3-research,activitywatch-tauri-research-edition-v0.14.0b3-research-windows-x86_64-setup.exe,windows,2
2026-08-06T23:55:03.927284+00:00,v0.14.0b3-research,activitywatch-tauri-research-edition-v0.14.0b3-research-windows-x86_64.zip,windows,3
2026-08-06T23:55:03.927284+00:00,v0.14.0b3-research,activitywatch-tauri-v0.14.0b3-research-linux-aarch64-research-edition.AppImage,linux,2
2026-08-06T23:55:03.927284+00:00,v0.14.0b3-research,activitywatch-tauri-v0.14.0b3-research-linux-aarch64-research-edition.deb,linux,2
2026-08-06T23:55:03.927284+00:00,v0.14.0b3-research,activitywatch-tauri-v0.14.0b3-research-linux-aarch64-research-edition.rpm,linux,2
2026-08-06T23:55:03.927284+00:00,v0.14.0b3-research,activitywatch-tauri-v0.14.0b3-research-linux-x86_64-research-edition.AppImage,linux,3
2026-08-06T23:55:03.927284+00:00,v0.14.0b3-research,activitywatch-tauri-v0.14.0b3-research-linux-x86_64-research-edition.deb,linux,2
2026-08-06T23:55:03.927284+00:00,v0.14.0b3-research,activitywatch-tauri-v0.14.0b3-research-linux-x86_64-research-edition.rpm,linux,2
2026-08-06T23:55:03.927284+00:00,v0.14.0b3-research,activitywatch-tauri-v0.14.0b3-research-macos-arm64-research-edition.dmg,macos,2
2026-08-06T23:55:03.927284+00:00,v0.14.0b3-research,activitywatch-tauri-v0.14.0b3-research-macos-x86_64-research-edition.dmg,macos,2
2026-08-06T23:55:03.927284+00:00,v0.14.0b3-research,activitywatch-v0.14.0b3-research-linux-x86_64-research-edition.deb,linux,2
2026-08-06T23:55:03.927284+00:00,v0.14.0b3-research,activitywatch-v0.14.0b3-research-macos-arm64-research-edition.dmg,macos,5
2026-08-06T23:55:03.927284+00:00,v0.14.0b3-research,activitywatch-v0.14.0b3-research-macos-x86_64-research-edition.dmg,macos,3
2026-08-06T23:55:03.927284+00:00,v0.8.0b7,activitywatch-v0.8.0b7-macos-x86_64.zip,macos,1437
2026-08-06T23:55:03.927284+00:00,v0.9.1,activitywatch-v0.9.1-windows-x86_64-setup.exe,windows,223
2026-08-07T02:31:38.697028+00:00,v0.13.0,activitywatch-v0.13.0-windows-x86_64-setup.exe,windows,3032
2026-08-07T02:31:38.697028+00:00,v0.13.1,activitywatch-v0.13.1-windows-x86_64-setup.exe,windows,25746
2026-08-07T02:31:38.697028+00:00,v0.13.2,activitywatch-linux-x86_64.AppImage,linux,33804
2026-08-07T02:31:38.697028+00:00,v0.13.2,activitywatch-v0.13.2-linux-x86_64.deb,linux,4954
2026-08-07T02:31:38.697028+00:00,v0.13.2,activitywatch-v0.13.2-linux-x86_64.zip,linux,93623
2026-08-07T02:31:38.697028+00:00,v0.13.2,activitywatch-v0.13.2-macos-x86_64.dmg,macos,129381
2026-08-07T02:31:38.697028+00:00,v0.13.2,activitywatch-v0.13.2-macos-x86_64.zip,macos,11455
2026-08-07T02:31:38.697028+00:00,v0.13.2,activitywatch-v0.13.2-windows-x86_64-setup.exe,windows,287138
2026-08-07T02:31:38.697028+00:00,v0.13.2,activitywatch-v0.13.2-windows-x86_64.zip,windows,27869
2026-08-07T02:31:38.697028+00:00,v0.14.0b2,activitywatch-tauri-v0.14.0b2-linux-aarch64.deb,linux,6
2026-08-07T02:31:38.697028+00:00,v0.14.0b2,activitywatch-v0.14.0b2-windows-x86_64.zip,windows,23
2026-08-07T02:31:38.697028+00:00,v0.14.0b3,activitywatch-v0.14.0b3-macos-arm64.dmg,macos,125
2026-08-07T07:10:42.675544+00:00,v0.11.0,activitywatch-v0.11.0-windows-x86_64-setup.exe,windows,38322
2026-08-07T07:10:42.675544+00:00,v0.12.0,activitywatch-v0.12.0-windows-x86_64-setup.exe,windows,8041
2026-08-07T07:10:42.675544+00:00,v0.12.2,activitywatch-v0.12.2-windows-x86_64-setup.exe,windows,57919
2026-08-07T07:10:42.675544+00:00,v0.13.0,activitywatch-v0.13.0-windows-x86_64-setup.exe,windows,3033
2026-08-07T07:10:42.675544+00:00,v0.13.1,activitywatch-v0.13.1-windows-x86_64-setup.exe,windows,25748
2026-08-07T07:10:42.675544+00:00,v0.13.2,activitywatch-linux-x86_64.AppImage,linux,33822
2026-08-07T07:10:42.675544+00:00,v0.13.2,activitywatch-v0.13.2-linux-x86_64.deb,linux,4971
2026-08-07T07:10:42.675544+00:00,v0.13.2,activitywatch-v0.13.2-linux-x86_64.zip,linux,93671
2026-08-07T07:10:42.675544+00:00,v0.13.2,activitywatch-v0.13.2-macos-x86_64.dmg,macos,129441
2026-08-07T07:10:42.675544+00:00,v0.13.2,activitywatch-v0.13.2-macos-x86_64.zip,macos,11459
2026-08-07T07:10:42.675544+00:00,v0.13.2,activitywatch-v0.13.2-windows-x86_64-setup.exe,windows,287236
2026-08-07T07:10:42.675544+00:00,v0.13.2,activitywatch-v0.13.2-windows-x86_64.zip,windows,27880
2026-08-07T07:10:42.675544+00:00,v0.14.0b1,activitywatch-v0.14.0b1-macos-arm64.dmg,macos,1229
2026-08-07T07:10:42.675544+00:00,v0.14.0b2,activitywatch-tauri-v0.14.0b2-linux-x86_64.rpm,linux,5
2026-08-07T07:10:42.675544+00:00,v0.14.0b3,activitywatch-linux-x86_64.AppImage,linux,15
2026-08-07T07:10:42.675544+00:00,v0.14.0b3,activitywatch-v0.14.0b3-linux-x86_64.deb,linux,12
2026-08-07T07:10:42.675544+00:00,v0.14.0b3,activitywatch-v0.14.0b3-linux-x86_64.zip,linux,119
2026-08-07T07:10:42.675544+00:00,v0.14.0b3,activitywatch-v0.14.0b3-macos-x86_64.dmg,macos,103
2026-08-07T07:10:42.675544+00:00,v0.14.0b3,activitywatch-v0.14.0b3-windows-x86_64-setup.exe,windows,489
2026-08-07T07:10:42.675544+00:00,v0.14.0b3-research,activitywatch-research-edition-v0.14.0b3-research-macos-arm64.zip,macos,5
2026-08-07T07:10:42.675544+00:00,v0.14.0b3-research,activitywatch-v0.14.0b3-research-macos-arm64-research-edition.dmg,macos,6
2026-08-07T07:10:42.675544+00:00,v0.8.0b7,activitywatch-v0.8.0b7-macos-x86_64.zip,macos,1442
2026-08-07T12:56:32.821751+00:00,v0.13.0,activitywatch-v0.13.0-windows-x86_64-setup.exe,windows,3034
2026-08-07T12:56:32.821751+00:00,v0.13.1,activitywatch-v0.13.1-windows-x86_64-setup.exe,windows,25749
2026-08-07T12:56:32.821751+00:00,v0.13.2,activitywatch-linux-x86_64.AppImage,linux,33845
2026-08-07T12:56:32.821751+00:00,v0.13.2,activitywatch-v0.13.2-linux-x86_64.deb,linux,4996
2026-08-07T12:56:32.821751+00:00,v0.13.2,activitywatch-v0.13.2-linux-x86_64.zip,linux,93726
2026-08-07T12:56:32.821751+00:00,v0.13.2,activitywatch-v0.13.2-macos-x86_64.dmg,macos,129543
2026-08-07T12:56:32.821751+00:00,v0.13.2,activitywatch-v0.13.2-macos-x86_64.zip,macos,11467
2026-08-07T12:56:32.821751+00:00,v0.13.2,activitywatch-v0.13.2-windows-x86_64-setup.exe,windows,287424
2026-08-07T12:56:32.821751+00:00,v0.13.2,activitywatch-v0.13.2-windows-x86_64.zip,windows,27909
2026-08-07T12:56:32.821751+00:00,v0.14.0b2,activitywatch-linux-x86_64.AppImage,linux,19
2026-08-07T12:56:32.821751+00:00,v0.14.0b3,activitywatch-linux-x86_64.AppImage,linux,16
2026-08-07T12:56:32.821751+00:00,v0.14.0b3,activitywatch-tauri-v0.14.0b3-linux-aarch64.AppImage,linux,5
2026-08-07T12:56:32.821751+00:00,v0.14.0b3,activitywatch-tauri-v0.14.0b3-windows-x86_64-setup.exe,windows,21
2026-08-07T12:56:32.821751+00:00,v0.14.0b3,activitywatch-v0.14.0b3-linux-x86_64.zip,linux,124
2026-08-07T12:56:32.821751+00:00,v0.14.0b3,activitywatch-v0.14.0b3-macos-arm64.dmg,macos,126
2026-08-07T12:56:32.821751+00:00,v0.14.0b3,activitywatch-v0.14.0b3-macos-x86_64.dmg,macos,104
2026-08-07T12:56:32.821751+00:00,v0.14.0b3,activitywatch-v0.14.0b3-windows-x86_64-setup.exe,windows,494
2026-08-07T12:56:32.821751+00:00,v0.14.0b3-research,activitywatch-linux-x86_64-research-edition.AppImage,linux,4
2026-08-07T12:56:32.821751+00:00,v0.14.0b3-research,activitywatch-research-edition-v0.14.0b3-research-linux-x86_64.zip,linux,3
2026-08-07T12:56:32.821751+00:00,v0.14.0b3-research,activitywatch-research-edition-v0.14.0b3-research-macos-arm64.zip,macos,6
2026-08-07T12:56:32.821751+00:00,v0.14.0b3-research,activitywatch-research-edition-v0.14.0b3-research-macos-x86_64.zip,macos,3
2026-08-07T12:56:32.821751+00:00,v0.14.0b3-research,activitywatch-research-edition-v0.14.0b3-research-windows-x86_64-setup.exe,windows,10
2026-08-07T12:56:32.821751+00:00,v0.14.0b3-research,activitywatch-research-edition-v0.14.0b3-research-windows-x86_64.zip,windows,8
2026-08-07T12:56:32.821751+00:00,v0.14.0b3-research,activitywatch-tauri-research-edition-v0.14.0b3-research-linux-aarch64.zip,linux,3
2026-08-07T12:56:32.821751+00:00,v0.14.0b3-research,activitywatch-tauri-research-edition-v0.14.0b3-research-linux-x86_64.zip,linux,4
2026-08-07T12:56:32.821751+00:00,v0.14.0b3-research,activitywatch-tauri-research-edition-v0.14.0b3-research-macos-arm64.zip,macos,3
2026-08-07T12:56:32.821751+00:00,v0.14.0b3-research,activitywatch-tauri-research-edition-v0.14.0b3-research-macos-x86_64.zip,macos,4
2026-08-07T12:56:32.821751+00:00,v0.14.0b3-research,activitywatch-tauri-research-edition-v0.14.0b3-research-windows-x86_64-setup.exe,windows,4
2026-08-07T12:56:32.821751+00:00,v0.14.0b3-research,activitywatch-tauri-research-edition-v0.14.0b3-research-windows-x86_64.zip,windows,5
2026-08-07T12:56:32.821751+00:00,v0.14.0b3-research,activitywatch-tauri-v0.14.0b3-research-linux-aarch64-research-edition.AppImage,linux,3
2026-08-07T12:56:32.821751+00:00,v0.14.0b3-research,activitywatch-tauri-v0.14.0b3-research-linux-aarch64-research-edition.deb,linux,3
2026-08-07T12:56:32.821751+00:00,v0.14.0b3-research,activitywatch-tauri-v0.14.0b3-research-linux-aarch64-research-edition.rpm,linux,3
2026-08-07T12:56:32.821751+00:00,v0.14.0b3-research,activitywatch-tauri-v0.14.0b3-research-linux-x86_64-research-edition.AppImage,linux,4
2026-08-07T12:56:32.821751+00:00,v0.14.0b3-research,activitywatch-tauri-v0.14.0b3-research-linux-x86_64-research-edition.deb,linux,3
2026-08-07T12:56:32.821751+00:00,v0.14.0b3-research,activitywatch-tauri-v0.14.0b3-research-linux-x86_64-research-edition.rpm,linux,3
2026-08-07T12:56:32.821751+00:00,v0.14.0b3-research,activitywatch-tauri-v0.14.0b3-research-macos-arm64-research-edition.dmg,macos,3
2026-08-07T12:56:32.821751+00:00,v0.14.0b3-research,activitywatch-tauri-v0.14.0b3-research-macos-x86_64-research-edition.dmg,macos,3
2026-08-07T12:56:32.821751+00:00,v0.14.0b3-research,activitywatch-v0.14.0b3-research-linux-x86_64-research-edition.deb,linux,3
2026-08-07T12:56:32.821751+00:00,v0.14.0b3-research,activitywatch-v0.14.0b3-research-macos-arm64-research-edition.dmg,macos,8
2026-08-07T12:56:32.821751+00:00,v0.14.0b3-research,activitywatch-v0.14.0b3-research-macos-x86_64-research-edition.dmg,macos,4
2026-08-07T18:51:44.370619+00:00,v0.10.0,activitywatch-v0.10.0-windows-x86_64-setup.exe,windows,15292
2026-08-07T18:51:44.370619+00:00,v0.13.2,activitywatch-linux-x86_64.AppImage,linux,33868
2026-08-07T18:51:44.370619+00:00,v0.13.2,activitywatch-v0.13.2-linux-x86_64.deb,linux,5019
2026-08-07T18:51:44.370619+00:00,v0.13.2,activitywatch-v0.13.2-linux-x86_64.zip,linux,93773
2026-08-07T18:51:44.370619+00:00,v0.13.2,activitywatch-v0.13.2-macos-x86_64.dmg,macos,129609
2026-08-07T18:51:44.370619+00:00,v0.13.2,activitywatch-v0.13.2-macos-x86_64.zip,macos,11471
2026-08-07T18:51:44.370619+00:00,v0.13.2,activitywatch-v0.13.2-windows-x86_64-setup.exe,windows,287627
2026-08-07T18:51:44.370619+00:00,v0.13.2,activitywatch-v0.13.2-windows-x86_64.zip,windows,27923
2026-08-07T18:51:44.370619+00:00,v0.14.0b1,activitywatch-v0.14.0b1-windows-x86_64-setup.exe,windows,2543
2026-08-07T18:51:44.370619+00:00,v0.14.0b2,activitywatch-v0.14.0b2-macos-arm64.zip,macos,15
2026-08-07T18:51:44.370619+00:00,v0.14.0b2,activitywatch-v0.14.0b2-macos-x86_64.zip,macos,5
2026-08-07T18:51:44.370619+00:00,v0.14.0b3,activitywatch-linux-x86_64.AppImage,linux,17
2026-08-07T18:51:44.370619+00:00,v0.14.0b3,activitywatch-tauri-v0.14.0b3-linux-x86_64.deb,linux,7
2026-08-07T18:51:44.370619+00:00,v0.14.0b3,activitywatch-tauri-v0.14.0b3-linux-x86_64.zip,linux,8
2026-08-07T18:51:44.370619+00:00,v0.14.0b3,activitywatch-v0.14.0b3-linux-x86_64.zip,linux,128
2026-08-07T18:51:44.370619+00:00,v0.14.0b3,activitywatch-v0.14.0b3-macos-arm64.dmg,macos,127
2026-08-07T18:51:44.370619+00:00,v0.14.0b3,activitywatch-v0.14.0b3-windows-x86_64-setup.exe,windows,505
2026-08-07T18:51:44.370619+00:00,v0.14.0b3,activitywatch-v0.14.0b3-windows-x86_64.zip,windows,35
2026-08-07T18:51:44.370619+00:00,v0.8.0b7,activitywatch-v0.8.0b7-macos-x86_64.zip,macos,1470
2026-08-08T01:21:02.890975+00:00,v0.12.2,activitywatch-v0.12.2-linux-x86_64.zip,linux,31628
2026-08-08T01:21:02.890975+00:00,v0.12.2,activitywatch-v0.12.2-macos-x86_64.dmg,macos,22530
2026-08-08T01:21:02.890975+00:00,v0.13.2,activitywatch-linux-x86_64.AppImage,linux,33891
2026-08-08T01:21:02.890975+00:00,v0.13.2,activitywatch-v0.13.2-linux-x86_64.deb,linux,5045
2026-08-08T01:21:02.890975+00:00,v0.13.2,activitywatch-v0.13.2-linux-x86_64.zip,linux,93808
2026-08-08T01:21:02.890975+00:00,v0.13.2,activitywatch-v0.13.2-macos-x86_64.dmg,macos,129686
2026-08-08T01:21:02.890975+00:00,v0.13.2,activitywatch-v0.13.2-macos-x86_64.zip,macos,11474
2026-08-08T01:21:02.890975+00:00,v0.13.2,activitywatch-v0.13.2-windows-x86_64-setup.exe,windows,287751
2026-08-08T01:21:02.890975+00:00,v0.13.2,activitywatch-v0.13.2-windows-x86_64.zip,windows,27927
2026-08-08T01:21:02.890975+00:00,v0.14.0b2,activitywatch-linux-x86_64.AppImage,linux,20
2026-08-08T01:21:02.890975+00:00,v0.14.0b2,activitywatch-tauri-v0.14.0b2-linux-aarch64.AppImage,linux,5
2026-08-08T01:21:02.890975+00:00,v0.14.0b2,activitywatch-tauri-v0.14.0b2-windows-x86_64-setup.exe,windows,11
2026-08-08T01:21:02.890975+00:00,v0.14.0b3,activitywatch-linux-x86_64.AppImage,linux,18
2026-08-08T01:21:02.890975+00:00,v0.14.0b3,activitywatch-tauri-v0.14.0b3-linux-x86_64.zip,linux,9
2026-08-08T01:21:02.890975+00:00,v0.14.0b3,activitywatch-tauri-v0.14.0b3-macos-arm64.dmg,macos,100
2026-08-08T01:21:02.890975+00:00,v0.14.0b3,activitywatch-v0.14.0b3-linux-x86_64.zip,linux,129
2026-08-08T01:21:02.890975+00:00,v0.14.0b3,activitywatch-v0.14.0b3-macos-arm64.dmg,macos,128
2026-08-08T01:21:02.890975+00:00,v0.14.0b3,activitywatch-v0.14.0b3-windows-x86_64-setup.exe,windows,511
2026-08-08T01:21:02.890975+00:00,v0.14.0b3,activitywatch-v0.14.0b3-windows-x86_64.zip,windows,36
2026-08-08T06:46:40.156285+00:00,v0.13.2,activitywatch-linux-x86_64.AppImage,linux,33909
2026-08-08T06:46:40.156285+00:00,v0.13.2,activitywatch-v0.13.2-linux-x86_64.deb,linux,5067
2026-08-08T06:46:40.156285+00:00,v0.13.2,activitywatch-v0.13.2-linux-x86_64.zip,linux,93843
2026-08-08T06:46:40.156285+00:00,v0.13.2,activitywatch-v0.13.2-macos-x86_64.dmg,macos,129748
2026-08-08T06:46:40.156285+00:00,v0.13.2,activitywatch-v0.13.2-macos-x86_64.zip,macos,11477
2026-08-08T06:46:40.156285+00:00,v0.13.2,activitywatch-v0.13.2-windows-x86_64-setup.exe,windows,287831
2026-08-08T06:46:40.156285+00:00,v0.13.2,activitywatch-v0.13.2-windows-x86_64.zip,windows,27936
2026-08-08T06:46:40.156285+00:00,v0.14.0b1,activitywatch-v0.14.0b1-windows-x86_64-setup.exe,windows,2545
2026-08-08T06:46:40.156285+00:00,v0.14.0b2,activitywatch-tauri-v0.14.0b2-linux-aarch64.zip,linux,5
2026-08-08T06:46:40.156285+00:00,v0.14.0b3,activitywatch-linux-x86_64.AppImage,linux,21
2026-08-08T06:46:40.156285+00:00,v0.14.0b3,activitywatch-tauri-v0.14.0b3-linux-aarch64.rpm,linux,5
2026-08-08T06:46:40.156285+00:00,v0.14.0b3,activitywatch-v0.14.0b3-linux-x86_64.zip,linux,130
2026-08-08T06:46:40.156285+00:00,v0.14.0b3,activitywatch-v0.14.0b3-macos-arm64.dmg,macos,131
2026-08-08T06:46:40.156285+00:00,v0.14.0b3,activitywatch-v0.14.0b3-macos-x86_64.dmg,macos,106
2026-08-08T06:46:40.156285+00:00,v0.14.0b3,activitywatch-v0.14.0b3-windows-x86_64-setup.exe,windows,514
2026-08-08T12:41:24.796576+00:00,v0.12.1,activitywatch-v0.12.1-windows-x86_64-setup.exe,windows,23213
2026-08-08T12:41:24.796576+00:00,v0.13.2,activitywatch-linux-x86_64.AppImage,linux,33931
2026-08-08T12:41:24.796576+00:00,v0.13.2,activitywatch-v0.13.2-linux-x86_64.deb,linux,5090
2026-08-08T12:41:24.796576+00:00,v0.13.2,activitywatch-v0.13.2-linux-x86_64.zip,linux,93874
2026-08-08T12:41:24.796576+00:00,v0.13.2,activitywatch-v0.13.2-macos-x86_64.dmg,macos,129818
2026-08-08T12:41:24.796576+00:00,v0.13.2,activitywatch-v0.13.2-macos-x86_64.zip,macos,11480
2026-08-08T12:41:24.796576+00:00,v0.13.2,activitywatch-v0.13.2-windows-x86_64-setup.exe,windows,287966
2026-08-08T12:41:24.796576+00:00,v0.13.2,activitywatch-v0.13.2-windows-x86_64.zip,windows,27941
2026-08-08T12:41:24.796576+00:00,v0.14.0b2,activitywatch-tauri-v0.14.0b2-macos-arm64.dmg,macos,86
2026-08-08T12:41:24.796576+00:00,v0.14.0b2,activitywatch-tauri-v0.14.0b2-macos-x86_64.dmg,macos,5
2026-08-08T12:41:24.796576+00:00,v0.14.0b2,activitywatch-v0.14.0b2-linux-x86_64.zip,linux,93
2026-08-08T12:41:24.796576+00:00,v0.14.0b3,activitywatch-linux-x86_64.AppImage,linux,22
2026-08-08T12:41:24.796576+00:00,v0.14.0b3,activitywatch-tauri-v0.14.0b3-macos-arm64.dmg,macos,101
2026-08-08T12:41:24.796576+00:00,v0.14.0b3,activitywatch-tauri-v0.14.0b3-macos-x86_64.zip,macos,5
2026-08-08T12:41:24.796576+00:00,v0.14.0b3,activitywatch-v0.14.0b3-linux-x86_64.deb,linux,13
2026-08-08T12:41:24.796576+00:00,v0.14.0b3,activitywatch-v0.14.0b3-linux-x86_64.zip,linux,132
2026-08-08T12:41:24.796576+00:00,v0.14.0b3,activitywatch-v0.14.0b3-macos-arm64.dmg,macos,132
2026-08-08T12:41:24.796576+00:00,v0.14.0b3,activitywatch-v0.14.0b3-macos-x86_64.dmg,macos,107
2026-08-08T12:41:24.796576+00:00,v0.14.0b3,activitywatch-v0.14.0b3-windows-x86_64-setup.exe,windows,519
2026-08-08T12:41:24.796576+00:00,v0.14.0b3-research,activitywatch-research-edition-v0.14.0b3-research-windows-x86_64-setup.exe,windows,11
2026-08-08T12:41:24.796576+00:00,v0.14.0b3-research,activitywatch-tauri-v0.14.0b3-research-linux-x86_64-research-edition.deb,linux,5
2026-08-08T12:41:24.796576+00:00,v0.9.0,activitywatch-v0.9.0-macos-x86_64.dmg,macos,183
2026-08-08T18:33:02.317184+00:00,v0.13.2,activitywatch-linux-x86_64.AppImage,linux,33956
2026-08-08T18:33:02.317184+00:00,v0.13.2,activitywatch-v0.13.2-linux-x86_64.deb,linux,5115
2026-08-08T18:33:02.317184+00:00,v0.13.2,activitywatch-v0.13.2-linux-x86_64.zip,linux,93904
2026-08-08T18:33:02.317184+00:00,v0.13.2,activitywatch-v0.13.2-macos-x86_64.dmg,macos,129893
2026-08-08T18:33:02.317184+00:00,v0.13.2,activitywatch-v0.13.2-macos-x86_64.zip,macos,11483
2026-08-08T18:33:02.317184+00:00,v0.13.2,activitywatch-v0.13.2-windows-x86_64-setup.exe,windows,288102
2026-08-08T18:33:02.317184+00:00,v0.13.2,activitywatch-v0.13.2-windows-x86_64.zip,windows,27951
2026-08-08T18:33:02.317184+00:00,v0.14.0b2,activitywatch-tauri-v0.14.0b2-windows-x86_64.zip,windows,9
2026-08-08T18:33:02.317184+00:00,v0.14.0b3,activitywatch-linux-x86_64.AppImage,linux,23
2026-08-08T18:33:02.317184+00:00,v0.14.0b3,activitywatch-tauri-v0.14.0b3-macos-arm64.dmg,macos,103
2026-08-08T18:33:02.317184+00:00,v0.14.0b3,activitywatch-tauri-v0.14.0b3-macos-x86_64.dmg,macos,4
2026-08-08T18:33:02.317184+00:00,v0.14.0b3,activitywatch-tauri-v0.14.0b3-windows-x86_64-setup.exe,windows,24
2026-08-08T18:33:02.317184+00:00,v0.14.0b3,activitywatch-tauri-v0.14.0b3-windows-x86_64.zip,windows,15
2026-08-08T18:33:02.317184+00:00,v0.14.0b3,activitywatch-v0.14.0b3-linux-x86_64.zip,linux,134
2026-08-08T18:33:02.317184+00:00,v0.14.0b3,activitywatch-v0.14.0b3-macos-arm64.dmg,macos,137
2026-08-08T18:33:02.317184+00:00,v0.14.0b3,activitywatch-v0.14.0b3-windows-x86_64-setup.exe,windows,527
2026-08-08T18:33:02.317184+00:00,v0.14.0b3-research,activitywatch-linux-x86_64-research-edition.AppImage,linux,5
2026-08-08T18:33:02.317184+00:00,v0.14.0b3-research,activitywatch-v0.14.0b3-research-linux-x86_64-research-edition.deb,linux,4
2026-08-09T01:26:11.838873+00:00,v0.11.0,activitywatch-v0.11.0-windows-x86_64-setup.exe,windows,38323
2026-08-09T01:26:11.838873+00:00,v0.12.0,activitywatch-v0.12.0-windows-x86_64-setup.exe,windows,8042
2026-08-09T01:26:11.838873+00:00,v0.12.2,activitywatch-v0.12.2-windows-x86_64-setup.exe,windows,57920
2026-08-09T01:26:11.838873+00:00,v0.13.0,activitywatch-v0.13.0-windows-x86_64-setup.exe,windows,3035
2026-08-09T01:26:11.838873+00:00,v0.13.1,activitywatch-v0.13.1-windows-x86_64-setup.exe,windows,25750
2026-08-09T01:26:11.838873+00:00,v0.13.2,activitywatch-linux-x86_64.AppImage,linux,33979
2026-08-09T01:26:11.838873+00:00,v0.13.2,activitywatch-v0.13.2-linux-x86_64.deb,linux,5146
2026-08-09T01:26:11.838873+00:00,v0.13.2,activitywatch-v0.13.2-linux-x86_64.zip,linux,93939
2026-08-09T01:26:11.838873+00:00,v0.13.2,activitywatch-v0.13.2-macos-x86_64.dmg,macos,129969
2026-08-09T01:26:11.838873+00:00,v0.13.2,activitywatch-v0.13.2-macos-x86_64.zip,macos,11487
2026-08-09T01:26:11.838873+00:00,v0.13.2,activitywatch-v0.13.2-windows-x86_64-setup.exe,windows,288209
2026-08-09T01:26:11.838873+00:00,v0.13.2,activitywatch-v0.13.2-windows-x86_64.zip,windows,27957
2026-08-09T01:26:11.838873+00:00,v0.14.0b2,activitywatch-tauri-v0.14.0b2-macos-arm64.zip,macos,6
2026-08-09T01:26:11.838873+00:00,v0.14.0b2,activitywatch-tauri-v0.14.0b2-macos-x86_64.dmg,macos,6
2026-08-09T01:26:11.838873+00:00,v0.14.0b2,activitywatch-v0.14.0b2-windows-x86_64-setup.exe,windows,284
2026-08-09T01:26:11.838873+00:00,v0.14.0b3,activitywatch-tauri-v0.14.0b3-linux-x86_64.AppImage,linux,9
2026-08-09T01:26:11.838873+00:00,v0.14.0b3,activitywatch-tauri-v0.14.0b3-macos-arm64.dmg,macos,105
2026-08-09T01:26:11.838873+00:00,v0.14.0b3,activitywatch-tauri-v0.14.0b3-windows-x86_64-setup.exe,windows,25
2026-08-09T01:26:11.838873+00:00,v0.14.0b3,activitywatch-v0.14.0b3-linux-x86_64.deb,linux,14
2026-08-09T01:26:11.838873+00:00,v0.14.0b3,activitywatch-v0.14.0b3-linux-x86_64.zip,linux,136
2026-08-09T01:26:11.838873+00:00,v0.14.0b3,activitywatch-v0.14.0b3-macos-arm64.dmg,macos,140
2026-08-09T01:26:11.838873+00:00,v0.14.0b3,activitywatch-v0.14.0b3-windows-x86_64-setup.exe,windows,534
2026-08-09T01:26:11.838873+00:00,v0.14.0b3-research,activitywatch-research-edition-v0.14.0b3-research-linux-x86_64.zip,linux,4
2026-08-09T01:26:11.838873+00:00,v0.14.0b3-research,activitywatch-tauri-research-edition-v0.14.0b3-research-linux-x86_64.zip,linux,5
2026-08-09T01:26:11.838873+00:00,v0.14.0b3-research,activitywatch-tauri-research-edition-v0.14.0b3-research-windows-x86_64-setup.exe,windows,5
2026-08-09T06:51:37.628066+00:00,v0.13.2,activitywatch-linux-x86_64.AppImage,linux,34001
2026-08-09T06:51:37.628066+00:00,v0.13.2,activitywatch-v0.13.2-linux-x86_64.deb,linux,5168
2026-08-09T06:51:37.628066+00:00,v0.13.2,activitywatch-v0.13.2-linux-x86_64.zip,linux,93967
2026-08-09T06:51:37.628066+00:00,v0.13.2,activitywatch-v0.13.2-macos-x86_64.dmg,macos,130034
2026-08-09T06:51:37.628066+00:00,v0.13.2,activitywatch-v0.13.2-macos-x86_64.zip,macos,11490
2026-08-09T06:51:37.628066+00:00,v0.13.2,activitywatch-v0.13.2-windows-x86_64-setup.exe,windows,288293
2026-08-09T06:51:37.628066+00:00,v0.13.2,activitywatch-v0.13.2-windows-x86_64.zip,windows,27964
2026-08-09T06:51:37.628066+00:00,v0.14.0b2,activitywatch-tauri-v0.14.0b2-linux-aarch64.AppImage,linux,6
2026-08-09T06:51:37.628066+00:00,v0.14.0b2,activitywatch-tauri-v0.14.0b2-linux-x86_64.deb,linux,6
2026-08-09T06:51:37.628066+00:00,v0.14.0b2,activitywatch-v0.14.0b2-macos-x86_64.zip,macos,6
2026-08-09T06:51:37.628066+00:00,v0.14.0b3,activitywatch-tauri-v0.14.0b3-linux-x86_64.rpm,linux,9
2026-08-09T06:51:37.628066+00:00,v0.14.0b3,activitywatch-tauri-v0.14.0b3-macos-arm64.dmg,macos,106
2026-08-09T06:51:37.628066+00:00,v0.14.0b3,activitywatch-v0.14.0b3-linux-x86_64.deb,linux,15
2026-08-09T06:51:37.628066+00:00,v0.14.0b3,activitywatch-v0.14.0b3-macos-arm64.dmg,macos,141
2026-08-09T06:51:37.628066+00:00,v0.14.0b3,activitywatch-v0.14.0b3-macos-x86_64.dmg,macos,109
2026-08-09T06:51:37.628066+00:00,v0.14.0b3,activitywatch-v0.14.0b3-windows-x86_64-setup.exe,windows,541
2026-08-09T06:51:37.628066+00:00,v0.14.0b3-research,activitywatch-research-edition-v0.14.0b3-research-linux-x86_64.zip,linux,5
2026-08-09T12:43:05.462948+00:00,v0.12.2,activitywatch-v0.12.2-linux-x86_64.zip,linux,31629
2026-08-09T12:43:05.462948+00:00,v0.12.3b18,activitywatch-v0.12.3b18-linux-x86_64.zip,linux,1876
2026-08-09T12:43:05.462948+00:00,v0.13.2,activitywatch-linux-x86_64.AppImage,linux,34019
2026-08-09T12:43:05.462948+00:00,v0.13.2,activitywatch-v0.13.2-linux-x86_64.deb,linux,5187
2026-08-09T12:43:05.462948+00:00,v0.13.2,activitywatch-v0.13.2-linux-x86_64.zip,linux,94002
2026-08-09T12:43:05.462948+00:00,v0.13.2,activitywatch-v0.13.2-macos-x86_64.dmg,macos,130105
2026-08-09T12:43:05.462948+00:00,v0.13.2,activitywatch-v0.13.2-macos-x86_64.zip,macos,11494
2026-08-09T12:43:05.462948+00:00,v0.13.2,activitywatch-v0.13.2-windows-x86_64-setup.exe,windows,288437
2026-08-09T12:43:05.462948+00:00,v0.13.2,activitywatch-v0.13.2-windows-x86_64.zip,windows,27976
2026-08-09T12:43:05.462948+00:00,v0.14.0b2,activitywatch-tauri-v0.14.0b2-linux-x86_64.AppImage,linux,6
2026-08-09T12:43:05.462948+00:00,v0.14.0b2,activitywatch-v0.14.0b2-windows-x86_64-setup.exe,windows,285
2026-08-09T12:43:05.462948+00:00,v0.14.0b3,activitywatch-tauri-v0.14.0b3-linux-aarch64.AppImage,linux,6
2026-08-09T12:43:05.462948+00:00,v0.14.0b3,activitywatch-tauri-v0.14.0b3-linux-aarch64.zip,linux,4
2026-08-09T12:43:05.462948+00:00,v0.14.0b3,activitywatch-tauri-v0.14.0b3-macos-arm64.dmg,macos,107
2026-08-09T12:43:05.462948+00:00,v0.14.0b3,activitywatch-tauri-v0.14.0b3-macos-arm64.zip,macos,11
2026-08-09T12:43:05.462948+00:00,v0.14.0b3,activitywatch-v0.14.0b3-macos-arm64.dmg,macos,144
2026-08-09T12:43:05.462948+00:00,v0.14.0b3,activitywatch-v0.14.0b3-macos-arm64.zip,macos,20
2026-08-09T12:43:05.462948+00:00,v0.14.0b3,activitywatch-v0.14.0b3-windows-x86_64-setup.exe,windows,550
2026-08-09T12:43:05.462948+00:00,v0.14.0b3,activitywatch-v0.14.0b3-windows-x86_64.zip,windows,37
2026-08-09T12:43:05.462948+00:00,v0.14.0b3-research,activitywatch-research-edition-v0.14.0b3-research-windows-x86_64-setup.exe,windows,12
2026-08-09T18:35:40.672740+00:00,v0.11.0,activitywatch-v0.11.0-windows-x86_64-setup.exe,windows,38324
2026-08-09T18:35:40.672740+00:00,v0.13.2,activitywatch-linux-x86_64.AppImage,linux,34040
2026-08-09T18:35:40.672740+00:00,v0.13.2,activitywatch-v0.13.2-linux-x86_64.deb,linux,5207
2026-08-09T18:35:40.672740+00:00,v0.13.2,activitywatch-v0.13.2-linux-x86_64.zip,linux,94043
2026-08-09T18:35:40.672740+00:00,v0.13.2,activitywatch-v0.13.2-macos-x86_64.dmg,macos,130165
2026-08-09T18:35:40.672740+00:00,v0.13.2,activitywatch-v0.13.2-macos-x86_64.zip,macos,11496
2026-08-09T18:35:40.672740+00:00,v0.13.2,activitywatch-v0.13.2-windows-x86_64-setup.exe,windows,288619
2026-08-09T18:35:40.672740+00:00,v0.13.2,activitywatch-v0.13.2-windows-x86_64.zip,windows,27992
2026-08-09T18:35:40.672740+00:00,v0.14.0b2,activitywatch-tauri-v0.14.0b2-linux-aarch64.rpm,linux,5
2026-08-09T18:35:40.672740+00:00,v0.14.0b2,activitywatch-v0.14.0b2-macos-x86_64.dmg,macos,55
2026-08-09T18:35:40.672740+00:00,v0.14.0b3,activitywatch-linux-x86_64.AppImage,linux,24
2026-08-09T18:35:40.672740+00:00,v0.14.0b3,activitywatch-tauri-v0.14.0b3-macos-arm64.dmg,macos,108
2026-08-09T18:35:40.672740+00:00,v0.14.0b3,activitywatch-v0.14.0b3-linux-x86_64.zip,linux,138
2026-08-09T18:35:40.672740+00:00,v0.14.0b3,activitywatch-v0.14.0b3-macos-arm64.dmg,macos,145
2026-08-09T18:35:40.672740+00:00,v0.14.0b3,activitywatch-v0.14.0b3-macos-x86_64.dmg,macos,110
2026-08-09T18:35:40.672740+00:00,v0.14.0b3,activitywatch-v0.14.0b3-windows-x86_64-setup.exe,windows,560
2026-08-09T18:35:40.672740+00:00,v0.14.0b3-research,activitywatch-research-edition-v0.14.0b3-research-windows-x86_64-setup.exe,windows,14
2026-08-09T18:35:40.672740+00:00,v0.14.0b3-research,activitywatch-tauri-research-edition-v0.14.0b3-research-macos-arm64.zip,macos,4
2026-08-10T01:28:08.827516+00:00,v0.11.0,activitywatch-v0.11.0-windows-x86_64-setup.exe,windows,38327
2026-08-10T01:28:08.827516+00:00,v0.12.0,activitywatch-v0.12.0-windows-x86_64-setup.exe,windows,8046
2026-08-10T01:28:08.827516+00:00,v0.12.2,activitywatch-v0.12.2-windows-x86_64-setup.exe,windows,57923
2026-08-10T01:28:08.827516+00:00,v0.12.3b18,activitywatch-v0.12.3b18-linux-x86_64.zip,linux,1878
2026-08-10T01:28:08.827516+00:00,v0.13.0,activitywatch-v0.13.0-windows-x86_64-setup.exe,windows,3038
2026-08-10T01:28:08.827516+00:00,v0.13.1,activitywatch-v0.13.1-linux-x86_64.zip,linux,10903
2026-08-10T01:28:08.827516+00:00,v0.13.1,activitywatch-v0.13.1-windows-x86_64-setup.exe,windows,25753
2026-08-10T01:28:08.827516+00:00,v0.13.2,activitywatch-linux-x86_64.AppImage,linux,34066
2026-08-10T01:28:08.827516+00:00,v0.13.2,activitywatch-v0.13.2-linux-x86_64.deb,linux,5232
2026-08-10T01:28:08.827516+00:00,v0.13.2,activitywatch-v0.13.2-linux-x86_64.zip,linux,94085
2026-08-10T01:28:08.827516+00:00,v0.13.2,activitywatch-v0.13.2-macos-x86_64.dmg,macos,130253
2026-08-10T01:28:08.827516+00:00,v0.13.2,activitywatch-v0.13.2-macos-x86_64.zip,macos,11500
2026-08-10T01:28:08.827516+00:00,v0.13.2,activitywatch-v0.13.2-windows-x86_64-setup.exe,windows,288736
2026-08-10T01:28:08.827516+00:00,v0.13.2,activitywatch-v0.13.2-windows-x86_64.zip,windows,27999
2026-08-10T01:28:08.827516+00:00,v0.14.0b2,activitywatch-tauri-v0.14.0b2-linux-aarch64.deb,linux,7
2026-08-10T01:28:08.827516+00:00,v0.14.0b3,activitywatch-tauri-v0.14.0b3-linux-aarch64.rpm,linux,6
2026-08-10T01:28:08.827516+00:00,v0.14.0b3,activitywatch-tauri-v0.14.0b3-windows-x86_64-setup.exe,windows,26
2026-08-10T01:28:08.827516+00:00,v0.14.0b3,activitywatch-tauri-v0.14.0b3-windows-x86_64.zip,windows,16
2026-08-10T01:28:08.827516+00:00,v0.14.0b3,activitywatch-v0.14.0b3-linux-x86_64.zip,linux,140
2026-08-10T01:28:08.827516+00:00,v0.14.0b3,activitywatch-v0.14.0b3-macos-arm64.dmg,macos,148
2026-08-10T01:28:08.827516+00:00,v0.14.0b3-research,activitywatch-tauri-v0.14.0b3-research-linux-aarch64-research-edition.rpm,linux,4
2026-08-10T07:26:43.627272+00:00,v0.13.2,activitywatch-linux-x86_64.AppImage,linux,34090
2026-08-10T07:26:43.627272+00:00,v0.13.2,activitywatch-v0.13.2-linux-x86_64.deb,linux,5261
2026-08-10T07:26:43.627272+00:00,v0.13.2,activitywatch-v0.13.2-linux-x86_64.zip,linux,94125
2026-08-10T07:26:43.627272+00:00,v0.13.2,activitywatch-v0.13.2-macos-x86_64.dmg,macos,130332
2026-08-10T07:26:43.627272+00:00,v0.13.2,activitywatch-v0.13.2-macos-x86_64.zip,macos,11504
2026-08-10T07:26:43.627272+00:00,v0.13.2,activitywatch-v0.13.2-windows-x86_64-setup.exe,windows,288872
2026-08-10T07:26:43.627272+00:00,v0.13.2,activitywatch-v0.13.2-windows-x86_64.zip,windows,28030
2026-08-10T07:26:43.627272+00:00,v0.14.0b2,activitywatch-tauri-v0.14.0b2-macos-arm64.zip,macos,7
2026-08-10T07:26:43.627272+00:00,v0.14.0b2,activitywatch-v0.14.0b2-linux-x86_64.deb,linux,15
2026-08-10T07:26:43.627272+00:00,v0.14.0b2,activitywatch-v0.14.0b2-windows-x86_64-setup.exe,windows,286
2026-08-10T07:26:43.627272+00:00,v0.14.0b3,activitywatch-linux-x86_64.AppImage,linux,26
2026-08-10T07:26:43.627272+00:00,v0.14.0b3,activitywatch-tauri-v0.14.0b3-linux-x86_64.AppImage,linux,10
2026-08-10T07:26:43.627272+00:00,v0.14.0b3,activitywatch-tauri-v0.14.0b3-macos-arm64.dmg,macos,109
2026-08-10T07:26:43.627272+00:00,v0.14.0b3,activitywatch-v0.14.0b3-macos-arm64.dmg,macos,151
2026-08-10T07:26:43.627272+00:00,v0.14.0b3,activitywatch-v0.14.0b3-windows-x86_64-setup.exe,windows,568
2026-08-10T07:26:43.627272+00:00,v0.8.0b7,activitywatch-v0.8.0b7-macos-x86_64.zip,macos,1486
2026-08-10T13:00:31.998055+00:00,v0.11.0,activitywatch-v0.11.0-windows-x86_64-setup.exe,windows,38328
2026-08-10T13:00:31.998055+00:00,v0.13.2,activitywatch-linux-x86_64.AppImage,linux,34107
2026-08-10T13:00:31.998055+00:00,v0.13.2,activitywatch-v0.13.2-linux-x86_64.deb,linux,5286
2026-08-10T13:00:31.998055+00:00,v0.13.2,activitywatch-v0.13.2-linux-x86_64.zip,linux,94178
2026-08-10T13:00:31.998055+00:00,v0.13.2,activitywatch-v0.13.2-macos-x86_64.dmg,macos,130427
2026-08-10T13:00:31.998055+00:00,v0.13.2,activitywatch-v0.13.2-macos-x86_64.zip,macos,11510
2026-08-10T13:00:31.998055+00:00,v0.13.2,activitywatch-v0.13.2-windows-x86_64-setup.exe,windows,289070
2026-08-10T13:00:31.998055+00:00,v0.13.2,activitywatch-v0.13.2-windows-x86_64.zip,windows,28048
2026-08-10T13:00:31.998055+00:00,v0.14.0b2,activitywatch-tauri-v0.14.0b2-linux-aarch64.zip,linux,6
2026-08-10T13:00:31.998055+00:00,v0.14.0b2,activitywatch-tauri-v0.14.0b2-linux-x86_64.rpm,linux,6
2026-08-10T13:00:31.998055+00:00,v0.14.0b2,activitywatch-tauri-v0.14.0b2-linux-x86_64.zip,linux,7
2026-08-10T13:00:31.998055+00:00,v0.14.0b2,activitywatch-v0.14.0b2-macos-arm64.dmg,macos,108
2026-08-10T13:00:31.998055+00:00,v0.14.0b3,activitywatch-linux-x86_64.AppImage,linux,28
2026-08-10T13:00:31.998055+00:00,v0.14.0b3,activitywatch-tauri-v0.14.0b3-macos-arm64.dmg,macos,115
2026-08-10T13:00:31.998055+00:00,v0.14.0b3,activitywatch-tauri-v0.14.0b3-windows-x86_64-setup.exe,windows,28
2026-08-10T13:00:31.998055+00:00,v0.14.0b3,activitywatch-v0.14.0b3-linux-x86_64.zip,linux,145
2026-08-10T13:00:31.998055+00:00,v0.14.0b3,activitywatch-v0.14.0b3-macos-arm64.dmg,macos,152
2026-08-10T13:00:31.998055+00:00,v0.14.0b3,activitywatch-v0.14.0b3-windows-x86_64-setup.exe,windows,588
2026-08-10T13:00:31.998055+00:00,v0.14.0b3-research,activitywatch-research-edition-v0.14.0b3-research-windows-x86_64-setup.exe,windows,15
2026-08-10T13:00:31.998055+00:00,v0.14.0b3-research,activitywatch-tauri-research-edition-v0.14.0b3-research-windows-x86_64.zip,windows,6
2026-08-10T13:00:31.998055+00:00,v0.14.0b3-research,activitywatch-v0.14.0b3-research-macos-arm64-research-edition.dmg,macos,9
2026-08-10T18:53:02.405347+00:00,v0.12.2,activitywatch-v0.12.2-windows-x86_64-setup.exe,windows,57928
2026-08-10T18:53:02.405347+00:00,v0.13.2,activitywatch-linux-x86_64.AppImage,linux,34137
2026-08-10T18:53:02.405347+00:00,v0.13.2,activitywatch-v0.13.2-linux-x86_64.deb,linux,5318
2026-08-10T18:53:02.405347+00:00,v0.13.2,activitywatch-v0.13.2-linux-x86_64.zip,linux,94230
2026-08-10T18:53:02.405347+00:00,v0.13.2,activitywatch-v0.13.2-macos-x86_64.dmg,macos,130517
2026-08-10T18:53:02.405347+00:00,v0.13.2,activitywatch-v0.13.2-macos-x86_64.zip,macos,11517
2026-08-10T18:53:02.405347+00:00,v0.13.2,activitywatch-v0.13.2-windows-x86_64-setup.exe,windows,289352
2026-08-10T18:53:02.405347+00:00,v0.13.2,activitywatch-v0.13.2-windows-x86_64.zip,windows,28072
2026-08-10T18:53:02.405347+00:00,v0.14.0b1,activitywatch-v0.14.0b1-windows-x86_64-setup.exe,windows,2546
2026-08-10T18:53:02.405347+00:00,v0.14.0b1,activitywatch-v0.14.0b1-windows-x86_64.zip,windows,84
2026-08-10T18:53:02.405347+00:00,v0.14.0b2,activitywatch-tauri-v0.14.0b2-windows-x86_64-setup.exe,windows,12
2026-08-10T18:53:02.405347+00:00,v0.14.0b3,activitywatch-tauri-v0.14.0b3-macos-arm64.dmg,macos,116
2026-08-10T18:53:02.405347+00:00,v0.14.0b3,activitywatch-v0.14.0b3-macos-arm64.dmg,macos,157
2026-08-10T18:53:02.405347+00:00,v0.14.0b3,activitywatch-v0.14.0b3-windows-x86_64-setup.exe,windows,599
2026-08-10T18:53:02.405347+00:00,v0.14.0b3,activitywatch-v0.14.0b3-windows-x86_64.zip,windows,40
2026-08-10T18:53:02.405347+00:00,v0.14.0b3-research,activitywatch-linux-x86_64-research-edition.AppImage,linux,6
2026-08-11T01:25:47.553123+00:00,v0.10.0,activitywatch-v0.10.0-linux-x86_64.zip,linux,8414
2026-08-11T01:25:47.553123+00:00,v0.10.0,activitywatch-v0.10.0-macos-x86_64.dmg,macos,5938
2026-08-11T01:25:47.553123+00:00,v0.10.0,activitywatch-v0.10.0-macos-x86_64.zip,macos,164
2026-08-11T01:25:47.553123+00:00,v0.10.0,activitywatch-v0.10.0-windows-x86_64.zip,windows,2207
2026-08-11T01:25:47.553123+00:00,v0.11.0,activitywatch-v0.11.0-linux-x86_64.zip,linux,19165
2026-08-11T01:25:47.553123+00:00,v0.11.0,activitywatch-v0.11.0-macos-x86_64.dmg,macos,9784
2026-08-11T01:25:47.553123+00:00,v0.11.0,activitywatch-v0.11.0-macos-x86_64.zip,macos,710
2026-08-11T01:25:47.553123+00:00,v0.11.0,activitywatch-v0.11.0-windows-x86_64-setup.exe,windows,38329
2026-08-11T01:25:47.553123+00:00,v0.11.0,activitywatch-v0.11.0-windows-x86_64.zip,windows,6743
2026-08-11T01:25:47.553123+00:00,v0.11.0b1,activitywatch-v0.11.0b1-macos-x86_64.dmg,macos,157
2026-08-11T01:25:47.553123+00:00,v0.11.0b1,activitywatch-v0.11.0b1-macos-x86_64.zip,macos,24
2026-08-11T01:25:47.553123+00:00,v0.11.0b1,activitywatch-v0.11.0b1-windows-x86_64-setup.exe,windows,126
2026-08-11T01:25:47.553123+00:00,v0.11.0b1,activitywatch-v0.11.0b1-windows-x86_64.zip,windows,73
2026-08-11T01:25:47.553123+00:00,v0.12.0,activitywatch-v0.12.0-linux-x86_64.zip,linux,3165
2026-08-11T01:25:47.553123+00:00,v0.12.0,activitywatch-v0.12.0-macos-x86_64.dmg,macos,1751
2026-08-11T01:25:47.553123+00:00,v0.12.0,activitywatch-v0.12.0-macos-x86_64.zip,macos,308
2026-08-11T01:25:47.553123+00:00,v0.12.0,activitywatch-v0.12.0-windows-x86_64-setup.exe,windows,8047
2026-08-11T01:25:47.553123+00:00,v0.12.0,activitywatch-v0.12.0-windows-x86_64.zip,windows,2140
2026-08-11T01:25:47.553123+00:00,v0.12.0b1,activitywatch-v0.12.0b1-linux-x86_64.zip,linux,329
2026-08-11T01:25:47.553123+00:00,v0.12.0b1,activitywatch-v0.12.0b1-macos-x86_64.dmg,macos,260
2026-08-11T01:25:47.553123+00:00,v0.12.0b1,activitywatch-v0.12.0b1-macos-x86_64.zip,macos,47
2026-08-11T01:25:47.553123+00:00,v0.12.0b1,activitywatch-v0.12.0b1-windows-x86_64-setup.exe,windows,359
2026-08-11T01:25:47.553123+00:00,v0.12.0b1,activitywatch-v0.12.0b1-windows-x86_64.zip,windows,400
2026-08-11T01:25:47.553123+00:00,v0.12.0b2,activitywatch-v0.12.0b2-linux-x86_64.zip,linux,822
2026-08-11T01:25:47.553123+00:00,v0.12.0b2,activitywatch-v0.12.0b2-macos-x86_64.dmg,macos,225
2026-08-11T01:25:47.553123+00:00,v0.12.0b2,activitywatch-v0.12.0b2-macos-x86_64.zip,macos,37
2026-08-11T01:25:47.553123+00:00,v0.12.0b2,activitywatch-v0.12.0b2-windows-x86_64-setup.exe,windows,453
2026-08-11T01:25:47.553123+00:00,v0.12.0b2,activitywatch-v0.12.0b2-windows-x86_64.zip,windows,340
2026-08-11T01:25:47.553123+00:00,v0.12.0b3,activitywatch-v0.12.0b3-linux-x86_64.zip,linux,325
2026-08-11T01:25:47.553123+00:00,v0.12.0b3,activitywatch-v0.12.0b3-macos-x86_64.dmg,macos,192
2026-08-11T01:25:47.553123+00:00,v0.12.0b3,activitywatch-v0.12.0b3-macos-x86_64.zip,macos,38
2026-08-11T01:25:47.553123+00:00,v0.12.0b3,activitywatch-v0.12.0b3-windows-x86_64-setup.exe,windows,650
2026-08-11T01:25:47.553123+00:00,v0.12.0b3,activitywatch-v0.12.0b3-windows-x86_64.zip,windows,329
2026-08-11T01:25:47.553123+00:00,v0.12.1,activitywatch-v0.12.1-linux-x86_64.zip,linux,17741
2026-08-11T01:25:47.553123+00:00,v0.12.1,activitywatch-v0.12.1-macos-x86_64.dmg,macos,10705
2026-08-11T01:25:47.553123+00:00,v0.12.1,activitywatch-v0.12.1-macos-x86_64.zip,macos,2089
2026-08-11T01:25:47.553123+00:00,v0.12.1,activitywatch-v0.12.1-windows-x86_64-setup.exe,windows,23214
2026-08-11T01:25:47.553123+00:00,v0.12.1,activitywatch-v0.12.1-windows-x86_64.zip,windows,4561
2026-08-11T01:25:47.553123+00:00,v0.12.2,activitywatch-v0.12.2-macos-x86_64.dmg,macos,22531
2026-08-11T01:25:47.553123+00:00,v0.13.2,activitywatch-linux-x86_64.AppImage,linux,34161
2026-08-11T01:25:47.553123+00:00,v0.13.2,activitywatch-v0.13.2-linux-x86_64.deb,linux,5349
2026-08-11T01:25:47.553123+00:00,v0.13.2,activitywatch-v0.13.2-linux-x86_64.zip,linux,94262
2026-08-11T01:25:47.553123+00:00,v0.13.2,activitywatch-v0.13.2-macos-x86_64.dmg,macos,130594
2026-08-11T01:25:47.553123+00:00,v0.13.2,activitywatch-v0.13.2-macos-x86_64.zip,macos,11520
2026-08-11T01:25:47.553123+00:00,v0.13.2,activitywatch-v0.13.2-windows-x86_64-setup.exe,windows,289482
2026-08-11T01:25:47.553123+00:00,v0.13.2,activitywatch-v0.13.2-windows-x86_64.zip,windows,28079
2026-08-11T01:25:47.553123+00:00,v0.14.0b2,activitywatch-tauri-v0.14.0b2-linux-x86_64.zip,linux,8
2026-08-11T01:25:47.553123+00:00,v0.14.0b2,activitywatch-tauri-v0.14.0b2-macos-arm64.dmg,macos,87
2026-08-11T01:25:47.553123+00:00,v0.14.0b3,activitywatch-tauri-v0.14.0b3-linux-aarch64.deb,linux,4
2026-08-11T01:25:47.553123+00:00,v0.14.0b3,activitywatch-tauri-v0.14.0b3-linux-x86_64.deb,linux,8
2026-08-11T01:25:47.553123+00:00,v0.14.0b3,activitywatch-tauri-v0.14.0b3-macos-arm64.dmg,macos,117
2026-08-11T01:25:47.553123+00:00,v0.14.0b3,activitywatch-v0.14.0b3-macos-arm64.dmg,macos,163
2026-08-11T01:25:47.553123+00:00,v0.14.0b3,activitywatch-v0.14.0b3-macos-arm64.zip,macos,21
2026-08-11T01:25:47.553123+00:00,v0.14.0b3,activitywatch-v0.14.0b3-macos-x86_64.zip,macos,4
2026-08-11T01:25:47.553123+00:00,v0.14.0b3,activitywatch-v0.14.0b3-windows-x86_64-setup.exe,windows,601
2026-08-11T01:25:47.553123+00:00,v0.5.1,activitywatch-darwin.zip,macos,41
2026-08-11T01:25:47.553123+00:00,v0.5.1,activitywatch-linux.zip,linux,40
2026-08-11T01:25:47.553123+00:00,v0.7.0b1,activitywatch-linux-x86_64-v0.7.0b1.zip,linux,48
2026-08-11T01:25:47.553123+00:00,v0.7.0b1,activitywatch-macos-x86_64-v0.7.0b1.zip,macos,44
2026-08-11T01:25:47.553123+00:00,v0.7.0b1,activitywatch-windows-x86_64-v0.7.0b1.zip,windows,63
2026-08-11T01:25:47.553123+00:00,v0.7.0b2,activitywatch-v0.7.0b2-linux-x86_64.zip,linux,41
2026-08-11T01:25:47.553123+00:00,v0.7.0b2,activitywatch-v0.7.0b2-macos-x86_64.zip,macos,33
2026-08-11T01:25:47.553123+00:00,v0.7.0b2,activitywatch-v0.7.0b2-windows-x86_64.zip,windows,51
2026-08-11T01:25:47.553123+00:00,v0.7.0b3,activitywatch-v0.7.0b3-linux-x86_64.zip,linux,94
2026-08-11T01:25:47.553123+00:00,v0.7.0b3,activitywatch-v0.7.0b3-macos-x86_64.zip,macos,66
2026-08-11T01:25:47.553123+00:00,v0.7.0b3,activitywatch-v0.7.0b3-windows-x86_64.zip,windows,139
2026-08-11T01:25:47.553123+00:00,v0.7.0b4,activitywatch-v0.7.0b4-linux-x86_64.zip,linux,58
2026-08-11T01:25:47.553123+00:00,v0.7.0b4,activitywatch-v0.7.0b4-macos-x86_64.zip,macos,54
2026-08-11T01:25:47.553123+00:00,v0.7.0b4,activitywatch-v0.7.0b4-windows-x86_64.zip,windows,145
2026-08-11T01:25:47.553123+00:00,v0.7.1,activitywatch-v0.7.1-linux-x86_64.zip,linux,1345
2026-08-11T01:25:47.553123+00:00,v0.7.1,activitywatch-v0.7.1-macos-x86_64.zip,macos,1038
2026-08-11T01:25:47.553123+00:00,v0.7.1,activitywatch-v0.7.1-windows-x86_64.zip,windows,4470
2026-08-11T01:25:47.553123+00:00,v0.8.0b1,activitywatch-v0.8.0b1-linux-x86_64.zip,linux,110
2026-08-11T01:25:47.553123+00:00,v0.8.0b1,activitywatch-v0.8.0b1-macos-x86_64.zip,macos,79
2026-08-11T01:25:47.553123+00:00,v0.8.0b1,activitywatch-v0.8.0b1-windows-x86_64.zip,windows,257
2026-08-11T01:25:47.553123+00:00,v0.8.0b2,activitywatch-v0.8.0b2-linux-x86_64.zip,linux,122
2026-08-11T01:25:47.553123+00:00,v0.8.0b2,activitywatch-v0.8.0b2-macos-x86_64.zip,macos,45
2026-08-11T01:25:47.553123+00:00,v0.8.0b3,activitywatch-v0.8.0b3-linux-x86_64.zip,linux,277
2026-08-11T01:25:47.553123+00:00,v0.8.0b3,activitywatch-v0.8.0b3-macos-x86_64.zip,macos,137
2026-08-11T01:25:47.553123+00:00,v0.8.0b3,activitywatch-v0.8.0b3-windows-x86_64.zip,windows,416
2026-08-11T01:25:47.553123+00:00,v0.8.0b4,activitywatch-v0.8.0b4-linux-x86_64.zip,linux,91
2026-08-11T01:25:47.553123+00:00,v0.8.0b4,activitywatch-v0.8.0b4-macos-x86_64.zip,macos,111
2026-08-11T01:25:47.553123+00:00,v0.8.0b5,activitywatch-v0.8.0b5-linux-x86_64.zip,linux,355
2026-08-11T01:25:47.553123+00:00,v0.8.0b5,activitywatch-v0.8.0b5-macos-x86_64.zip,macos,223
2026-08-11T01:25:47.553123+00:00,v0.8.0b5,activitywatch-v0.8.0b5-windows-x86_64.zip,windows,636
2026-08-11T01:25:47.553123+00:00,v0.8.0b6,activitywatch-v0.8.0b6-linux-x86_64.zip,linux,622
2026-08-11T01:25:47.553123+00:00,v0.8.0b6,activitywatch-v0.8.0b6-macos-x86_64.zip,macos,389
2026-08-11T01:25:47.553123+00:00,v0.8.0b6,activitywatch-v0.8.0b6-windows-x86_64.zip,windows,3259
2026-08-11T01:25:47.553123+00:00,v0.8.0b7,activitywatch-v0.8.0b7-linux-x86_64.zip,linux,1302
2026-08-11T01:25:47.553123+00:00,v0.8.0b7,activitywatch-v0.8.0b7-macos-x86_64.zip,macos,1487
2026-08-11T01:25:47.553123+00:00,v0.8.0b8,activitywatch-v0.8.0b8-linux-x86_64.zip,linux,1088
2026-08-11T01:25:47.553123+00:00,v0.8.0b8,activitywatch-v0.8.0b8-macos-x86_64.zip,macos,1092
2026-08-11T01:25:47.553123+00:00,v0.8.0b8,activitywatch-v0.8.0b8-windows-x86_64.zip,windows,2113
2026-08-11T01:25:47.553123+00:00,v0.8.0b9,activitywatch-v0.8.0b9-linux-x86_64.zip,linux,1398
2026-08-11T01:25:47.553123+00:00,v0.8.0b9,activitywatch-v0.8.0b9-macos-x86_64.zip,macos,882
2026-08-11T01:25:47.553123+00:00,v0.8.0b9,activitywatch-v0.8.0b9-windows-x86_64.zip,windows,2976
2026-08-11T01:25:47.553123+00:00,v0.8.1,activitywatch-v0.8.1-linux-x86_64.zip,linux,125
2026-08-11T01:25:47.553123+00:00,v0.8.1,activitywatch-v0.8.1-macos-x86_64.zip,macos,78
2026-08-11T01:25:47.553123+00:00,v0.8.1,activitywatch-v0.8.1-windows-x86_64.zip,windows,134
2026-08-11T01:25:47.553123+00:00,v0.8.2,activitywatch-v0.8.2-linux-x86_64.zip,linux,139
2026-08-11T01:25:47.553123+00:00,v0.8.2,activitywatch-v0.8.2-macos-x86_64.zip,macos,53
2026-08-11T01:25:47.553123+00:00,v0.8.2,activitywatch-v0.8.2-windows-x86_64-setup.exe,windows,91
2026-08-11T01:25:47.553123+00:00,v0.8.2,activitywatch-v0.8.2-windows-x86_64.zip,windows,60
2026-08-11T01:25:47.553123+00:00,v0.8.3,activitywatch-v0.8.3-linux-x86_64.zip,linux,600
2026-08-11T01:25:47.553123+00:00,v0.8.3,activitywatch-v0.8.3-macos-x86_64.zip,macos,356
2026-08-11T01:25:47.553123+00:00,v0.8.3,activitywatch-v0.8.3-windows-x86_64-setup.exe,windows,732
2026-08-11T01:25:47.553123+00:00,v0.8.3,activitywatch-v0.8.3-windows-x86_64.zip,windows,698
2026-08-11T01:25:47.553123+00:00,v0.8.4,activitywatch-v0.8.4-linux-x86_64.zip,linux,1562
2026-08-11T01:25:47.553123+00:00,v0.8.4,activitywatch-v0.8.4-macos-x86_64.zip,macos,1170
2026-08-11T01:25:47.553123+00:00,v0.8.4,activitywatch-v0.8.4-windows-x86_64-setup.exe,windows,8121
2026-08-11T01:25:47.553123+00:00,v0.8.4,activitywatch-v0.8.4-windows-x86_64.zip,windows,1563
2026-08-11T01:25:47.553123+00:00,v0.9.0,activitywatch-v0.9.0-linux-x86_64.zip,linux,206
2026-08-11T01:25:47.553123+00:00,v0.9.0,activitywatch-v0.9.0-macos-x86_64.dmg,macos,184
2026-08-11T01:25:47.553123+00:00,v0.9.0,activitywatch-v0.9.0-macos-x86_64.zip,macos,116
2026-08-11T01:25:47.553123+00:00,v0.9.0,activitywatch-v0.9.0-windows-x86_64-setup.exe,windows,242
2026-08-11T01:25:47.553123+00:00,v0.9.0,activitywatch-v0.9.0-windows-x86_64.zip,windows,149
2026-08-11T01:25:47.553123+00:00,v0.9.1,activitywatch-v0.9.1-linux-x86_64.zip,linux,148
2026-08-11T01:25:47.553123+00:00,v0.9.1,activitywatch-v0.9.1-macos-x86_64.dmg,macos,107
2026-08-11T01:25:47.553123+00:00,v0.9.1,activitywatch-v0.9.1-macos-x86_64.zip,macos,56
2026-08-11T01:25:47.553123+00:00,v0.9.1,activitywatch-v0.9.1-windows-x86_64-setup.exe,windows,224
2026-08-11T01:25:47.553123+00:00,v0.9.1,activitywatch-v0.9.1-windows-x86_64.zip,windows,116
2026-08-11T01:25:47.553123+00:00,v0.9.2,activitywatch-v0.9.2-linux-x86_64.zip,linux,8063
2026-08-11T01:25:47.553123+00:00,v0.9.2,activitywatch-v0.9.2-macos-x86_64.dmg,macos,4594
2026-08-11T01:25:47.553123+00:00,v0.9.2,activitywatch-v0.9.2-macos-x86_64.zip,macos,234
2026-08-11T01:25:47.553123+00:00,v0.9.2,activitywatch-v0.9.2-windows-x86_64-setup.exe,windows,13619
2026-08-11T01:25:47.553123+00:00,v0.9.2,activitywatch-v0.9.2-windows-x86_64.zip,windows,2966
2026-08-11T07:01:54.151607+00:00,v0.13.0,activitywatch-v0.13.0-windows-x86_64-setup.exe,windows,3039
2026-08-11T07:01:54.151607+00:00,v0.13.1,activitywatch-v0.13.1-windows-x86_64-setup.exe,windows,25754
2026-08-11T07:01:54.151607+00:00,v0.13.2,activitywatch-linux-x86_64.AppImage,linux,34186
2026-08-11T07:01:54.151607+00:00,v0.13.2,activitywatch-v0.13.2-linux-x86_64.deb,linux,5370
2026-08-11T07:01:54.151607+00:00,v0.13.2,activitywatch-v0.13.2-linux-x86_64.zip,linux,94307
2026-08-11T07:01:54.151607+00:00,v0.13.2,activitywatch-v0.13.2-macos-x86_64.dmg,macos,130666
2026-08-11T07:01:54.151607+00:00,v0.13.2,activitywatch-v0.13.2-macos-x86_64.zip,macos,11524
2026-08-11T07:01:54.151607+00:00,v0.13.2,activitywatch-v0.13.2-windows-x86_64-setup.exe,windows,289615
2026-08-11T07:01:54.151607+00:00,v0.13.2,activitywatch-v0.13.2-windows-x86_64.zip,windows,28092
2026-08-11T07:01:54.151607+00:00,v0.14.0b2,activitywatch-tauri-v0.14.0b2-linux-x86_64.deb,linux,7
2026-08-11T07:01:54.151607+00:00,v0.14.0b2,activitywatch-tauri-v0.14.0b2-macos-x86_64.zip,macos,5
2026-08-11T07:01:54.151607+00:00,v0.14.0b3,activitywatch-tauri-v0.14.0b3-macos-arm64.zip,macos,12
2026-08-11T07:01:54.151607+00:00,v0.14.0b3,activitywatch-v0.14.0b3-linux-x86_64.zip,linux,147
2026-08-11T07:01:54.151607+00:00,v0.14.0b3,activitywatch-v0.14.0b3-macos-arm64.dmg,macos,166
2026-08-11T07:01:54.151607+00:00,v0.14.0b3,activitywatch-v0.14.0b3-windows-x86_64-setup.exe,windows,610
2026-08-11T07:01:54.151607+00:00,v0.14.0b3-research,activitywatch-linux-x86_64-research-edition.AppImage,linux,7
2026-08-11T07:01:54.151607+00:00,v0.14.0b3-research,activitywatch-research-edition-v0.14.0b3-research-windows-x86_64-setup.exe,windows,18
2026-08-11T07:01:54.151607+00:00,v0.14.0b3-research,activitywatch-v0.14.0b3-research-macos-x86_64-research-edition.dmg,macos,5
2026-08-11T12:57:14.409638+00:00,v0.10.0,activitywatch-v0.10.0-windows-x86_64-setup.exe,windows,15293
2026-08-11T12:57:14.409638+00:00,v0.12.3b17,activitywatch-v0.12.3b17-linux-x86_64.zip,linux,1019
2026-08-11T12:57:14.409638+00:00,v0.12.3b17,activitywatch-v0.12.3b17-macos-x86_64.dmg,macos,72
2026-08-11T12:57:14.409638+00:00,v0.12.3b17,activitywatch-v0.12.3b17-windows-x86_64-setup.exe,windows,202
2026-08-11T12:57:14.409638+00:00,v0.12.3b18,activitywatch-v0.12.3b18-linux-x86_64.zip,linux,1880
2026-08-11T12:57:14.409638+00:00,v0.12.3b18,activitywatch-v0.12.3b18-macos-x86_64.dmg,macos,75
2026-08-11T12:57:14.409638+00:00,v0.12.3b18,activitywatch-v0.12.3b18-windows-x86_64-setup.exe,windows,147
2026-08-11T12:57:14.409638+00:00,v0.12.3b19,activitywatch-v0.12.3b19-linux-x86_64.zip,linux,291
2026-08-11T12:57:14.409638+00:00,v0.12.3b19,activitywatch-v0.12.3b19-macos-x86_64.dmg,macos,481
2026-08-11T12:57:14.409638+00:00,v0.12.3b19,activitywatch-v0.12.3b19-windows-x86_64-setup.exe,windows,674
2026-08-11T12:57:14.409638+00:00,v0.13.0,activitywatch-v0.13.0-linux-x86_64.zip,linux,1162
2026-08-11T12:57:14.409638+00:00,v0.13.0,activitywatch-v0.13.0-macos-x86_64.dmg,macos,699
2026-08-11T12:57:14.409638+00:00,v0.13.0,activitywatch-v0.13.0-windows-x86_64-setup.exe,windows,3041
2026-08-11T12:57:14.409638+00:00,v0.13.1,activitywatch-linux-x86_64.AppImage,linux,3776
2026-08-11T12:57:14.409638+00:00,v0.13.1,activitywatch-v0.13.1-linux-x86_64.zip,linux,10905
2026-08-11T12:57:14.409638+00:00,v0.13.1,activitywatch-v0.13.1-macos-x86_64.dmg,macos,7906
2026-08-11T12:57:14.409638+00:00,v0.13.1,activitywatch-v0.13.1-windows-x86_64-setup.exe,windows,25756
2026-08-11T12:57:14.409638+00:00,v0.13.2,activitywatch-linux-x86_64.AppImage,linux,34212
2026-08-11T12:57:14.409638+00:00,v0.13.2,activitywatch-v0.13.2-linux-x86_64.deb,linux,5399
2026-08-11T12:57:14.409638+00:00,v0.13.2,activitywatch-v0.13.2-linux-x86_64.zip,linux,94358
2026-08-11T12:57:14.409638+00:00,v0.13.2,activitywatch-v0.13.2-macos-x86_64.dmg,macos,130775
2026-08-11T12:57:14.409638+00:00,v0.13.2,activitywatch-v0.13.2-macos-x86_64.zip,macos,11528
2026-08-11T12:57:14.409638+00:00,v0.13.2,activitywatch-v0.13.2-windows-x86_64-setup.exe,windows,289838
2026-08-11T12:57:14.409638+00:00,v0.13.2,activitywatch-v0.13.2-windows-x86_64.zip,windows,28108
2026-08-11T12:57:14.409638+00:00,v0.14.0b1,activitywatch-v0.14.0b1-linux-x86_64.zip,linux,850
2026-08-11T12:57:14.409638+00:00,v0.14.0b1,activitywatch-v0.14.0b1-macos-arm64.dmg,macos,1231
2026-08-11T12:57:14.409638+00:00,v0.14.0b1,activitywatch-v0.14.0b1-windows-x86_64-setup.exe,windows,2548
2026-08-11T12:57:14.409638+00:00,v0.14.0b2,activitywatch-v0.14.0b2-linux-x86_64.zip,linux,95
2026-08-11T12:57:14.409638+00:00,v0.14.0b2,activitywatch-v0.14.0b2-macos-arm64.zip,macos,16
2026-08-11T12:57:14.409638+00:00,v0.14.0b2,activitywatch-v0.14.0b2-macos-x86_64.dmg,macos,57
2026-08-11T12:57:14.409638+00:00,v0.14.0b2,activitywatch-v0.14.0b2-windows-x86_64-setup.exe,windows,290
2026-08-11T12:57:14.409638+00:00,v0.14.0b3,activitywatch-linux-x86_64.AppImage,linux,29
2026-08-11T12:57:14.409638+00:00,v0.14.0b3,activitywatch-tauri-v0.14.0b3-macos-arm64.dmg,macos,118
2026-08-11T12:57:14.409638+00:00,v0.14.0b3,activitywatch-v0.14.0b3-linux-x86_64.zip,linux,149
2026-08-11T12:57:14.409638+00:00,v0.14.0b3,activitywatch-v0.14.0b3-macos-arm64.dmg,macos,173
2026-08-11T12:57:14.409638+00:00,v0.14.0b3,activitywatch-v0.14.0b3-macos-x86_64.dmg,macos,119
2026-08-11T12:57:14.409638+00:00,v0.14.0b3,activitywatch-v0.14.0b3-windows-x86_64-setup.exe,windows,619
2026-08-11T12:57:14.409638+00:00,v0.14.0b3,activitywatch-v0.14.0b3-windows-x86_64.zip,windows,41
2026-08-11T12:57:14.409638+00:00,v0.14.0b3-research,activitywatch-research-edition-v0.14.0b3-research-macos-arm64.zip,macos,7
2026-08-11T12:57:14.409638+00:00,v0.14.0b3-research,activitywatch-research-edition-v0.14.0b3-research-windows-x86_64-setup.exe,windows,20
2026-08-11T12:57:14.409638+00:00,v0.14.0b3-research,activitywatch-tauri-research-edition-v0.14.0b3-research-windows-x86_64-setup.exe,windows,6
2026-08-11T18:57:14.969056+00:00,v0.10.0,activitywatch-v0.10.0-windows-x86_64-setup.exe,windows,15295
2026-08-11T18:57:14.969056+00:00,v0.11.0,activitywatch-v0.11.0-windows-x86_64-setup.exe,windows,38334
2026-08-11T18:57:14.969056+00:00,v0.12.3b18,activitywatch-v0.12.3b18-linux-x86_64.zip,linux,1886
2026-08-11T18:57:14.969056+00:00,v0.13.1,activitywatch-linux-x86_64.AppImage,linux,3777
2026-08-11T18:57:14.969056+00:00,v0.13.1,activitywatch-v0.13.1-linux-x86_64.deb,linux,500
2026-08-11T18:57:14.969056+00:00,v0.13.2,activitywatch-linux-x86_64.AppImage,linux,34239
2026-08-11T18:57:14.969056+00:00,v0.13.2,activitywatch-v0.13.2-linux-x86_64.deb,linux,5426
2026-08-11T18:57:14.969056+00:00,v0.13.2,activitywatch-v0.13.2-linux-x86_64.zip,linux,94405
2026-08-11T18:57:14.969056+00:00,v0.13.2,activitywatch-v0.13.2-macos-x86_64.dmg,macos,130868
2026-08-11T18:57:14.969056+00:00,v0.13.2,activitywatch-v0.13.2-macos-x86_64.zip,macos,11532
2026-08-11T18:57:14.969056+00:00,v0.13.2,activitywatch-v0.13.2-windows-x86_64-setup.exe,windows,290093
2026-08-11T18:57:14.969056+00:00,v0.13.2,activitywatch-v0.13.2-windows-x86_64.zip,windows,28139
2026-08-11T18:57:14.969056+00:00,v0.14.0b2,activitywatch-v0.14.0b2-windows-x86_64.zip,windows,24
2026-08-11T18:57:14.969056+00:00,v0.14.0b3,activitywatch-tauri-v0.14.0b3-macos-arm64.dmg,macos,119
2026-08-11T18:57:14.969056+00:00,v0.14.0b3,activitywatch-v0.14.0b3-linux-x86_64.zip,linux,151
2026-08-11T18:57:14.969056+00:00,v0.14.0b3,activitywatch-v0.14.0b3-macos-arm64.dmg,macos,176
2026-08-11T18:57:14.969056+00:00,v0.14.0b3,activitywatch-v0.14.0b3-macos-x86_64.dmg,macos,123
2026-08-11T18:57:14.969056+00:00,v0.14.0b3,activitywatch-v0.14.0b3-windows-x86_64-setup.exe,windows,626
2026-08-11T18:57:14.969056+00:00,v0.14.0b3-research,activitywatch-tauri-research-edition-v0.14.0b3-research-linux-aarch64.zip,linux,4
2026-08-11T18:57:14.969056+00:00,v0.14.0b3-research,activitywatch-tauri-v0.14.0b3-research-linux-aarch64-research-edition.AppImage,linux,4
2026-08-12T01:43:11.323787+00:00,v0.10.0,activitywatch-v0.10.0-linux-x86_64.zip,linux,8415
2026-08-12T01:43:11.323787+00:00,v0.10.0,activitywatch-v0.10.0-windows-x86_64-setup.exe,windows,15297
2026-08-12T01:43:11.323787+00:00,v0.11.0,activitywatch-v0.11.0-macos-x86_64.zip,macos,711
2026-08-12T01:43:11.323787+00:00,v0.11.0,activitywatch-v0.11.0-windows-x86_64-setup.exe,windows,38335
2026-08-12T01:43:11.323787+00:00,v0.11.0b1,activitywatch-v0.11.0b1-macos-x86_64.dmg,macos,158
2026-08-12T01:43:11.323787+00:00,v0.11.0b1,activitywatch-v0.11.0b1-windows-x86_64.zip,windows,74
2026-08-12T01:43:11.323787+00:00,v0.12.0,activitywatch-v0.12.0-linux-x86_64.zip,linux,3166
2026-08-12T01:43:11.323787+00:00,v0.12.0,activitywatch-v0.12.0-macos-x86_64.dmg,macos,1752
2026-08-12T01:43:11.323787+00:00,v0.12.0,activitywatch-v0.12.0-windows-x86_64-setup.exe,windows,8048
2026-08-12T01:43:11.323787+00:00,v0.12.0b2,activitywatch-v0.12.0b2-windows-x86_64-setup.exe,windows,454
2026-08-12T01:43:11.323787+00:00,v0.12.0b2,activitywatch-v0.12.0b2-windows-x86_64.zip,windows,341
2026-08-12T01:43:11.323787+00:00,v0.12.0b3,activitywatch-v0.12.0b3-linux-x86_64.zip,linux,326
2026-08-12T01:43:11.323787+00:00,v0.12.0b3,activitywatch-v0.12.0b3-macos-x86_64.zip,macos,39
2026-08-12T01:43:11.323787+00:00,v0.12.1,activitywatch-v0.12.1-linux-x86_64.zip,linux,17742
2026-08-12T01:43:11.323787+00:00,v0.12.1,activitywatch-v0.12.1-macos-x86_64.dmg,macos,10706
2026-08-12T01:43:11.323787+00:00,v0.12.1,activitywatch-v0.12.1-windows-x86_64-setup.exe,windows,23215
2026-08-12T01:43:11.323787+00:00,v0.12.2,activitywatch-v0.12.2-windows-x86_64-setup.exe,windows,57929
2026-08-12T01:43:11.323787+00:00,v0.12.3b18,activitywatch-v0.12.3b18-linux-x86_64.zip,linux,1888
2026-08-12T01:43:11.323787+00:00,v0.13.0,activitywatch-v0.13.0-windows-x86_64-setup.exe,windows,3042
2026-08-12T01:43:11.323787+00:00,v0.13.1,activitywatch-linux-x86_64.AppImage,linux,3778
2026-08-12T01:43:11.323787+00:00,v0.13.1,activitywatch-v0.13.1-linux-x86_64.zip,linux,10906
2026-08-12T01:43:11.323787+00:00,v0.13.1,activitywatch-v0.13.1-windows-x86_64-setup.exe,windows,25759
2026-08-12T01:43:11.323787+00:00,v0.13.2,activitywatch-linux-x86_64.AppImage,linux,34269
2026-08-12T01:43:11.323787+00:00,v0.13.2,activitywatch-v0.13.2-linux-x86_64.deb,linux,5462
2026-08-12T01:43:11.323787+00:00,v0.13.2,activitywatch-v0.13.2-linux-x86_64.zip,linux,94463
2026-08-12T01:43:11.323787+00:00,v0.13.2,activitywatch-v0.13.2-macos-x86_64.dmg,macos,130951
2026-08-12T01:43:11.323787+00:00,v0.13.2,activitywatch-v0.13.2-macos-x86_64.zip,macos,11537
2026-08-12T01:43:11.323787+00:00,v0.13.2,activitywatch-v0.13.2-windows-x86_64-setup.exe,windows,290262
2026-08-12T01:43:11.323787+00:00,v0.13.2,activitywatch-v0.13.2-windows-x86_64.zip,windows,28152
2026-08-12T01:43:11.323787+00:00,v0.14.0b2,activitywatch-v0.14.0b2-macos-x86_64.dmg,macos,58
2026-08-12T01:43:11.323787+00:00,v0.14.0b3,activitywatch-tauri-v0.14.0b3-macos-arm64.dmg,macos,122
2026-08-12T01:43:11.323787+00:00,v0.14.0b3,activitywatch-v0.14.0b3-linux-x86_64.zip,linux,153
2026-08-12T01:43:11.323787+00:00,v0.14.0b3,activitywatch-v0.14.0b3-macos-arm64.dmg,macos,179
2026-08-12T01:43:11.323787+00:00,v0.14.0b3,activitywatch-v0.14.0b3-windows-x86_64-setup.exe,windows,631
2026-08-12T01:43:11.323787+00:00,v0.14.0b3-research,activitywatch-linux-x86_64-research-edition.AppImage,linux,9
2026-08-12T01:43:11.323787+00:00,v0.14.0b3-research,activitywatch-research-edition-v0.14.0b3-research-linux-x86_64.zip,linux,7
2026-08-12T01:43:11.323787+00:00,v0.14.0b3-research,activitywatch-research-edition-v0.14.0b3-research-macos-arm64.zip,macos,8
2026-08-12T01:43:11.323787+00:00,v0.14.0b3-research,activitywatch-research-edition-v0.14.0b3-research-macos-x86_64.zip,macos,4
2026-08-12T01:43:11.323787+00:00,v0.14.0b3-research,activitywatch-research-edition-v0.14.0b3-research-windows-x86_64-setup.exe,windows,22
2026-08-12T01:43:11.323787+00:00,v0.14.0b3-research,activitywatch-research-edition-v0.14.0b3-research-windows-x86_64.zip,windows,10
2026-08-12T01:43:11.323787+00:00,v0.14.0b3-research,activitywatch-tauri-research-edition-v0.14.0b3-research-linux-aarch64.zip,linux,5
2026-08-12T01:43:11.323787+00:00,v0.14.0b3-research,activitywatch-tauri-research-edition-v0.14.0b3-research-linux-x86_64.zip,linux,6
2026-08-12T01:43:11.323787+00:00,v0.14.0b3-research,activitywatch-tauri-research-edition-v0.14.0b3-research-macos-arm64.zip,macos,5
2026-08-12T01:43:11.323787+00:00,v0.14.0b3-research,activitywatch-tauri-research-edition-v0.14.0b3-research-macos-x86_64.zip,macos,5
2026-08-12T01:43:11.323787+00:00,v0.14.0b3-research,activitywatch-tauri-research-edition-v0.14.0b3-research-windows-x86_64-setup.exe,windows,7
2026-08-12T01:43:11.323787+00:00,v0.14.0b3-research,activitywatch-tauri-research-edition-v0.14.0b3-research-windows-x86_64.zip,windows,7
2026-08-12T01:43:11.323787+00:00,v0.14.0b3-research,activitywatch-tauri-v0.14.0b3-research-linux-aarch64-research-edition.AppImage,linux,5
2026-08-12T01:43:11.323787+00:00,v0.14.0b3-research,activitywatch-tauri-v0.14.0b3-research-linux-aarch64-research-edition.deb,linux,4
2026-08-12T01:43:11.323787+00:00,v0.14.0b3-research,activitywatch-tauri-v0.14.0b3-research-linux-aarch64-research-edition.rpm,linux,5
2026-08-12T01:43:11.323787+00:00,v0.14.0b3-research,activitywatch-tauri-v0.14.0b3-research-linux-x86_64-research-edition.AppImage,linux,6
2026-08-12T01:43:11.323787+00:00,v0.14.0b3-research,activitywatch-tauri-v0.14.0b3-research-linux-x86_64-research-edition.deb,linux,6
2026-08-12T01:43:11.323787+00:00,v0.14.0b3-research,activitywatch-tauri-v0.14.0b3-research-linux-x86_64-research-edition.rpm,linux,4
2026-08-12T01:43:11.323787+00:00,v0.14.0b3-research,activitywatch-tauri-v0.14.0b3-research-macos-arm64-research-edition.dmg,macos,4
2026-08-12T01:43:11.323787+00:00,v0.14.0b3-research,activitywatch-tauri-v0.14.0b3-research-macos-x86_64-research-edition.dmg,macos,5
2026-08-12T01:43:11.323787+00:00,v0.14.0b3-research,activitywatch-v0.14.0b3-research-linux-x86_64-research-edition.deb,linux,5
2026-08-12T01:43:11.323787+00:00,v0.14.0b3-research,activitywatch-v0.14.0b3-research-macos-arm64-research-edition.dmg,macos,10
2026-08-12T01:43:11.323787+00:00,v0.14.0b3-research,activitywatch-v0.14.0b3-research-macos-x86_64-research-edition.dmg,macos,6
2026-08-12T01:43:11.323787+00:00,v0.5.1,activitywatch-darwin.zip,macos,42
2026-08-12T01:43:11.323787+00:00,v0.5.1,activitywatch-linux.zip,linux,41
2026-08-12T01:43:11.323787+00:00,v0.7.0b1,activitywatch-macos-x86_64-v0.7.0b1.zip,macos,45
2026-08-12T01:43:11.323787+00:00,v0.7.0b1,activitywatch-windows-x86_64-v0.7.0b1.zip,windows,64
2026-08-12T01:43:11.323787+00:00,v0.8.0b1,activitywatch-v0.8.0b1-linux-x86_64.zip,linux,111
2026-08-12T01:43:11.323787+00:00,v0.8.0b3,activitywatch-v0.8.0b3-macos-x86_64.zip,macos,138
2026-08-12T01:43:11.323787+00:00,v0.8.0b3,activitywatch-v0.8.0b3-windows-x86_64.zip,windows,417
2026-08-12T01:43:11.323787+00:00,v0.8.0b4,activitywatch-v0.8.0b4-linux-x86_64.zip,linux,92
2026-08-12T01:43:11.323787+00:00,v0.8.0b5,activitywatch-v0.8.0b5-linux-x86_64.zip,linux,356
2026-08-12T01:43:11.323787+00:00,v0.8.0b8,activitywatch-v0.8.0b8-linux-x86_64.zip,linux,1089
2026-08-12T01:43:11.323787+00:00,v0.8.0b9,activitywatch-v0.8.0b9-macos-x86_64.zip,macos,883
2026-08-12T01:43:11.323787+00:00,v0.8.1,activitywatch-v0.8.1-linux-x86_64.zip,linux,126
2026-08-12T01:43:11.323787+00:00,v0.8.1,activitywatch-v0.8.1-windows-x86_64.zip,windows,135
2026-08-12T01:43:11.323787+00:00,v0.8.2,activitywatch-v0.8.2-macos-x86_64.zip,macos,54
2026-08-12T01:43:11.323787+00:00,v0.8.3,activitywatch-v0.8.3-windows-x86_64-setup.exe,windows,733
2026-08-12T01:43:11.323787+00:00,v0.8.3,activitywatch-v0.8.3-windows-x86_64.zip,windows,699
2026-08-12T01:43:11.323787+00:00,v0.8.4,activitywatch-v0.8.4-windows-x86_64-setup.exe,windows,8122
2026-08-12T01:43:11.323787+00:00,v0.8.4,activitywatch-v0.8.4-windows-x86_64.zip,windows,1564
2026-08-12T01:43:11.323787+00:00,v0.9.0,activitywatch-v0.9.0-macos-x86_64.dmg,macos,185
2026-08-12T01:43:11.323787+00:00,v0.9.0,activitywatch-v0.9.0-windows-x86_64-setup.exe,windows,243
2026-08-12T01:43:11.323787+00:00,v0.9.1,activitywatch-v0.9.1-macos-x86_64.zip,macos,57
2026-08-12T01:43:11.323787+00:00,v0.9.2,activitywatch-v0.9.2-linux-x86_64.zip,linux,8064
2026-08-12T01:43:11.323787+00:00,v0.9.2,activitywatch-v0.9.2-macos-x86_64.dmg,macos,4595
2026-08-12T07:19:45.921770+00:00,v0.12.1,activitywatch-v0.12.1-windows-x86_64-setup.exe,windows,23227
2026-08-12T07:19:45.921770+00:00,v0.12.2,activitywatch-v0.12.2-linux-x86_64.zip,linux,31630
2026-08-12T07:19:45.921770+00:00,v0.13.2,activitywatch-linux-x86_64.AppImage,linux,34289
2026-08-12T07:19:45.921770+00:00,v0.13.2,activitywatch-v0.13.2-linux-x86_64.deb,linux,5488
2026-08-12T07:19:45.921770+00:00,v0.13.2,activitywatch-v0.13.2-linux-x86_64.zip,linux,94500
2026-08-12T07:19:45.921770+00:00,v0.13.2,activitywatch-v0.13.2-macos-x86_64.dmg,macos,131029
2026-08-12T07:19:45.921770+00:00,v0.13.2,activitywatch-v0.13.2-macos-x86_64.zip,macos,11540
2026-08-12T07:19:45.921770+00:00,v0.13.2,activitywatch-v0.13.2-windows-x86_64-setup.exe,windows,290403
2026-08-12T07:19:45.921770+00:00,v0.13.2,activitywatch-v0.13.2-windows-x86_64.zip,windows,28180
2026-08-12T07:19:45.921770+00:00,v0.14.0b3,activitywatch-tauri-v0.14.0b3-windows-x86_64-setup.exe,windows,29
2026-08-12T07:19:45.921770+00:00,v0.14.0b3,activitywatch-tauri-v0.14.0b3-windows-x86_64.zip,windows,17
2026-08-12T07:19:45.921770+00:00,v0.14.0b3,activitywatch-v0.14.0b3-linux-x86_64.zip,linux,155
2026-08-12T07:19:45.921770+00:00,v0.14.0b3,activitywatch-v0.14.0b3-macos-arm64.dmg,macos,185
2026-08-12T07:19:45.921770+00:00,v0.14.0b3,activitywatch-v0.14.0b3-macos-x86_64.dmg,macos,125
2026-08-12T07:19:45.921770+00:00,v0.14.0b3,activitywatch-v0.14.0b3-windows-x86_64-setup.exe,windows,637
2026-08-12T13:02:12.392334+00:00,v0.12.2,activitywatch-v0.12.2-windows-x86_64-setup.exe,windows,57936
2026-08-12T13:02:12.392334+00:00,v0.12.3b13,activitywatch-v0.12.3b13-linux-x86_64.zip,linux,281
2026-08-12T13:02:12.392334+00:00,v0.12.3b15,activitywatch-v0.12.3b15-linux-x86_64.zip,linux,2843
2026-08-12T13:02:12.392334+00:00,v0.13.1,activitywatch-linux-x86_64.AppImage,linux,3780
2026-08-12T13:02:12.392334+00:00,v0.13.2,activitywatch-linux-x86_64.AppImage,linux,34307
2026-08-12T13:02:12.392334+00:00,v0.13.2,activitywatch-v0.13.2-linux-x86_64.deb,linux,5518
2026-08-12T13:02:12.392334+00:00,v0.13.2,activitywatch-v0.13.2-linux-x86_64.zip,linux,94563
2026-08-12T13:02:12.392334+00:00,v0.13.2,activitywatch-v0.13.2-macos-x86_64.dmg,macos,131125
2026-08-12T13:02:12.392334+00:00,v0.13.2,activitywatch-v0.13.2-macos-x86_64.zip,macos,11547
2026-08-12T13:02:12.392334+00:00,v0.13.2,activitywatch-v0.13.2-windows-x86_64-setup.exe,windows,290619
2026-08-12T13:02:12.392334+00:00,v0.13.2,activitywatch-v0.13.2-windows-x86_64.zip,windows,28231
2026-08-12T13:02:12.392334+00:00,v0.14.0b3,activitywatch-tauri-v0.14.0b3-linux-aarch64.rpm,linux,7
2026-08-12T13:02:12.392334+00:00,v0.14.0b3,activitywatch-tauri-v0.14.0b3-linux-x86_64.rpm,linux,10
2026-08-12T13:02:12.392334+00:00,v0.14.0b3,activitywatch-v0.14.0b3-linux-x86_64.deb,linux,16
2026-08-12T13:02:12.392334+00:00,v0.14.0b3,activitywatch-v0.14.0b3-linux-x86_64.zip,linux,160
2026-08-12T13:02:12.392334+00:00,v0.14.0b3,activitywatch-v0.14.0b3-macos-arm64.dmg,macos,191
2026-08-12T13:02:12.392334+00:00,v0.14.0b3,activitywatch-v0.14.0b3-macos-arm64.zip,macos,23
2026-08-12T13:02:12.392334+00:00,v0.14.0b3,activitywatch-v0.14.0b3-macos-x86_64.dmg,macos,127
2026-08-12T13:02:12.392334+00:00,v0.14.0b3,activitywatch-v0.14.0b3-windows-x86_64-setup.exe,windows,645
2026-08-12T13:02:12.392334+00:00,v0.14.0b3-research,activitywatch-tauri-research-edition-v0.14.0b3-research-macos-x86_64.zip,macos,6
2026-08-12T13:02:12.392334+00:00,v0.14.0b3-research,activitywatch-tauri-research-edition-v0.14.0b3-research-windows-x86_64.zip,windows,8
2026-08-12T13:02:12.392334+00:00,v0.14.0b3-research,activitywatch-tauri-v0.14.0b3-research-linux-x86_64-research-edition.deb,linux,7
2026-08-12T13:02:12.392334+00:00,v0.14.0b3-research,activitywatch-tauri-v0.14.0b3-research-macos-arm64-research-edition.dmg,macos,5
2026-08-12T13:02:12.392334+00:00,v0.14.0b3-research,activitywatch-v0.14.0b3-research-macos-arm64-research-edition.dmg,macos,11
2026-08-12T18:57:46.960291+00:00,v0.11.0,activitywatch-v0.11.0-windows-x86_64-setup.exe,windows,38337
2026-08-12T18:57:46.960291+00:00,v0.12.0,activitywatch-v0.12.0-windows-x86_64-setup.exe,windows,8050
2026-08-12T18:57:46.960291+00:00,v0.12.2,activitywatch-v0.12.2-windows-x86_64-setup.exe,windows,57940
2026-08-12T18:57:46.960291+00:00,v0.13.0,activitywatch-v0.13.0-linux-x86_64.zip,linux,1163
2026-08-12T18:57:46.960291+00:00,v0.13.0,activitywatch-v0.13.0-windows-x86_64-setup.exe,windows,3044
2026-08-12T18:57:46.960291+00:00,v0.13.1,activitywatch-linux-x86_64.AppImage,linux,3781
2026-08-12T18:57:46.960291+00:00,v0.13.1,activitywatch-v0.13.1-windows-x86_64-setup.exe,windows,25761
2026-08-12T18:57:46.960291+00:00,v0.13.2,activitywatch-linux-x86_64.AppImage,linux,34323
2026-08-12T18:57:46.960291+00:00,v0.13.2,activitywatch-v0.13.2-linux-x86_64.deb,linux,5531
2026-08-12T18:57:46.960291+00:00,v0.13.2,activitywatch-v0.13.2-linux-x86_64.zip,linux,94603
2026-08-12T18:57:46.960291+00:00,v0.13.2,activitywatch-v0.13.2-macos-x86_64.dmg,macos,131209
2026-08-12T18:57:46.960291+00:00,v0.13.2,activitywatch-v0.13.2-macos-x86_64.zip,macos,11552
2026-08-12T18:57:46.960291+00:00,v0.13.2,activitywatch-v0.13.2-windows-x86_64-setup.exe,windows,290832
2026-08-12T18:57:46.960291+00:00,v0.13.2,activitywatch-v0.13.2-windows-x86_64.zip,windows,28248
2026-08-12T18:57:46.960291+00:00,v0.14.0b1,activitywatch-linux-x86_64.AppImage,linux,91
2026-08-12T18:57:46.960291+00:00,v0.14.0b1,activitywatch-v0.14.0b1-macos-arm64.dmg,macos,1233
2026-08-12T18:57:46.960291+00:00,v0.14.0b2,activitywatch-v0.14.0b2-macos-x86_64.dmg,macos,59
2026-08-12T18:57:46.960291+00:00,v0.14.0b2,activitywatch-v0.14.0b2-windows-x86_64-setup.exe,windows,291
2026-08-12T18:57:46.960291+00:00,v0.14.0b3,activitywatch-tauri-v0.14.0b3-linux-aarch64.deb,linux,5
2026-08-12T18:57:46.960291+00:00,v0.14.0b3,activitywatch-tauri-v0.14.0b3-windows-x86_64-setup.exe,windows,31
2026-08-12T18:57:46.960291+00:00,v0.14.0b3,activitywatch-v0.14.0b3-linux-x86_64.zip,linux,168
2026-08-12T18:57:46.960291+00:00,v0.14.0b3,activitywatch-v0.14.0b3-macos-arm64.dmg,macos,203
2026-08-12T18:57:46.960291+00:00,v0.14.0b3,activitywatch-v0.14.0b3-macos-x86_64.dmg,macos,129
2026-08-12T18:57:46.960291+00:00,v0.14.0b3,activitywatch-v0.14.0b3-windows-x86_64-setup.exe,windows,664
2026-08-12T18:57:46.960291+00:00,v0.14.0b3,activitywatch-v0.14.0b3-windows-x86_64.zip,windows,42
2026-08-13T01:45:46.130614+00:00,v0.12.3b17,activitywatch-v0.12.3b17-linux-x86_64.zip,linux,1020
2026-08-13T01:45:46.130614+00:00,v0.13.1,activitywatch-linux-x86_64.AppImage,linux,3783
2026-08-13T01:45:46.130614+00:00,v0.13.2,activitywatch-linux-x86_64.AppImage,linux,34328
2026-08-13T01:45:46.130614+00:00,v0.13.2,activitywatch-v0.13.2-linux-x86_64.deb,linux,5535
2026-08-13T01:45:46.130614+00:00,v0.13.2,activitywatch-v0.13.2-linux-x86_64.zip,linux,94628
2026-08-13T01:45:46.130614+00:00,v0.13.2,activitywatch-v0.13.2-macos-x86_64.dmg,macos,131272
2026-08-13T01:45:46.130614+00:00,v0.13.2,activitywatch-v0.13.2-windows-x86_64-setup.exe,windows,290991
2026-08-13T01:45:46.130614+00:00,v0.13.2,activitywatch-v0.13.2-windows-x86_64.zip,windows,28253
2026-08-13T01:45:46.130614+00:00,v0.14.0b3,activitywatch-tauri-v0.14.0b3-macos-arm64.dmg,macos,126
2026-08-13T01:45:46.130614+00:00,v0.14.0b3,activitywatch-v0.14.0b3-macos-arm64.dmg,macos,206
2026-08-13T01:45:46.130614+00:00,v0.14.0b3,activitywatch-v0.14.0b3-macos-arm64.zip,macos,24
2026-08-13T01:45:46.130614+00:00,v0.14.0b3,activitywatch-v0.14.0b3-macos-x86_64.zip,macos,5
2026-08-13T01:45:46.130614+00:00,v0.14.0b3,activitywatch-v0.14.0b3-windows-x86_64-setup.exe,windows,666
2026-08-13T01:45:46.130614+00:00,v0.14.0b3,activitywatch-v0.14.0b3-windows-x86_64.zip,windows,44
2026-08-13T01:45:46.130614+00:00,v0.14.0b3-research,activitywatch-tauri-research-edition-v0.14.0b3-research-windows-x86_64-setup.exe,windows,9
2026-08-13T01:45:46.130614+00:00,v0.14.0b3-research,activitywatch-tauri-research-edition-v0.14.0b3-research-windows-x86_64.zip,windows,9
2026-08-13T01:45:46.130614+00:00,v0.14.0b3-research,activitywatch-tauri-v0.14.0b3-research-linux-aarch64-research-edition.deb,linux,5
2026-08-13T01:45:46.130614+00:00,v0.14.0b3-research,activitywatch-v0.14.0b3-research-macos-arm64-research-edition.dmg,macos,13
2026-08-13T07:22:05.514191+00:00,v0.13.2,activitywatch-linux-x86_64.AppImage,linux,34354
2026-08-13T07:22:05.514191+00:00,v0.13.2,activitywatch-v0.13.2-linux-x86_64.deb,linux,5555
2026-08-13T07:22:05.514191+00:00,v0.13.2,activitywatch-v0.13.2-linux-x86_64.zip,linux,94667
2026-08-13T07:22:05.514191+00:00,v0.13.2,activitywatch-v0.13.2-macos-x86_64.dmg,macos,131348
2026-08-13T07:22:05.514191+00:00,v0.13.2,activitywatch-v0.13.2-macos-x86_64.zip,macos,11557
2026-08-13T07:22:05.514191+00:00,v0.13.2,activitywatch-v0.13.2-windows-x86_64-setup.exe,windows,291125
2026-08-13T07:22:05.514191+00:00,v0.13.2,activitywatch-v0.13.2-windows-x86_64.zip,windows,28265
2026-08-13T07:22:05.514191+00:00,v0.14.0b2,activitywatch-tauri-v0.14.0b2-macos-x86_64.zip,macos,6
2026-08-13T07:22:05.514191+00:00,v0.14.0b2,activitywatch-v0.14.0b2-linux-x86_64.deb,linux,16
2026-08-13T07:22:05.514191+00:00,v0.14.0b2,activitywatch-v0.14.0b2-linux-x86_64.zip,linux,96
2026-08-13T07:22:05.514191+00:00,v0.14.0b3,activitywatch-tauri-v0.14.0b3-linux-aarch64.zip,linux,5
2026-08-13T07:22:05.514191+00:00,v0.14.0b3,activitywatch-tauri-v0.14.0b3-macos-arm64.dmg,macos,127
2026-08-13T07:22:05.514191+00:00,v0.14.0b3,activitywatch-tauri-v0.14.0b3-windows-x86_64-setup.exe,windows,32
2026-08-13T07:22:05.514191+00:00,v0.14.0b3,activitywatch-tauri-v0.14.0b3-windows-x86_64.zip,windows,18
2026-08-13T07:22:05.514191+00:00,v0.14.0b3,activitywatch-v0.14.0b3-linux-x86_64.zip,linux,170
2026-08-13T07:22:05.514191+00:00,v0.14.0b3,activitywatch-v0.14.0b3-macos-arm64.dmg,macos,211
2026-08-13T07:22:05.514191+00:00,v0.14.0b3,activitywatch-v0.14.0b3-macos-x86_64.dmg,macos,130
2026-08-13T07:22:05.514191+00:00,v0.14.0b3,activitywatch-v0.14.0b3-windows-x86_64-setup.exe,windows,675
2026-08-13T07:22:05.514191+00:00,v0.14.0b3-research,activitywatch-research-edition-v0.14.0b3-research-macos-x86_64.zip,macos,5
2026-08-13T13:03:12.360355+00:00,v0.12.3b18,activitywatch-v0.12.3b18-linux-x86_64.zip,linux,1890
2026-08-13T13:03:12.360355+00:00,v0.13.0,activitywatch-v0.13.0-windows-x86_64-setup.exe,windows,3045
2026-08-13T13:03:12.360355+00:00,v0.13.1,activitywatch-linux-x86_64.AppImage,linux,3784
2026-08-13T13:03:12.360355+00:00,v0.13.1,activitywatch-v0.13.1-windows-x86_64-setup.exe,windows,25762
2026-08-13T13:03:12.360355+00:00,v0.13.2,activitywatch-linux-x86_64.AppImage,linux,34376
2026-08-13T13:03:12.360355+00:00,v0.13.2,activitywatch-v0.13.2-linux-x86_64.deb,linux,5584
2026-08-13T13:03:12.360355+00:00,v0.13.2,activitywatch-v0.13.2-linux-x86_64.zip,linux,94719
2026-08-13T13:03:12.360355+00:00,v0.13.2,activitywatch-v0.13.2-macos-x86_64.dmg,macos,131435
2026-08-13T13:03:12.360355+00:00,v0.13.2,activitywatch-v0.13.2-macos-x86_64.zip,macos,11561
2026-08-13T13:03:12.360355+00:00,v0.13.2,activitywatch-v0.13.2-windows-x86_64-setup.exe,windows,291301
2026-08-13T13:03:12.360355+00:00,v0.13.2,activitywatch-v0.13.2-windows-x86_64.zip,windows,28285
2026-08-13T13:03:12.360355+00:00,v0.14.0b2,activitywatch-v0.14.0b2-macos-arm64.dmg,macos,109
2026-08-13T13:03:12.360355+00:00,v0.14.0b3,activitywatch-linux-x86_64.AppImage,linux,30
2026-08-13T13:03:12.360355+00:00,v0.14.0b3,activitywatch-tauri-v0.14.0b3-linux-x86_64.deb,linux,9
2026-08-13T13:03:12.360355+00:00,v0.14.0b3,activitywatch-tauri-v0.14.0b3-macos-arm64.dmg,macos,128
2026-08-13T13:03:12.360355+00:00,v0.14.0b3,activitywatch-tauri-v0.14.0b3-macos-arm64.zip,macos,13
2026-08-13T13:03:12.360355+00:00,v0.14.0b3,activitywatch-v0.14.0b3-linux-x86_64.zip,linux,172
2026-08-13T13:03:12.360355+00:00,v0.14.0b3,activitywatch-v0.14.0b3-macos-arm64.dmg,macos,212
2026-08-13T13:03:12.360355+00:00,v0.14.0b3,activitywatch-v0.14.0b3-macos-x86_64.dmg,macos,132
2026-08-13T13:03:12.360355+00:00,v0.14.0b3,activitywatch-v0.14.0b3-windows-x86_64-setup.exe,windows,677
2026-08-13T13:03:12.360355+00:00,v0.14.0b3-research,activitywatch-research-edition-v0.14.0b3-research-macos-arm64.zip,macos,9
2026-08-13T13:03:12.360355+00:00,v0.14.0b3-research,activitywatch-research-edition-v0.14.0b3-research-windows-x86_64.zip,windows,11
2026-08-13T13:03:12.360355+00:00,v0.14.0b3-research,activitywatch-tauri-v0.14.0b3-research-linux-x86_64-research-edition.rpm,linux,5
2026-08-13T13:03:12.360355+00:00,v0.14.0b3-research,activitywatch-v0.14.0b3-research-macos-arm64-research-edition.dmg,macos,16
2026-08-13T18:59:10.735683+00:00,v0.12.2,activitywatch-v0.12.2-windows-x86_64-setup.exe,windows,57941
2026-08-13T18:59:10.735683+00:00,v0.12.3b13,activitywatch-v0.12.3b13-linux-x86_64.zip,linux,282
2026-08-13T18:59:10.735683+00:00,v0.12.3b15,activitywatch-v0.12.3b15-linux-x86_64.zip,linux,2844
2026-08-13T18:59:10.735683+00:00,v0.12.3b16,activitywatch-v0.12.3b16-linux-x86_64.zip,linux,1034
2026-08-13T18:59:10.735683+00:00,v0.12.3b19,activitywatch-v0.12.3b19-linux-x86_64.zip,linux,292
2026-08-13T18:59:10.735683+00:00,v0.13.0,activitywatch-v0.13.0-windows-x86_64-setup.exe,windows,3046
2026-08-13T18:59:10.735683+00:00,v0.13.1,activitywatch-v0.13.1-windows-x86_64-setup.exe,windows,25763
2026-08-13T18:59:10.735683+00:00,v0.13.2,activitywatch-linux-x86_64.AppImage,linux,34402
2026-08-13T18:59:10.735683+00:00,v0.13.2,activitywatch-v0.13.2-linux-x86_64.deb,linux,5609
2026-08-13T18:59:10.735683+00:00,v0.13.2,activitywatch-v0.13.2-linux-x86_64.zip,linux,94769
2026-08-13T18:59:10.735683+00:00,v0.13.2,activitywatch-v0.13.2-macos-x86_64.dmg,macos,131515
2026-08-13T18:59:10.735683+00:00,v0.13.2,activitywatch-v0.13.2-macos-x86_64.zip,macos,11564
2026-08-13T18:59:10.735683+00:00,v0.13.2,activitywatch-v0.13.2-windows-x86_64-setup.exe,windows,291550
2026-08-13T18:59:10.735683+00:00,v0.13.2,activitywatch-v0.13.2-windows-x86_64.zip,windows,28299
2026-08-13T18:59:10.735683+00:00,v0.14.0b1,activitywatch-v0.14.0b1-windows-x86_64-setup.exe,windows,2550
2026-08-13T18:59:10.735683+00:00,v0.14.0b2,activitywatch-tauri-v0.14.0b2-linux-x86_64.AppImage,linux,7
2026-08-13T18:59:10.735683+00:00,v0.14.0b2,activitywatch-tauri-v0.14.0b2-windows-x86_64.zip,windows,10
2026-08-13T18:59:10.735683+00:00,v0.14.0b3,activitywatch-tauri-v0.14.0b3-macos-arm64.dmg,macos,130
2026-08-13T18:59:10.735683+00:00,v0.14.0b3,activitywatch-tauri-v0.14.0b3-macos-x86_64.dmg,macos,5
2026-08-13T18:59:10.735683+00:00,v0.14.0b3,activitywatch-v0.14.0b3-macos-arm64.dmg,macos,215
2026-08-13T18:59:10.735683+00:00,v0.14.0b3,activitywatch-v0.14.0b3-macos-arm64.zip,macos,25
2026-08-13T18:59:10.735683+00:00,v0.14.0b3,activitywatch-v0.14.0b3-macos-x86_64.dmg,macos,135
2026-08-13T18:59:10.735683+00:00,v0.14.0b3,activitywatch-v0.14.0b3-macos-x86_64.zip,macos,6
2026-08-13T18:59:10.735683+00:00,v0.14.0b3,activitywatch-v0.14.0b3-windows-x86_64-setup.exe,windows,687
2026-08-13T18:59:10.735683+00:00,v0.14.0b3,activitywatch-v0.14.0b3-windows-x86_64.zip,windows,46
2026-08-13T18:59:10.735683+00:00,v0.14.0b3-research,activitywatch-research-edition-v0.14.0b3-research-windows-x86_64.zip,windows,12
2026-08-13T18:59:10.735683+00:00,v0.7.0b1,activitywatch-macos-x86_64-v0.7.0b1.zip,macos,46
2026-08-13T18:59:10.735683+00:00,v0.7.1,activitywatch-v0.7.1-windows-x86_64.zip,windows,4472
2026-08-14T01:43:14.128281+00:00,v0.12.0,activitywatch-v0.12.0-linux-x86_64.zip,linux,3167
2026-08-14T01:43:14.128281+00:00,v0.12.2,activitywatch-v0.12.2-macos-x86_64.dmg,macos,22538
2026-08-14T01:43:14.128281+00:00,v0.12.2b1,activitywatch-v0.12.2b1-linux-x86_64.zip,linux,886
2026-08-14T01:43:14.128281+00:00,v0.12.3b14,activitywatch-v0.12.3b14-linux-x86_64.zip,linux,561
2026-08-14T01:43:14.128281+00:00,v0.12.3b17,activitywatch-v0.12.3b17-linux-x86_64.zip,linux,1021
2026-08-14T01:43:14.128281+00:00,v0.12.3b18,activitywatch-v0.12.3b18-linux-x86_64.zip,linux,1891
2026-08-14T01:43:14.128281+00:00,v0.13.0,activitywatch-v0.13.0-linux-x86_64.zip,linux,1164
2026-08-14T01:43:14.128281+00:00,v0.13.0,activitywatch-v0.13.0-windows-x86_64-setup.exe,windows,3047
2026-08-14T01:43:14.128281+00:00,v0.13.1,activitywatch-linux-x86_64.AppImage,linux,3785
2026-08-14T01:43:14.128281+00:00,v0.13.1,activitywatch-v0.13.1-linux-x86_64.zip,linux,10908
2026-08-14T01:43:14.128281+00:00,v0.13.1,activitywatch-v0.13.1-windows-x86_64-setup.exe,windows,25764
2026-08-14T01:43:14.128281+00:00,v0.13.2,activitywatch-linux-x86_64.AppImage,linux,34434
2026-08-14T01:43:14.128281+00:00,v0.13.2,activitywatch-v0.13.2-linux-x86_64.deb,linux,5638
2026-08-14T01:43:14.128281+00:00,v0.13.2,activitywatch-v0.13.2-linux-x86_64.zip,linux,94815
2026-08-14T01:43:14.128281+00:00,v0.13.2,activitywatch-v0.13.2-macos-x86_64.dmg,macos,131607
2026-08-14T01:43:14.128281+00:00,v0.13.2,activitywatch-v0.13.2-macos-x86_64.zip,macos,11568
2026-08-14T01:43:14.128281+00:00,v0.13.2,activitywatch-v0.13.2-windows-x86_64-setup.exe,windows,291734
2026-08-14T01:43:14.128281+00:00,v0.13.2,activitywatch-v0.13.2-windows-x86_64.zip,windows,28310
2026-08-14T01:43:14.128281+00:00,v0.14.0b2,activitywatch-tauri-v0.14.0b2-linux-aarch64.rpm,linux,6
2026-08-14T01:43:14.128281+00:00,v0.14.0b3,activitywatch-tauri-v0.14.0b3-linux-x86_64.deb,linux,10
2026-08-14T01:43:14.128281+00:00,v0.14.0b3,activitywatch-tauri-v0.14.0b3-macos-arm64.dmg,macos,132
2026-08-14T01:43:14.128281+00:00,v0.14.0b3,activitywatch-v0.14.0b3-linux-x86_64.deb,linux,17
2026-08-14T01:43:14.128281+00:00,v0.14.0b3,activitywatch-v0.14.0b3-macos-arm64.zip,macos,27
2026-08-14T01:43:14.128281+00:00,v0.14.0b3,activitywatch-v0.14.0b3-macos-x86_64.dmg,macos,137
2026-08-14T01:43:14.128281+00:00,v0.14.0b3,activitywatch-v0.14.0b3-windows-x86_64-setup.exe,windows,691
2026-08-14T01:43:14.128281+00:00,v0.14.0b3-research,activitywatch-linux-x86_64-research-edition.AppImage,linux,10
2026-08-14T01:43:14.128281+00:00,v0.14.0b3-research,activitywatch-research-edition-v0.14.0b3-research-linux-x86_64.zip,linux,8
2026-08-14T07:19:33.793502+00:00,v0.12.2,activitywatch-v0.12.2-windows-x86_64-setup.exe,windows,57945
2026-08-14T07:19:33.793502+00:00,v0.13.1,activitywatch-linux-x86_64.AppImage,linux,3787
2026-08-14T07:19:33.793502+00:00,v0.13.2,activitywatch-linux-x86_64.AppImage,linux,34458
2026-08-14T07:19:33.793502+00:00,v0.13.2,activitywatch-v0.13.2-linux-x86_64.deb,linux,5664
2026-08-14T07:19:33.793502+00:00,v0.13.2,activitywatch-v0.13.2-linux-x86_64.zip,linux,94861
2026-08-14T07:19:33.793502+00:00,v0.13.2,activitywatch-v0.13.2-macos-x86_64.dmg,macos,131685
2026-08-14T07:19:33.793502+00:00,v0.13.2,activitywatch-v0.13.2-macos-x86_64.zip,macos,11572
2026-08-14T07:19:33.793502+00:00,v0.13.2,activitywatch-v0.13.2-windows-x86_64-setup.exe,windows,291874
2026-08-14T07:19:33.793502+00:00,v0.13.2,activitywatch-v0.13.2-windows-x86_64.zip,windows,28332
2026-08-14T07:19:33.793502+00:00,v0.14.0b3,activitywatch-linux-x86_64.AppImage,linux,31
2026-08-14T07:19:33.793502+00:00,v0.14.0b3,activitywatch-tauri-v0.14.0b3-macos-arm64.zip,macos,14
2026-08-14T07:19:33.793502+00:00,v0.14.0b3,activitywatch-v0.14.0b3-linux-x86_64.deb,linux,18
2026-08-14T07:19:33.793502+00:00,v0.14.0b3,activitywatch-v0.14.0b3-macos-arm64.dmg,macos,218
2026-08-14T07:19:33.793502+00:00,v0.14.0b3,activitywatch-v0.14.0b3-macos-arm64.zip,macos,28
2026-08-14T07:19:33.793502+00:00,v0.14.0b3,activitywatch-v0.14.0b3-macos-x86_64.dmg,macos,139
2026-08-14T07:19:33.793502+00:00,v0.14.0b3,activitywatch-v0.14.0b3-windows-x86_64-setup.exe,windows,693
2026-08-14T12:59:31.632525+00:00,v0.12.2,activitywatch-v0.12.2-linux-x86_64.zip,linux,31631
2026-08-14T12:59:31.632525+00:00,v0.12.2,activitywatch-v0.12.2-macos-x86_64.dmg,macos,22548
2026-08-14T12:59:31.632525+00:00,v0.12.2,activitywatch-v0.12.2-windows-x86_64-setup.exe,windows,57948
2026-08-14T12:59:31.632525+00:00,v0.13.1,activitywatch-linux-x86_64.AppImage,linux,3789
2026-08-14T12:59:31.632525+00:00,v0.13.2,activitywatch-linux-x86_64.AppImage,linux,34484
2026-08-14T12:59:31.632525+00:00,v0.13.2,activitywatch-v0.13.2-linux-x86_64.deb,linux,5691
2026-08-14T12:59:31.632525+00:00,v0.13.2,activitywatch-v0.13.2-linux-x86_64.zip,linux,94906
2026-08-14T12:59:31.632525+00:00,v0.13.2,activitywatch-v0.13.2-macos-x86_64.dmg,macos,131783
2026-08-14T12:59:31.632525+00:00,v0.13.2,activitywatch-v0.13.2-macos-x86_64.zip,macos,11579
2026-08-14T12:59:31.632525+00:00,v0.13.2,activitywatch-v0.13.2-windows-x86_64-setup.exe,windows,292068
2026-08-14T12:59:31.632525+00:00,v0.13.2,activitywatch-v0.13.2-windows-x86_64.zip,windows,28365
2026-08-14T12:59:31.632525+00:00,v0.14.0b3,activitywatch-linux-x86_64.AppImage,linux,32
2026-08-14T12:59:31.632525+00:00,v0.14.0b3,activitywatch-tauri-v0.14.0b3-macos-arm64.dmg,macos,138
2026-08-14T12:59:31.632525+00:00,v0.14.0b3,activitywatch-tauri-v0.14.0b3-windows-x86_64-setup.exe,windows,33
2026-08-14T12:59:31.632525+00:00,v0.14.0b3,activitywatch-v0.14.0b3-macos-arm64.dmg,macos,219
2026-08-14T12:59:31.632525+00:00,v0.14.0b3,activitywatch-v0.14.0b3-macos-x86_64.dmg,macos,141
2026-08-14T12:59:31.632525+00:00,v0.14.0b3,activitywatch-v0.14.0b3-windows-x86_64-setup.exe,windows,697
2026-08-14T12:59:31.632525+00:00,v0.14.0b3-research,activitywatch-research-edition-v0.14.0b3-research-windows-x86_64-setup.exe,windows,23
2026-08-14T12:59:31.632525+00:00,v0.14.0b3-research,activitywatch-research-edition-v0.14.0b3-research-windows-x86_64.zip,windows,13
2026-08-14T12:59:31.632525+00:00,v0.8.0b7,activitywatch-v0.8.0b7-macos-x86_64.zip,macos,1503
2026-08-14T18:49:27.840604+00:00,v0.12.3b2,activitywatch-v0.12.3b2-windows-x86_64-setup.exe,windows,249
2026-08-14T18:49:27.840604+00:00,v0.13.1,activitywatch-linux-x86_64.AppImage,linux,3794
2026-08-14T18:49:27.840604+00:00,v0.13.2,activitywatch-linux-x86_64.AppImage,linux,34501
2026-08-14T18:49:27.840604+00:00,v0.13.2,activitywatch-v0.13.2-linux-x86_64.deb,linux,5707
2026-08-14T18:49:27.840604+00:00,v0.13.2,activitywatch-v0.13.2-linux-x86_64.zip,linux,94948
2026-08-14T18:49:27.840604+00:00,v0.13.2,activitywatch-v0.13.2-macos-x86_64.dmg,macos,131861
2026-08-14T18:49:27.840604+00:00,v0.13.2,activitywatch-v0.13.2-macos-x86_64.zip,macos,11581
2026-08-14T18:49:27.840604+00:00,v0.13.2,activitywatch-v0.13.2-windows-x86_64-setup.exe,windows,292311
2026-08-14T18:49:27.840604+00:00,v0.13.2,activitywatch-v0.13.2-windows-x86_64.zip,windows,28400
2026-08-14T18:49:27.840604+00:00,v0.14.0b3,activitywatch-linux-x86_64.AppImage,linux,33
2026-08-14T18:49:27.840604+00:00,v0.14.0b3,activitywatch-v0.14.0b3-macos-arm64.dmg,macos,225
2026-08-14T18:49:27.840604+00:00,v0.14.0b3,activitywatch-v0.14.0b3-macos-x86_64.dmg,macos,143
2026-08-14T18:49:27.840604+00:00,v0.14.0b3,activitywatch-v0.14.0b3-windows-x86_64-setup.exe,windows,705
2026-08-14T18:49:27.840604+00:00,v0.14.0b3,activitywatch-v0.14.0b3-windows-x86_64.zip,windows,47
2026-08-14T18:49:27.840604+00:00,v0.14.0b3-research,activitywatch-linux-x86_64-research-edition.AppImage,linux,11
2026-08-14T18:49:27.840604+00:00,v0.7.0b4,activitywatch-v0.7.0b4-windows-x86_64.zip,windows,146
2026-08-14T18:49:27.840604+00:00,v0.7.1,activitywatch-v0.7.1-windows-x86_64.zip,windows,4473
2026-08-14T18:49:27.840604+00:00,v0.8.0b7,activitywatch-v0.8.0b7-macos-x86_64.zip,macos,1516
2026-08-15T01:04:16.523982+00:00,v0.11.0,activitywatch-v0.11.0-windows-x86_64-setup.exe,windows,38338
2026-08-15T01:04:16.523982+00:00,v0.12.0,activitywatch-v0.12.0-windows-x86_64-setup.exe,windows,8051
2026-08-15T01:04:16.523982+00:00,v0.12.2,activitywatch-v0.12.2-linux-x86_64.zip,linux,31632
2026-08-15T01:04:16.523982+00:00,v0.12.2,activitywatch-v0.12.2-windows-x86_64-setup.exe,windows,57949
2026-08-15T01:04:16.523982+00:00,v0.13.0,activitywatch-v0.13.0-windows-x86_64-setup.exe,windows,3048
2026-08-15T01:04:16.523982+00:00,v0.13.1,activitywatch-linux-x86_64.AppImage,linux,3796
2026-08-15T01:04:16.523982+00:00,v0.13.1,activitywatch-v0.13.1-windows-x86_64-setup.exe,windows,25765
2026-08-15T01:04:16.523982+00:00,v0.13.2,activitywatch-linux-x86_64.AppImage,linux,34514
2026-08-15T01:04:16.523982+00:00,v0.13.2,activitywatch-v0.13.2-linux-x86_64.deb,linux,5721
2026-08-15T01:04:16.523982+00:00,v0.13.2,activitywatch-v0.13.2-linux-x86_64.zip,linux,94974
2026-08-15T01:04:16.523982+00:00,v0.13.2,activitywatch-v0.13.2-macos-x86_64.dmg,macos,131922
2026-08-15T01:04:16.523982+00:00,v0.13.2,activitywatch-v0.13.2-macos-x86_64.zip,macos,11583
2026-08-15T01:04:16.523982+00:00,v0.13.2,activitywatch-v0.13.2-windows-x86_64-setup.exe,windows,292493
2026-08-15T01:04:16.523982+00:00,v0.13.2,activitywatch-v0.13.2-windows-x86_64.zip,windows,28408
2026-08-15T01:04:16.523982+00:00,v0.14.0b3,activitywatch-tauri-v0.14.0b3-macos-arm64.dmg,macos,139
2026-08-15T01:04:16.523982+00:00,v0.14.0b3,activitywatch-v0.14.0b3-linux-x86_64.deb,linux,19
2026-08-15T01:04:16.523982+00:00,v0.14.0b3,activitywatch-v0.14.0b3-linux-x86_64.zip,linux,173
2026-08-15T01:04:16.523982+00:00,v0.14.0b3,activitywatch-v0.14.0b3-macos-arm64.dmg,macos,233
2026-08-15T01:04:16.523982+00:00,v0.14.0b3,activitywatch-v0.14.0b3-windows-x86_64-setup.exe,windows,712
2026-08-15T01:04:16.523982+00:00,v0.14.0b3,activitywatch-v0.14.0b3-windows-x86_64.zip,windows,48
2026-08-15T06:33:08.596047+00:00,v0.12.2,activitywatch-v0.12.2-linux-x86_64.zip,linux,31634
2026-08-15T06:33:08.596047+00:00,v0.13.1,activitywatch-linux-x86_64.AppImage,linux,3798
2026-08-15T06:33:08.596047+00:00,v0.13.2,activitywatch-linux-x86_64.AppImage,linux,34522
2026-08-15T06:33:08.596047+00:00,v0.13.2,activitywatch-v0.13.2-linux-x86_64.deb,linux,5732
2026-08-15T06:33:08.596047+00:00,v0.13.2,activitywatch-v0.13.2-linux-x86_64.zip,linux,95000
2026-08-15T06:33:08.596047+00:00,v0.13.2,activitywatch-v0.13.2-macos-x86_64.dmg,macos,131967
2026-08-15T06:33:08.596047+00:00,v0.13.2,activitywatch-v0.13.2-macos-x86_64.zip,macos,11588
2026-08-15T06:33:08.596047+00:00,v0.13.2,activitywatch-v0.13.2-windows-x86_64-setup.exe,windows,292587
2026-08-15T06:33:08.596047+00:00,v0.13.2,activitywatch-v0.13.2-windows-x86_64.zip,windows,28415
2026-08-15T06:33:08.596047+00:00,v0.14.0b2,activitywatch-v0.14.0b2-macos-arm64.zip,macos,20
2026-08-15T06:33:08.596047+00:00,v0.14.0b3,activitywatch-v0.14.0b3-linux-x86_64.zip,linux,174
2026-08-15T06:33:08.596047+00:00,v0.14.0b3,activitywatch-v0.14.0b3-macos-arm64.dmg,macos,234
2026-08-15T06:33:08.596047+00:00,v0.14.0b3,activitywatch-v0.14.0b3-windows-x86_64-setup.exe,windows,728
2026-08-15T06:33:08.596047+00:00,v0.14.0b3,activitywatch-v0.14.0b3-windows-x86_64.zip,windows,50
2026-08-15T06:33:08.596047+00:00,v0.14.0b3-research,activitywatch-research-edition-v0.14.0b3-research-windows-x86_64-setup.exe,windows,24
2026-08-15T12:31:19.432455+00:00,v0.11.0,activitywatch-v0.11.0-windows-x86_64-setup.exe,windows,38339
2026-08-15T12:31:19.432455+00:00,v0.12.0,activitywatch-v0.12.0-windows-x86_64-setup.exe,windows,8053
2026-08-15T12:31:19.432455+00:00,v0.12.1,activitywatch-v0.12.1-windows-x86_64-setup.exe,windows,23237
2026-08-15T12:31:19.432455+00:00,v0.12.2,activitywatch-v0.12.2-linux-x86_64.deb,linux,482
2026-08-15T12:31:19.432455+00:00,v0.12.2,activitywatch-v0.12.2-windows-x86_64-setup.exe,windows,57951
2026-08-15T12:31:19.432455+00:00,v0.13.1,activitywatch-linux-x86_64.AppImage,linux,3799
2026-08-15T12:31:19.432455+00:00,v0.13.2,activitywatch-linux-x86_64.AppImage,linux,34551
2026-08-15T12:31:19.432455+00:00,v0.13.2,activitywatch-v0.13.2-linux-x86_64.deb,linux,5764
2026-08-15T12:31:19.432455+00:00,v0.13.2,activitywatch-v0.13.2-linux-x86_64.zip,linux,95045
2026-08-15T12:31:19.432455+00:00,v0.13.2,activitywatch-v0.13.2-macos-x86_64.dmg,macos,132049
2026-08-15T12:31:19.432455+00:00,v0.13.2,activitywatch-v0.13.2-macos-x86_64.zip,macos,11593
2026-08-15T12:31:19.432455+00:00,v0.13.2,activitywatch-v0.13.2-windows-x86_64-setup.exe,windows,292741
2026-08-15T12:31:19.432455+00:00,v0.13.2,activitywatch-v0.13.2-windows-x86_64.zip,windows,28432
2026-08-15T12:31:19.432455+00:00,v0.14.0b3,activitywatch-linux-x86_64.AppImage,linux,34
2026-08-15T12:31:19.432455+00:00,v0.14.0b3,activitywatch-tauri-v0.14.0b3-macos-arm64.dmg,macos,140
2026-08-15T12:31:19.432455+00:00,v0.14.0b3,activitywatch-tauri-v0.14.0b3-windows-x86_64.zip,windows,20
2026-08-15T12:31:19.432455+00:00,v0.14.0b3,activitywatch-v0.14.0b3-linux-x86_64.deb,linux,20
2026-08-15T12:31:19.432455+00:00,v0.14.0b3,activitywatch-v0.14.0b3-linux-x86_64.zip,linux,180
2026-08-15T12:31:19.432455+00:00,v0.14.0b3,activitywatch-v0.14.0b3-macos-arm64.dmg,macos,238
2026-08-15T12:31:19.432455+00:00,v0.14.0b3,activitywatch-v0.14.0b3-windows-x86_64-setup.exe,windows,731
2026-08-15T12:31:19.432455+00:00,v0.14.0b3,activitywatch-v0.14.0b3-windows-x86_64.zip,windows,51
2026-08-15T12:31:19.432455+00:00,v0.14.0b3-research,activitywatch-linux-x86_64-research-edition.AppImage,linux,12
2026-08-15T12:31:19.432455+00:00,v0.14.0b3-research,activitywatch-v0.14.0b3-research-macos-x86_64-research-edition.dmg,macos,7
2026-08-15T18:24:55.481130+00:00,v0.13.0,activitywatch-v0.13.0-windows-x86_64-setup.exe,windows,3050
2026-08-15T18:24:55.481130+00:00,v0.13.1,activitywatch-linux-x86_64.AppImage,linux,3801
2026-08-15T18:24:55.481130+00:00,v0.13.1,activitywatch-v0.13.1-windows-x86_64-setup.exe,windows,25767
2026-08-15T18:24:55.481130+00:00,v0.13.2,activitywatch-linux-x86_64.AppImage,linux,34577
2026-08-15T18:24:55.481130+00:00,v0.13.2,activitywatch-v0.13.2-linux-x86_64.deb,linux,5789
2026-08-15T18:24:55.481130+00:00,v0.13.2,activitywatch-v0.13.2-linux-x86_64.zip,linux,95090
2026-08-15T18:24:55.481130+00:00,v0.13.2,activitywatch-v0.13.2-macos-x86_64.dmg,macos,132135
2026-08-15T18:24:55.481130+00:00,v0.13.2,activitywatch-v0.13.2-macos-x86_64.zip,macos,11597
2026-08-15T18:24:55.481130+00:00,v0.13.2,activitywatch-v0.13.2-windows-x86_64-setup.exe,windows,292919
2026-08-15T18:24:55.481130+00:00,v0.13.2,activitywatch-v0.13.2-windows-x86_64.zip,windows,28487
2026-08-15T18:24:55.481130+00:00,v0.14.0b2,activitywatch-v0.14.0b2-macos-arm64.dmg,macos,110
2026-08-15T18:24:55.481130+00:00,v0.14.0b3,activitywatch-tauri-v0.14.0b3-linux-x86_64.deb,linux,11
2026-08-15T18:24:55.481130+00:00,v0.14.0b3,activitywatch-v0.14.0b3-linux-x86_64.deb,linux,21
2026-08-15T18:24:55.481130+00:00,v0.14.0b3,activitywatch-v0.14.0b3-linux-x86_64.zip,linux,182
2026-08-15T18:24:55.481130+00:00,v0.14.0b3,activitywatch-v0.14.0b3-macos-arm64.dmg,macos,239
2026-08-15T18:24:55.481130+00:00,v0.14.0b3,activitywatch-v0.14.0b3-macos-x86_64.dmg,macos,149
2026-08-15T18:24:55.481130+00:00,v0.14.0b3,activitywatch-v0.14.0b3-windows-x86_64-setup.exe,windows,738
2026-08-15T18:24:55.481130+00:00,v0.14.0b3-research,activitywatch-research-edition-v0.14.0b3-research-windows-x86_64-setup.exe,windows,25
2026-08-16T01:07:54.869283+00:00,v0.10.0,activitywatch-v0.10.0-linux-x86_64.zip,linux,8416
2026-08-16T01:07:54.869283+00:00,v0.11.0,activitywatch-v0.11.0-linux-x86_64.zip,linux,19167
2026-08-16T01:07:54.869283+00:00,v0.11.0,activitywatch-v0.11.0-windows-x86_64-setup.exe,windows,38340
2026-08-16T01:07:54.869283+00:00,v0.12.0,activitywatch-v0.12.0-linux-x86_64.zip,linux,3168
2026-08-16T01:07:54.869283+00:00,v0.12.0,activitywatch-v0.12.0-windows-x86_64-setup.exe,windows,8054
2026-08-16T01:07:54.869283+00:00,v0.12.2,activitywatch-v0.12.2-windows-x86_64-setup.exe,windows,57952
2026-08-16T01:07:54.869283+00:00,v0.12.3b5,activitywatch-v0.12.3b5-windows-x86_64-setup.exe,windows,380
2026-08-16T01:07:54.869283+00:00,v0.13.0,activitywatch-v0.13.0-windows-x86_64-setup.exe,windows,3051
2026-08-16T01:07:54.869283+00:00,v0.13.1,activitywatch-linux-x86_64.AppImage,linux,3810
2026-08-16T01:07:54.869283+00:00,v0.13.1,activitywatch-v0.13.1-windows-x86_64-setup.exe,windows,25768
2026-08-16T01:07:54.869283+00:00,v0.13.2,activitywatch-linux-x86_64.AppImage,linux,34604
2026-08-16T01:07:54.869283+00:00,v0.13.2,activitywatch-v0.13.2-linux-x86_64.deb,linux,5819
2026-08-16T01:07:54.869283+00:00,v0.13.2,activitywatch-v0.13.2-linux-x86_64.zip,linux,95146
2026-08-16T01:07:54.869283+00:00,v0.13.2,activitywatch-v0.13.2-macos-x86_64.dmg,macos,132217
2026-08-16T01:07:54.869283+00:00,v0.13.2,activitywatch-v0.13.2-macos-x86_64.zip,macos,11609
2026-08-16T01:07:54.869283+00:00,v0.13.2,activitywatch-v0.13.2-windows-x86_64-setup.exe,windows,293053
2026-08-16T01:07:54.869283+00:00,v0.13.2,activitywatch-v0.13.2-windows-x86_64.zip,windows,28501
2026-08-16T01:07:54.869283+00:00,v0.14.0b2,activitywatch-v0.14.0b2-macos-arm64.zip,macos,22
2026-08-16T01:07:54.869283+00:00,v0.14.0b3,activitywatch-tauri-v0.14.0b3-macos-arm64.dmg,macos,143
2026-08-16T01:07:54.869283+00:00,v0.14.0b3,activitywatch-v0.14.0b3-linux-x86_64.deb,linux,22
2026-08-16T01:07:54.869283+00:00,v0.14.0b3,activitywatch-v0.14.0b3-linux-x86_64.zip,linux,183
2026-08-16T01:07:54.869283+00:00,v0.14.0b3,activitywatch-v0.14.0b3-macos-arm64.dmg,macos,244
2026-08-16T01:07:54.869283+00:00,v0.14.0b3,activitywatch-v0.14.0b3-windows-x86_64-setup.exe,windows,740
2026-08-16T01:07:54.869283+00:00,v0.14.0b3-research,activitywatch-tauri-research-edition-v0.14.0b3-research-windows-x86_64-setup.exe,windows,10
2026-08-16T01:07:54.869283+00:00,v0.7.1,activitywatch-v0.7.1-windows-x86_64.zip,windows,4474
2026-08-16T06:34:14.243038+00:00,v0.13.1,activitywatch-linux-x86_64.AppImage,linux,3819
2026-08-16T06:34:14.243038+00:00,v0.13.2,activitywatch-linux-x86_64.AppImage,linux,34629
2026-08-16T06:34:14.243038+00:00,v0.13.2,activitywatch-v0.13.2-linux-x86_64.deb,linux,5867
2026-08-16T06:34:14.243038+00:00,v0.13.2,activitywatch-v0.13.2-linux-x86_64.zip,linux,95184
2026-08-16T06:34:14.243038+00:00,v0.13.2,activitywatch-v0.13.2-macos-x86_64.dmg,macos,132284
2026-08-16T06:34:14.243038+00:00,v0.13.2,activitywatch-v0.13.2-macos-x86_64.zip,macos,11613
2026-08-16T06:34:14.243038+00:00,v0.13.2,activitywatch-v0.13.2-windows-x86_64-setup.exe,windows,293161
2026-08-16T06:34:14.243038+00:00,v0.13.2,activitywatch-v0.13.2-windows-x86_64.zip,windows,28510
2026-08-16T06:34:14.243038+00:00,v0.14.0b1,activitywatch-v0.14.0b1-linux-x86_64.zip,linux,851
2026-08-16T06:34:14.243038+00:00,v0.14.0b2,activitywatch-v0.14.0b2-macos-arm64.zip,macos,24
2026-08-16T06:34:14.243038+00:00,v0.14.0b3,activitywatch-tauri-v0.14.0b3-macos-arm64.dmg,macos,145
2026-08-16T06:34:14.243038+00:00,v0.14.0b3,activitywatch-tauri-v0.14.0b3-windows-x86_64-setup.exe,windows,34
2026-08-16T06:34:14.243038+00:00,v0.14.0b3,activitywatch-v0.14.0b3-linux-x86_64.deb,linux,24
2026-08-16T06:34:14.243038+00:00,v0.14.0b3,activitywatch-v0.14.0b3-macos-arm64.dmg,macos,248
2026-08-16T06:34:14.243038+00:00,v0.14.0b3,activitywatch-v0.14.0b3-macos-arm64.zip,macos,29
2026-08-16T06:34:14.243038+00:00,v0.14.0b3,activitywatch-v0.14.0b3-macos-x86_64.dmg,macos,150
2026-08-16T06:34:14.243038+00:00,v0.14.0b3,activitywatch-v0.14.0b3-windows-x86_64-setup.exe,windows,747
2026-08-16T06:34:14.243038+00:00,v0.14.0b3-research,activitywatch-research-edition-v0.14.0b3-research-linux-x86_64.zip,linux,9
2026-08-16T06:34:14.243038+00:00,v0.14.0b3-research,activitywatch-v0.14.0b3-research-macos-arm64-research-edition.dmg,macos,17
2026-08-16T12:32:48.424611+00:00,v0.12.2,activitywatch-v0.12.2-linux-x86_64.zip,linux,31635
2026-08-16T12:32:48.424611+00:00,v0.12.3b10,activitywatch-linux-x86_64.AppImage,linux,109
2026-08-16T12:32:48.424611+00:00,v0.13.1,activitywatch-linux-x86_64.AppImage,linux,3823
2026-08-16T12:32:48.424611+00:00,v0.13.2,activitywatch-linux-x86_64.AppImage,linux,34654
2026-08-16T12:32:48.424611+00:00,v0.13.2,activitywatch-v0.13.2-linux-x86_64.deb,linux,5890
2026-08-16T12:32:48.424611+00:00,v0.13.2,activitywatch-v0.13.2-linux-x86_64.zip,linux,95236
2026-08-16T12:32:48.424611+00:00,v0.13.2,activitywatch-v0.13.2-macos-x86_64.dmg,macos,132357
2026-08-16T12:32:48.424611+00:00,v0.13.2,activitywatch-v0.13.2-macos-x86_64.zip,macos,11616
2026-08-16T12:32:48.424611+00:00,v0.13.2,activitywatch-v0.13.2-windows-x86_64-setup.exe,windows,293318
2026-08-16T12:32:48.424611+00:00,v0.13.2,activitywatch-v0.13.2-windows-x86_64.zip,windows,28519
2026-08-16T12:32:48.424611+00:00,v0.14.0b1,activitywatch-v0.14.0b1-windows-x86_64-setup.exe,windows,2552
2026-08-16T12:32:48.424611+00:00,v0.14.0b2,activitywatch-v0.14.0b2-macos-x86_64.dmg,macos,60
2026-08-16T12:32:48.424611+00:00,v0.14.0b3,activitywatch-tauri-v0.14.0b3-windows-x86_64.zip,windows,21
2026-08-16T12:32:48.424611+00:00,v0.14.0b3,activitywatch-v0.14.0b3-macos-arm64.dmg,macos,251
2026-08-16T12:32:48.424611+00:00,v0.14.0b3,activitywatch-v0.14.0b3-macos-x86_64.dmg,macos,151
2026-08-16T12:32:48.424611+00:00,v0.14.0b3,activitywatch-v0.14.0b3-windows-x86_64-setup.exe,windows,749
2026-08-16T12:32:48.424611+00:00,v0.14.0b3,activitywatch-v0.14.0b3-windows-x86_64.zip,windows,52
2026-08-16T12:32:48.424611+00:00,v0.14.0b3-research,activitywatch-research-edition-v0.14.0b3-research-windows-x86_64.zip,windows,14
2026-08-16T18:24:05.398308+00:00,v0.12.0,activitywatch-v0.12.0-windows-x86_64-setup.exe,windows,8058
2026-08-16T18:24:05.398308+00:00,v0.12.3b17,activitywatch-v0.12.3b17-windows-x86_64-setup.exe,windows,204
2026-08-16T18:24:05.398308+00:00,v0.13.1,activitywatch-linux-x86_64.AppImage,linux,3825
2026-08-16T18:24:05.398308+00:00,v0.13.2,activitywatch-linux-x86_64.AppImage,linux,34675
2026-08-16T18:24:05.398308+00:00,v0.13.2,activitywatch-v0.13.2-linux-x86_64.deb,linux,5922
2026-08-16T18:24:05.398308+00:00,v0.13.2,activitywatch-v0.13.2-linux-x86_64.zip,linux,95274
2026-08-16T18:24:05.398308+00:00,v0.13.2,activitywatch-v0.13.2-macos-x86_64.dmg,macos,132426
2026-08-16T18:24:05.398308+00:00,v0.13.2,activitywatch-v0.13.2-macos-x86_64.zip,macos,11621
2026-08-16T18:24:05.398308+00:00,v0.13.2,activitywatch-v0.13.2-windows-x86_64-setup.exe,windows,293468
2026-08-16T18:24:05.398308+00:00,v0.13.2,activitywatch-v0.13.2-windows-x86_64.zip,windows,28533
2026-08-16T18:24:05.398308+00:00,v0.14.0b2,activitywatch-v0.14.0b2-macos-x86_64.dmg,macos,62
2026-08-16T18:24:05.398308+00:00,v0.14.0b3,activitywatch-tauri-v0.14.0b3-macos-arm64.dmg,macos,146
2026-08-16T18:24:05.398308+00:00,v0.14.0b3,activitywatch-v0.14.0b3-linux-x86_64.deb,linux,25
2026-08-16T18:24:05.398308+00:00,v0.14.0b3,activitywatch-v0.14.0b3-macos-x86_64.dmg,macos,153
2026-08-16T18:24:05.398308+00:00,v0.14.0b3,activitywatch-v0.14.0b3-windows-x86_64-setup.exe,windows,758
2026-08-16T18:24:05.398308+00:00,v0.14.0b3,activitywatch-v0.14.0b3-windows-x86_64.zip,windows,53
2026-08-17T01:05:25.383501+00:00,v0.11.0,activitywatch-v0.11.0-windows-x86_64-setup.exe,windows,38341
2026-08-17T01:05:25.383501+00:00,v0.12.0,activitywatch-v0.12.0-windows-x86_64-setup.exe,windows,8059
2026-08-17T01:05:25.383501+00:00,v0.12.2,activitywatch-v0.12.2-windows-x86_64-setup.exe,windows,57953
2026-08-17T01:05:25.383501+00:00,v0.12.3b14,activitywatch-v0.12.3b14-linux-x86_64.zip,linux,565
2026-08-17T01:05:25.383501+00:00,v0.13.0,activitywatch-v0.13.0-windows-x86_64-setup.exe,windows,3052
2026-08-17T01:05:25.383501+00:00,v0.13.1,activitywatch-v0.13.1-linux-x86_64.zip,linux,10909
2026-08-17T01:05:25.383501+00:00,v0.13.1,activitywatch-v0.13.1-windows-x86_64-setup.exe,windows,25770
2026-08-17T01:05:25.383501+00:00,v0.13.2,activitywatch-linux-x86_64.AppImage,linux,34701
2026-08-17T01:05:25.383501+00:00,v0.13.2,activitywatch-v0.13.2-linux-x86_64.deb,linux,5959
2026-08-17T01:05:25.383501+00:00,v0.13.2,activitywatch-v0.13.2-linux-x86_64.zip,linux,95318
2026-08-17T01:05:25.383501+00:00,v0.13.2,activitywatch-v0.13.2-macos-x86_64.dmg,macos,132513
2026-08-17T01:05:25.383501+00:00,v0.13.2,activitywatch-v0.13.2-macos-x86_64.zip,macos,11625
2026-08-17T01:05:25.383501+00:00,v0.13.2,activitywatch-v0.13.2-windows-x86_64-setup.exe,windows,293567
2026-08-17T01:05:25.383501+00:00,v0.13.2,activitywatch-v0.13.2-windows-x86_64.zip,windows,28545
2026-08-17T01:05:25.383501+00:00,v0.14.0b3,activitywatch-tauri-v0.14.0b3-macos-arm64.dmg,macos,147
2026-08-17T01:05:25.383501+00:00,v0.14.0b3,activitywatch-v0.14.0b3-linux-x86_64.deb,linux,26
2026-08-17T01:05:25.383501+00:00,v0.14.0b3,activitywatch-v0.14.0b3-linux-x86_64.zip,linux,187
2026-08-17T01:05:25.383501+00:00,v0.14.0b3,activitywatch-v0.14.0b3-macos-arm64.dmg,macos,264
2026-08-17T01:05:25.383501+00:00,v0.14.0b3,activitywatch-v0.14.0b3-windows-x86_64-setup.exe,windows,762
2026-08-17T06:49:25.296160+00:00,v0.13.2,activitywatch-linux-x86_64.AppImage,linux,34726
2026-08-17T06:49:25.296160+00:00,v0.13.2,activitywatch-v0.13.2-linux-x86_64.deb,linux,5985
2026-08-17T06:49:25.296160+00:00,v0.13.2,activitywatch-v0.13.2-linux-x86_64.zip,linux,95352
2026-08-17T06:49:25.296160+00:00,v0.13.2,activitywatch-v0.13.2-macos-x86_64.dmg,macos,132589
2026-08-17T06:49:25.296160+00:00,v0.13.2,activitywatch-v0.13.2-macos-x86_64.zip,macos,11630
2026-08-17T06:49:25.296160+00:00,v0.13.2,activitywatch-v0.13.2-windows-x86_64-setup.exe,windows,293714
2026-08-17T06:49:25.296160+00:00,v0.13.2,activitywatch-v0.13.2-windows-x86_64.zip,windows,28560
2026-08-17T06:49:25.296160+00:00,v0.14.0b3,activitywatch-tauri-v0.14.0b3-linux-aarch64.zip,linux,6
2026-08-17T06:49:25.296160+00:00,v0.14.0b3,activitywatch-tauri-v0.14.0b3-linux-x86_64.AppImage,linux,12
2026-08-17T06:49:25.296160+00:00,v0.14.0b3,activitywatch-tauri-v0.14.0b3-linux-x86_64.deb,linux,12
2026-08-17T06:49:25.296160+00:00,v0.14.0b3,activitywatch-tauri-v0.14.0b3-linux-x86_64.zip,linux,10
2026-08-17T06:49:25.296160+00:00,v0.14.0b3,activitywatch-tauri-v0.14.0b3-macos-arm64.dmg,macos,148
2026-08-17T06:49:25.296160+00:00,v0.14.0b3,activitywatch-v0.14.0b3-macos-arm64.dmg,macos,269
2026-08-17T06:49:25.296160+00:00,v0.14.0b3,activitywatch-v0.14.0b3-windows-x86_64-setup.exe,windows,773
2026-08-17T06:49:25.296160+00:00,v0.14.0b3-research,activitywatch-linux-x86_64-research-edition.AppImage,linux,13
2026-08-17T06:49:25.296160+00:00,v0.14.0b3-research,activitywatch-research-edition-v0.14.0b3-research-macos-arm64.zip,macos,10
2026-08-17T06:49:25.296160+00:00,v0.14.0b3-research,activitywatch-research-edition-v0.14.0b3-research-windows-x86_64-setup.exe,windows,26
2026-08-17T06:49:25.296160+00:00,v0.14.0b3-research,activitywatch-research-edition-v0.14.0b3-research-windows-x86_64.zip,windows,15
2026-08-17T06:49:25.296160+00:00,v0.14.0b3-research,activitywatch-tauri-research-edition-v0.14.0b3-research-macos-arm64.zip,macos,6
2026-08-17T06:49:25.296160+00:00,v0.14.0b3-research,activitywatch-tauri-v0.14.0b3-research-linux-x86_64-research-edition.AppImage,linux,7
2026-08-17T06:49:25.296160+00:00,v0.14.0b3-research,activitywatch-tauri-v0.14.0b3-research-macos-arm64-research-edition.dmg,macos,6
2026-08-17T06:49:25.296160+00:00,v0.14.0b3-research,activitywatch-v0.14.0b3-research-macos-arm64-research-edition.dmg,macos,18
2026-08-17T12:37:29.216170+00:00,v0.12.2,activitywatch-v0.12.2-windows-x86_64-setup.exe,windows,57963
2026-08-17T12:37:29.216170+00:00,v0.13.2,activitywatch-linux-x86_64.AppImage,linux,34745
2026-08-17T12:37:29.216170+00:00,v0.13.2,activitywatch-v0.13.2-linux-x86_64.deb,linux,6014
2026-08-17T12:37:29.216170+00:00,v0.13.2,activitywatch-v0.13.2-linux-x86_64.zip,linux,95400
2026-08-17T12:37:29.216170+00:00,v0.13.2,activitywatch-v0.13.2-macos-x86_64.dmg,macos,132681
2026-08-17T12:37:29.216170+00:00,v0.13.2,activitywatch-v0.13.2-macos-x86_64.zip,macos,11633
2026-08-17T12:37:29.216170+00:00,v0.13.2,activitywatch-v0.13.2-windows-x86_64-setup.exe,windows,293921
2026-08-17T12:37:29.216170+00:00,v0.13.2,activitywatch-v0.13.2-windows-x86_64.zip,windows,28593
2026-08-17T12:37:29.216170+00:00,v0.14.0b2,activitywatch-v0.14.0b2-macos-arm64.dmg,macos,111
2026-08-17T12:37:29.216170+00:00,v0.14.0b3,activitywatch-tauri-v0.14.0b3-macos-arm64.dmg,macos,150
2026-08-17T12:37:29.216170+00:00,v0.14.0b3,activitywatch-v0.14.0b3-linux-x86_64.zip,linux,188
2026-08-17T12:37:29.216170+00:00,v0.14.0b3,activitywatch-v0.14.0b3-macos-arm64.dmg,macos,271
2026-08-17T12:37:29.216170+00:00,v0.14.0b3,activitywatch-v0.14.0b3-macos-x86_64.dmg,macos,155
2026-08-17T12:37:29.216170+00:00,v0.14.0b3,activitywatch-v0.14.0b3-windows-x86_64-setup.exe,windows,784
2026-08-17T12:37:29.216170+00:00,v0.14.0b3,activitywatch-v0.14.0b3-windows-x86_64.zip,windows,55
2026-08-17T12:37:29.216170+00:00,v0.14.0b3-research,activitywatch-research-edition-v0.14.0b3-research-windows-x86_64-setup.exe,windows,27
2026-08-17T12:37:29.216170+00:00,v0.14.0b3-research,activitywatch-research-edition-v0.14.0b3-research-windows-x86_64.zip,windows,16
2026-08-17T12:37:29.216170+00:00,v0.4.0,activitywatch-linux.zip,linux,34
2026-08-17T12:37:29.216170+00:00,v0.5.0,activitywatch-linux.zip,linux,34
2026-08-17T12:37:29.216170+00:00,v0.5.1,activitywatch-linux.zip,linux,42
2026-08-17T12:37:29.216170+00:00,v0.7.1,activitywatch-v0.7.1-linux-x86_64.zip,linux,1346
2026-08-17T18:34:10.443999+00:00,v0.12.2,activitywatch-v0.12.2-linux-x86_64.zip,linux,31636
2026-08-17T18:34:10.443999+00:00,v0.12.2,activitywatch-v0.12.2-windows-x86_64-setup.exe,windows,57964
2026-08-17T18:34:10.443999+00:00,v0.12.3b10,activitywatch-v0.12.3b10-windows-x86_64-setup.exe,windows,865
2026-08-17T18:34:10.443999+00:00,v0.13.2,activitywatch-linux-x86_64.AppImage,linux,34768
2026-08-17T18:34:10.443999+00:00,v0.13.2,activitywatch-v0.13.2-linux-x86_64.deb,linux,6042
2026-08-17T18:34:10.443999+00:00,v0.13.2,activitywatch-v0.13.2-linux-x86_64.zip,linux,95469
2026-08-17T18:34:10.443999+00:00,v0.13.2,activitywatch-v0.13.2-macos-x86_64.dmg,macos,132793
2026-08-17T18:34:10.443999+00:00,v0.13.2,activitywatch-v0.13.2-macos-x86_64.zip,macos,11640
2026-08-17T18:34:10.443999+00:00,v0.13.2,activitywatch-v0.13.2-windows-x86_64-setup.exe,windows,294271
2026-08-17T18:34:10.443999+00:00,v0.13.2,activitywatch-v0.13.2-windows-x86_64.zip,windows,28608
2026-08-17T18:34:10.443999+00:00,v0.14.0b1,activitywatch-v0.14.0b1-macos-arm64.dmg,macos,1234
2026-08-17T18:34:10.443999+00:00,v0.14.0b3,activitywatch-linux-x86_64.AppImage,linux,36
2026-08-17T18:34:10.443999+00:00,v0.14.0b3,activitywatch-v0.14.0b3-linux-x86_64.deb,linux,27
2026-08-17T18:34:10.443999+00:00,v0.14.0b3,activitywatch-v0.14.0b3-macos-arm64.dmg,macos,278
2026-08-17T18:34:10.443999+00:00,v0.14.0b3,activitywatch-v0.14.0b3-macos-arm64.zip,macos,30
2026-08-17T18:34:10.443999+00:00,v0.14.0b3,activitywatch-v0.14.0b3-windows-x86_64-setup.exe,windows,796
2026-08-17T18:34:10.443999+00:00,v0.8.0b7,activitywatch-v0.8.0b7-macos-x86_64.zip,macos,1551
2026-08-18T01:03:35.339347+00:00,v0.10.0,activitywatch-v0.10.0-linux-x86_64.zip,linux,8418
2026-08-18T01:03:35.339347+00:00,v0.10.0,activitywatch-v0.10.0-macos-x86_64.dmg,macos,5941
2026-08-18T01:03:35.339347+00:00,v0.10.0,activitywatch-v0.10.0-windows-x86_64-setup.exe,windows,15299
2026-08-18T01:03:35.339347+00:00,v0.12.2,activitywatch-v0.12.2-macos-x86_64.dmg,macos,22549
2026-08-18T01:03:35.339347+00:00,v0.12.3b18,activitywatch-v0.12.3b18-linux-x86_64.zip,linux,1907
2026-08-18T01:03:35.339347+00:00,v0.13.2,activitywatch-linux-x86_64.AppImage,linux,34797
2026-08-18T01:03:35.339347+00:00,v0.13.2,activitywatch-v0.13.2-linux-x86_64.deb,linux,6070
2026-08-18T01:03:35.339347+00:00,v0.13.2,activitywatch-v0.13.2-linux-x86_64.zip,linux,95526
2026-08-18T01:03:35.339347+00:00,v0.13.2,activitywatch-v0.13.2-macos-x86_64.dmg,macos,132883
2026-08-18T01:03:35.339347+00:00,v0.13.2,activitywatch-v0.13.2-macos-x86_64.zip,macos,11648
2026-08-18T01:03:35.339347+00:00,v0.13.2,activitywatch-v0.13.2-windows-x86_64-setup.exe,windows,294406
2026-08-18T01:03:35.339347+00:00,v0.13.2,activitywatch-v0.13.2-windows-x86_64.zip,windows,28624
2026-08-18T01:03:35.339347+00:00,v0.14.0b1,activitywatch-v0.14.0b1-macos-arm64.dmg,macos,1235
2026-08-18T01:03:35.339347+00:00,v0.14.0b3,activitywatch-linux-x86_64.AppImage,linux,37
2026-08-18T01:03:35.339347+00:00,v0.14.0b3,activitywatch-tauri-v0.14.0b3-macos-arm64.dmg,macos,153
2026-08-18T01:03:35.339347+00:00,v0.14.0b3,activitywatch-tauri-v0.14.0b3-windows-x86_64-setup.exe,windows,35
2026-08-18T01:03:35.339347+00:00,v0.14.0b3,activitywatch-v0.14.0b3-macos-arm64.dmg,macos,281
2026-08-18T01:03:35.339347+00:00,v0.14.0b3,activitywatch-v0.14.0b3-macos-x86_64.dmg,macos,159
2026-08-18T01:03:35.339347+00:00,v0.14.0b3,activitywatch-v0.14.0b3-windows-x86_64-setup.exe,windows,801
2026-08-18T01:03:35.339347+00:00,v0.14.0b3-research,activitywatch-research-edition-v0.14.0b3-research-windows-x86_64.zip,windows,17
2026-08-18T06:37:55.549646+00:00,v0.13.2,activitywatch-linux-x86_64.AppImage,linux,34821
2026-08-18T06:37:55.549646+00:00,v0.13.2,activitywatch-v0.13.2-linux-x86_64.deb,linux,6090
2026-08-18T06:37:55.549646+00:00,v0.13.2,activitywatch-v0.13.2-linux-x86_64.zip,linux,95559
2026-08-18T06:37:55.549646+00:00,v0.13.2,activitywatch-v0.13.2-macos-x86_64.dmg,macos,132954
2026-08-18T06:37:55.549646+00:00,v0.13.2,activitywatch-v0.13.2-macos-x86_64.zip,macos,11652
2026-08-18T06:37:55.549646+00:00,v0.13.2,activitywatch-v0.13.2-windows-x86_64-setup.exe,windows,294538
2026-08-18T06:37:55.549646+00:00,v0.13.2,activitywatch-v0.13.2-windows-x86_64.zip,windows,28633
2026-08-18T06:37:55.549646+00:00,v0.14.0b1,activitywatch-v0.14.0b1-macos-arm64.dmg,macos,1237
2026-08-18T06:37:55.549646+00:00,v0.14.0b2,activitywatch-v0.14.0b2-macos-arm64.dmg,macos,112
2026-08-18T06:37:55.549646+00:00,v0.14.0b3,activitywatch-tauri-v0.14.0b3-macos-arm64.dmg,macos,158
2026-08-18T06:37:55.549646+00:00,v0.14.0b3,activitywatch-v0.14.0b3-macos-arm64.dmg,macos,285
2026-08-18T06:37:55.549646+00:00,v0.14.0b3,activitywatch-v0.14.0b3-windows-x86_64-setup.exe,windows,802
2026-08-18T06:37:55.549646+00:00,v0.14.0b3-research,activitywatch-research-edition-v0.14.0b3-research-windows-x86_64-setup.exe,windows,28
2026-08-18T06:37:55.549646+00:00,v0.14.0b3-research,activitywatch-research-edition-v0.14.0b3-research-windows-x86_64.zip,windows,19
2026-08-18T12:39:02.781653+00:00,v0.11.0,activitywatch-v0.11.0-windows-x86_64-setup.exe,windows,38343
2026-08-18T12:39:02.781653+00:00,v0.12.0,activitywatch-v0.12.0-windows-x86_64-setup.exe,windows,8061
2026-08-18T12:39:02.781653+00:00,v0.12.2,activitywatch-v0.12.2-windows-x86_64-setup.exe,windows,57970
2026-08-18T12:39:02.781653+00:00,v0.13.0,activitywatch-v0.13.0-windows-x86_64-setup.exe,windows,3054
2026-08-18T12:39:02.781653+00:00,v0.13.1,activitywatch-v0.13.1-windows-x86_64-setup.exe,windows,25772
2026-08-18T12:39:02.781653+00:00,v0.13.2,activitywatch-linux-x86_64.AppImage,linux,34844
2026-08-18T12:39:02.781653+00:00,v0.13.2,activitywatch-v0.13.2-linux-x86_64.deb,linux,6119
2026-08-18T12:39:02.781653+00:00,v0.13.2,activitywatch-v0.13.2-linux-x86_64.zip,linux,95616
2026-08-18T12:39:02.781653+00:00,v0.13.2,activitywatch-v0.13.2-macos-x86_64.dmg,macos,133074
2026-08-18T12:39:02.781653+00:00,v0.13.2,activitywatch-v0.13.2-macos-x86_64.zip,macos,11657
2026-08-18T12:39:02.781653+00:00,v0.13.2,activitywatch-v0.13.2-windows-x86_64-setup.exe,windows,294810
2026-08-18T12:39:02.781653+00:00,v0.13.2,activitywatch-v0.13.2-windows-x86_64.zip,windows,28655
2026-08-18T12:39:02.781653+00:00,v0.14.0b3,activitywatch-tauri-v0.14.0b3-macos-arm64.dmg,macos,161
2026-08-18T12:39:02.781653+00:00,v0.14.0b3,activitywatch-tauri-v0.14.0b3-windows-x86_64-setup.exe,windows,36
2026-08-18T12:39:02.781653+00:00,v0.14.0b3,activitywatch-v0.14.0b3-linux-x86_64.deb,linux,28
2026-08-18T12:39:02.781653+00:00,v0.14.0b3,activitywatch-v0.14.0b3-linux-x86_64.zip,linux,191
2026-08-18T12:39:02.781653+00:00,v0.14.0b3,activitywatch-v0.14.0b3-macos-arm64.dmg,macos,289
2026-08-18T12:39:02.781653+00:00,v0.14.0b3,activitywatch-v0.14.0b3-macos-x86_64.dmg,macos,163
2026-08-18T12:39:02.781653+00:00,v0.14.0b3,activitywatch-v0.14.0b3-windows-x86_64-setup.exe,windows,822
2026-08-18T12:39:02.781653+00:00,v0.14.0b3-research,activitywatch-linux-x86_64-research-edition.AppImage,linux,15
2026-08-18T12:39:02.781653+00:00,v0.14.0b3-research,activitywatch-research-edition-v0.14.0b3-research-linux-x86_64.zip,linux,10
2026-08-18T12:39:02.781653+00:00,v0.14.0b3-research,activitywatch-research-edition-v0.14.0b3-research-windows-x86_64-setup.exe,windows,29
2026-08-18T12:39:02.781653+00:00,v0.14.0b3-research,activitywatch-tauri-research-edition-v0.14.0b3-research-windows-x86_64-setup.exe,windows,11
2026-08-18T12:39:02.781653+00:00,v0.8.0b7,activitywatch-v0.8.0b7-macos-x86_64.zip,macos,1564
2026-08-18T18:33:22.807400+00:00,v0.12.3b15,activitywatch-v0.12.3b15-linux-x86_64.zip,linux,2845
2026-08-18T18:33:22.807400+00:00,v0.13.2,activitywatch-linux-x86_64.AppImage,linux,34872
2026-08-18T18:33:22.807400+00:00,v0.13.2,activitywatch-v0.13.2-linux-x86_64.deb,linux,6147
2026-08-18T18:33:22.807400+00:00,v0.13.2,activitywatch-v0.13.2-linux-x86_64.zip,linux,95665
2026-08-18T18:33:22.807400+00:00,v0.13.2,activitywatch-v0.13.2-macos-x86_64.dmg,macos,133172
2026-08-18T18:33:22.807400+00:00,v0.13.2,activitywatch-v0.13.2-macos-x86_64.zip,macos,11660
2026-08-18T18:33:22.807400+00:00,v0.13.2,activitywatch-v0.13.2-windows-x86_64-setup.exe,windows,295089
2026-08-18T18:33:22.807400+00:00,v0.13.2,activitywatch-v0.13.2-windows-x86_64.zip,windows,28675
2026-08-18T18:33:22.807400+00:00,v0.14.0b1,activitywatch-v0.14.0b1-macos-arm64.dmg,macos,1238
2026-08-18T18:33:22.807400+00:00,v0.14.0b2,activitywatch-v0.14.0b2-windows-x86_64-setup.exe,windows,293
2026-08-18T18:33:22.807400+00:00,v0.14.0b3,activitywatch-tauri-v0.14.0b3-linux-x86_64.deb,linux,13
2026-08-18T18:33:22.807400+00:00,v0.14.0b3,activitywatch-tauri-v0.14.0b3-macos-arm64.dmg,macos,162
2026-08-18T18:33:22.807400+00:00,v0.14.0b3,activitywatch-v0.14.0b3-linux-x86_64.deb,linux,29
2026-08-18T18:33:22.807400+00:00,v0.14.0b3,activitywatch-v0.14.0b3-linux-x86_64.zip,linux,193
2026-08-18T18:33:22.807400+00:00,v0.14.0b3,activitywatch-v0.14.0b3-macos-arm64.dmg,macos,292
2026-08-18T18:33:22.807400+00:00,v0.14.0b3,activitywatch-v0.14.0b3-windows-x86_64-setup.exe,windows,843
2026-08-18T18:33:22.807400+00:00,v0.14.0b3,activitywatch-v0.14.0b3-windows-x86_64.zip,windows,56
2026-08-18T18:33:22.807400+00:00,v0.14.0b3-research,activitywatch-research-edition-v0.14.0b3-research-windows-x86_64-setup.exe,windows,31
2026-08-18T18:33:22.807400+00:00,v0.8.0b7,activitywatch-v0.8.0b7-macos-x86_64.zip,macos,1587
2026-08-19T01:04:31.711638+00:00,v0.11.0,activitywatch-v0.11.0-windows-x86_64-setup.exe,windows,38344
2026-08-19T01:04:31.711638+00:00,v0.12.0,activitywatch-v0.12.0-windows-x86_64-setup.exe,windows,8062
2026-08-19T01:04:31.711638+00:00,v0.12.2,activitywatch-v0.12.2-windows-x86_64-setup.exe,windows,57971
2026-08-19T01:04:31.711638+00:00,v0.13.0,activitywatch-v0.13.0-windows-x86_64-setup.exe,windows,3055
2026-08-19T01:04:31.711638+00:00,v0.13.1,activitywatch-v0.13.1-windows-x86_64-setup.exe,windows,25773
2026-08-19T01:04:31.711638+00:00,v0.13.2,activitywatch-linux-x86_64.AppImage,linux,34894
2026-08-19T01:04:31.711638+00:00,v0.13.2,activitywatch-v0.13.2-linux-x86_64.deb,linux,6171
2026-08-19T01:04:31.711638+00:00,v0.13.2,activitywatch-v0.13.2-linux-x86_64.zip,linux,95710
2026-08-19T01:04:31.711638+00:00,v0.13.2,activitywatch-v0.13.2-macos-x86_64.dmg,macos,133256
2026-08-19T01:04:31.711638+00:00,v0.13.2,activitywatch-v0.13.2-macos-x86_64.zip,macos,11664
2026-08-19T01:04:31.711638+00:00,v0.13.2,activitywatch-v0.13.2-windows-x86_64-setup.exe,windows,295278
2026-08-19T01:04:31.711638+00:00,v0.13.2,activitywatch-v0.13.2-windows-x86_64.zip,windows,28693
2026-08-19T01:04:31.711638+00:00,v0.14.0b3,activitywatch-tauri-v0.14.0b3-macos-arm64.dmg,macos,165
2026-08-19T01:04:31.711638+00:00,v0.14.0b3,activitywatch-v0.14.0b3-linux-x86_64.zip,linux,195
2026-08-19T01:04:31.711638+00:00,v0.14.0b3,activitywatch-v0.14.0b3-macos-arm64.dmg,macos,294
2026-08-19T01:04:31.711638+00:00,v0.14.0b3,activitywatch-v0.14.0b3-macos-arm64.zip,macos,32
2026-08-19T01:04:31.711638+00:00,v0.14.0b3,activitywatch-v0.14.0b3-macos-x86_64.dmg,macos,165
2026-08-19T01:04:31.711638+00:00,v0.14.0b3,activitywatch-v0.14.0b3-windows-x86_64-setup.exe,windows,849
2026-08-19T01:04:31.711638+00:00,v0.14.0b3-research,activitywatch-linux-x86_64-research-edition.AppImage,linux,16
2026-08-19T01:04:31.711638+00:00,v0.14.0b3-research,activitywatch-research-edition-v0.14.0b3-research-linux-x86_64.zip,linux,11
2026-08-19T01:04:31.711638+00:00,v0.14.0b3-research,activitywatch-research-edition-v0.14.0b3-research-macos-arm64.zip,macos,11
2026-08-19T01:04:31.711638+00:00,v0.14.0b3-research,activitywatch-research-edition-v0.14.0b3-research-macos-x86_64.zip,macos,6
2026-08-19T01:04:31.711638+00:00,v0.14.0b3-research,activitywatch-research-edition-v0.14.0b3-research-windows-x86_64-setup.exe,windows,33
2026-08-19T01:04:31.711638+00:00,v0.14.0b3-research,activitywatch-research-edition-v0.14.0b3-research-windows-x86_64.zip,windows,20
2026-08-19T01:04:31.711638+00:00,v0.14.0b3-research,activitywatch-tauri-research-edition-v0.14.0b3-research-linux-aarch64.zip,linux,6
2026-08-19T01:04:31.711638+00:00,v0.14.0b3-research,activitywatch-tauri-research-edition-v0.14.0b3-research-linux-x86_64.zip,linux,7
2026-08-19T01:04:31.711638+00:00,v0.14.0b3-research,activitywatch-tauri-research-edition-v0.14.0b3-research-macos-arm64.zip,macos,7
2026-08-19T01:04:31.711638+00:00,v0.14.0b3-research,activitywatch-tauri-research-edition-v0.14.0b3-research-macos-x86_64.zip,macos,7
2026-08-19T01:04:31.711638+00:00,v0.14.0b3-research,activitywatch-tauri-research-edition-v0.14.0b3-research-windows-x86_64-setup.exe,windows,12
2026-08-19T01:04:31.711638+00:00,v0.14.0b3-research,activitywatch-tauri-research-edition-v0.14.0b3-research-windows-x86_64.zip,windows,10
2026-08-19T06:38:28.208750+00:00,v0.11.0,activitywatch-v0.11.0-macos-x86_64.dmg,macos,9785
2026-08-19T06:38:28.208750+00:00,v0.12.3b18,activitywatch-v0.12.3b18-linux-x86_64.zip,linux,1915
2026-08-19T06:38:28.208750+00:00,v0.12.3b5,activitywatch-v0.12.3b5-linux-x86_64.zip,linux,383
2026-08-19T06:38:28.208750+00:00,v0.12.3b5,activitywatch-v0.12.3b5-macos-x86_64.dmg,macos,121
2026-08-19T06:38:28.208750+00:00,v0.12.3b5,activitywatch-v0.12.3b5-windows-x86_64-setup.exe,windows,381
2026-08-19T06:38:28.208750+00:00,v0.13.2,activitywatch-linux-x86_64.AppImage,linux,34914
2026-08-19T06:38:28.208750+00:00,v0.13.2,activitywatch-v0.13.2-linux-x86_64.deb,linux,6196
2026-08-19T06:38:28.208750+00:00,v0.13.2,activitywatch-v0.13.2-linux-x86_64.zip,linux,95742
2026-08-19T06:38:28.208750+00:00,v0.13.2,activitywatch-v0.13.2-macos-x86_64.dmg,macos,133334
2026-08-19T06:38:28.208750+00:00,v0.13.2,activitywatch-v0.13.2-macos-x86_64.zip,macos,11670
2026-08-19T06:38:28.208750+00:00,v0.13.2,activitywatch-v0.13.2-windows-x86_64-setup.exe,windows,295419
2026-08-19T06:38:28.208750+00:00,v0.13.2,activitywatch-v0.13.2-windows-x86_64.zip,windows,28708
2026-08-19T06:38:28.208750+00:00,v0.14.0b3,activitywatch-v0.14.0b3-linux-x86_64.zip,linux,196
2026-08-19T06:38:28.208750+00:00,v0.14.0b3,activitywatch-v0.14.0b3-macos-arm64.dmg,macos,297
2026-08-19T06:38:28.208750+00:00,v0.14.0b3,activitywatch-v0.14.0b3-windows-x86_64-setup.exe,windows,857
2026-08-19T06:38:28.208750+00:00,v0.14.0b3-research,activitywatch-linux-x86_64-research-edition.AppImage,linux,17
2026-08-19T06:38:28.208750+00:00,v0.14.0b3-research,activitywatch-research-edition-v0.14.0b3-research-windows-x86_64-setup.exe,windows,37
2026-08-19T06:38:28.208750+00:00,v0.14.0b3-research,activitywatch-research-edition-v0.14.0b3-research-windows-x86_64.zip,windows,22
2026-08-19T12:39:34.320707+00:00,v0.12.0,activitywatch-v0.12.0-linux-x86_64.zip,linux,3169
2026-08-19T12:39:34.320707+00:00,v0.12.0,activitywatch-v0.12.0-macos-x86_64.dmg,macos,1753
2026-08-19T12:39:34.320707+00:00,v0.12.0,activitywatch-v0.12.0-macos-x86_64.zip,macos,309
2026-08-19T12:39:34.320707+00:00,v0.12.0,activitywatch-v0.12.0-windows-x86_64-setup.exe,windows,8063
2026-08-19T12:39:34.320707+00:00,v0.12.0,activitywatch-v0.12.0-windows-x86_64.zip,windows,2141
2026-08-19T12:39:34.320707+00:00,v0.12.1,activitywatch-v0.12.1-windows-x86_64-setup.exe,windows,23245
2026-08-19T12:39:34.320707+00:00,v0.12.2,activitywatch-v0.12.2-linux-x86_64.zip,linux,31637
2026-08-19T12:39:34.320707+00:00,v0.12.3b18,activitywatch-v0.12.3b18-linux-x86_64.zip,linux,1917
2026-08-19T12:39:34.320707+00:00,v0.12.3b19,activitywatch-v0.12.3b19-linux-x86_64.zip,linux,294
2026-08-19T12:39:34.320707+00:00,v0.13.2,activitywatch-linux-x86_64.AppImage,linux,34942
2026-08-19T12:39:34.320707+00:00,v0.13.2,activitywatch-v0.13.2-linux-x86_64.deb,linux,6227
2026-08-19T12:39:34.320707+00:00,v0.13.2,activitywatch-v0.13.2-linux-x86_64.zip,linux,95791
2026-08-19T12:39:34.320707+00:00,v0.13.2,activitywatch-v0.13.2-macos-x86_64.dmg,macos,133433
2026-08-19T12:39:34.320707+00:00,v0.13.2,activitywatch-v0.13.2-macos-x86_64.zip,macos,11673
2026-08-19T12:39:34.320707+00:00,v0.13.2,activitywatch-v0.13.2-windows-x86_64-setup.exe,windows,295619
2026-08-19T12:39:34.320707+00:00,v0.13.2,activitywatch-v0.13.2-windows-x86_64.zip,windows,28729
2026-08-19T12:39:34.320707+00:00,v0.14.0b3,activitywatch-tauri-v0.14.0b3-macos-arm64.dmg,macos,168
2026-08-19T12:39:34.320707+00:00,v0.14.0b3,activitywatch-v0.14.0b3-linux-x86_64.deb,linux,30
2026-08-19T12:39:34.320707+00:00,v0.14.0b3,activitywatch-v0.14.0b3-linux-x86_64.zip,linux,198
2026-08-19T12:39:34.320707+00:00,v0.14.0b3,activitywatch-v0.14.0b3-macos-arm64.dmg,macos,304
2026-08-19T12:39:34.320707+00:00,v0.14.0b3,activitywatch-v0.14.0b3-macos-x86_64.dmg,macos,167
2026-08-19T12:39:34.320707+00:00,v0.14.0b3,activitywatch-v0.14.0b3-windows-x86_64-setup.exe,windows,870
2026-08-19T12:39:34.320707+00:00,v0.14.0b3-research,activitywatch-research-edition-v0.14.0b3-research-linux-x86_64.zip,linux,12
2026-08-19T12:39:34.320707+00:00,v0.14.0b3-research,activitywatch-research-edition-v0.14.0b3-research-macos-arm64.zip,macos,12
2026-08-19T12:39:34.320707+00:00,v0.14.0b3-research,activitywatch-research-edition-v0.14.0b3-research-windows-x86_64-setup.exe,windows,38
2026-08-19T12:39:34.320707+00:00,v0.14.0b3-research,activitywatch-tauri-research-edition-v0.14.0b3-research-linux-x86_64.zip,linux,8
2026-08-19T12:39:34.320707+00:00,v0.14.0b3-research,activitywatch-tauri-v0.14.0b3-research-linux-aarch64-research-edition.AppImage,linux,6
2026-08-19T12:39:34.320707+00:00,v0.14.0b3-research,activitywatch-tauri-v0.14.0b3-research-linux-x86_64-research-edition.AppImage,linux,10
2026-08-19T12:39:34.320707+00:00,v0.8.0b7,activitywatch-v0.8.0b7-macos-x86_64.zip,macos,1599
2026-08-19T18:30:17.234420+00:00,v0.11.0,activitywatch-v0.11.0-windows-x86_64-setup.exe,windows,38345
2026-08-19T18:30:17.234420+00:00,v0.12.0,activitywatch-v0.12.0-windows-x86_64-setup.exe,windows,8065
2026-08-19T18:30:17.234420+00:00,v0.12.2,activitywatch-v0.12.2-windows-x86_64-setup.exe,windows,57973
2026-08-19T18:30:17.234420+00:00,v0.12.3b10,activitywatch-linux-x86_64.AppImage,linux,110
2026-08-19T18:30:17.234420+00:00,v0.13.0,activitywatch-v0.13.0-windows-x86_64-setup.exe,windows,3057
2026-08-19T18:30:17.234420+00:00,v0.13.1,activitywatch-v0.13.1-windows-x86_64-setup.exe,windows,25775
2026-08-19T18:30:17.234420+00:00,v0.13.2,activitywatch-linux-x86_64.AppImage,linux,34965
2026-08-19T18:30:17.234420+00:00,v0.13.2,activitywatch-v0.13.2-linux-x86_64.deb,linux,6252
2026-08-19T18:30:17.234420+00:00,v0.13.2,activitywatch-v0.13.2-linux-x86_64.zip,linux,95838
2026-08-19T18:30:17.234420+00:00,v0.13.2,activitywatch-v0.13.2-macos-x86_64.dmg,macos,133532
2026-08-19T18:30:17.234420+00:00,v0.13.2,activitywatch-v0.13.2-macos-x86_64.zip,macos,11676
2026-08-19T18:30:17.234420+00:00,v0.13.2,activitywatch-v0.13.2-windows-x86_64-setup.exe,windows,295866
2026-08-19T18:30:17.234420+00:00,v0.13.2,activitywatch-v0.13.2-windows-x86_64.zip,windows,28749
2026-08-19T18:30:17.234420+00:00,v0.14.0b1,activitywatch-tauri-v0.14.0b1-macos-arm64.dmg,macos,262
2026-08-19T18:30:17.234420+00:00,v0.14.0b1,activitywatch-tauri-v0.14.0b1-macos-arm64.zip,macos,25
2026-08-19T18:30:17.234420+00:00,v0.14.0b1,activitywatch-v0.14.0b1-macos-arm64.dmg,macos,1239
2026-08-19T18:30:17.234420+00:00,v0.14.0b3,activitywatch-tauri-v0.14.0b3-linux-aarch64.deb,linux,6
2026-08-19T18:30:17.234420+00:00,v0.14.0b3,activitywatch-tauri-v0.14.0b3-linux-x86_64.deb,linux,14
2026-08-19T18:30:17.234420+00:00,v0.14.0b3,activitywatch-tauri-v0.14.0b3-macos-arm64.dmg,macos,175
2026-08-19T18:30:17.234420+00:00,v0.14.0b3,activitywatch-tauri-v0.14.0b3-macos-arm64.zip,macos,15
2026-08-19T18:30:17.234420+00:00,v0.14.0b3,activitywatch-v0.14.0b3-linux-x86_64.deb,linux,32
2026-08-19T18:30:17.234420+00:00,v0.14.0b3,activitywatch-v0.14.0b3-linux-x86_64.zip,linux,202
2026-08-19T18:30:17.234420+00:00,v0.14.0b3,activitywatch-v0.14.0b3-macos-arm64.dmg,macos,309
2026-08-19T18:30:17.234420+00:00,v0.14.0b3,activitywatch-v0.14.0b3-macos-arm64.zip,macos,34
2026-08-19T18:30:17.234420+00:00,v0.14.0b3,activitywatch-v0.14.0b3-windows-x86_64-setup.exe,windows,880
2026-08-19T18:30:17.234420+00:00,v0.14.0b3,activitywatch-v0.14.0b3-windows-x86_64.zip,windows,58
2026-08-20T01:04:01.125819+00:00,v0.11.0,activitywatch-v0.11.0-windows-x86_64-setup.exe,windows,38346
2026-08-20T01:04:01.125819+00:00,v0.12.0,activitywatch-v0.12.0-windows-x86_64-setup.exe,windows,8066
2026-08-20T01:04:01.125819+00:00,v0.12.2,activitywatch-v0.12.2-linux-x86_64.zip,linux,31638
2026-08-20T01:04:01.125819+00:00,v0.12.2,activitywatch-v0.12.2-windows-x86_64-setup.exe,windows,57974
2026-08-20T01:04:01.125819+00:00,v0.12.3b18,activitywatch-v0.12.3b18-linux-x86_64.zip,linux,1925
2026-08-20T01:04:01.125819+00:00,v0.13.0,activitywatch-v0.13.0-windows-x86_64-setup.exe,windows,3058
2026-08-20T01:04:01.125819+00:00,v0.13.1,activitywatch-v0.13.1-linux-x86_64.zip,linux,10910
2026-08-20T01:04:01.125819+00:00,v0.13.1,activitywatch-v0.13.1-windows-x86_64-setup.exe,windows,25776
2026-08-20T01:04:01.125819+00:00,v0.13.2,activitywatch-linux-x86_64.AppImage,linux,34988
2026-08-20T01:04:01.125819+00:00,v0.13.2,activitywatch-v0.13.2-linux-x86_64.deb,linux,6284
2026-08-20T01:04:01.125819+00:00,v0.13.2,activitywatch-v0.13.2-linux-x86_64.zip,linux,95887
2026-08-20T01:04:01.125819+00:00,v0.13.2,activitywatch-v0.13.2-macos-x86_64.dmg,macos,133605
2026-08-20T01:04:01.125819+00:00,v0.13.2,activitywatch-v0.13.2-macos-x86_64.zip,macos,11679
2026-08-20T01:04:01.125819+00:00,v0.13.2,activitywatch-v0.13.2-windows-x86_64-setup.exe,windows,296048
2026-08-20T01:04:01.125819+00:00,v0.13.2,activitywatch-v0.13.2-windows-x86_64.zip,windows,28767
2026-08-20T01:04:01.125819+00:00,v0.14.0b3,activitywatch-linux-x86_64.AppImage,linux,38
2026-08-20T01:04:01.125819+00:00,v0.14.0b3,activitywatch-tauri-v0.14.0b3-macos-arm64.dmg,macos,177
2026-08-20T01:04:01.125819+00:00,v0.14.0b3,activitywatch-v0.14.0b3-linux-x86_64.deb,linux,33
2026-08-20T01:04:01.125819+00:00,v0.14.0b3,activitywatch-v0.14.0b3-linux-x86_64.zip,linux,208
2026-08-20T01:04:01.125819+00:00,v0.14.0b3,activitywatch-v0.14.0b3-macos-arm64.dmg,macos,315
2026-08-20T01:04:01.125819+00:00,v0.14.0b3,activitywatch-v0.14.0b3-macos-x86_64.dmg,macos,169
2026-08-20T01:04:01.125819+00:00,v0.14.0b3,activitywatch-v0.14.0b3-windows-x86_64-setup.exe,windows,889
2026-08-20T06:39:39.890645+00:00,v0.11.0,activitywatch-v0.11.0-macos-x86_64.dmg,macos,9790
2026-08-20T06:39:39.890645+00:00,v0.11.0,activitywatch-v0.11.0-windows-x86_64-setup.exe,windows,38347
2026-08-20T06:39:39.890645+00:00,v0.12.0,activitywatch-v0.12.0-windows-x86_64-setup.exe,windows,8067
2026-08-20T06:39:39.890645+00:00,v0.12.2,activitywatch-v0.12.2-windows-x86_64-setup.exe,windows,57975
2026-08-20T06:39:39.890645+00:00,v0.12.3b18,activitywatch-v0.12.3b18-linux-x86_64.zip,linux,1929
2026-08-20T06:39:39.890645+00:00,v0.13.0,activitywatch-v0.13.0-windows-x86_64-setup.exe,windows,3059
2026-08-20T06:39:39.890645+00:00,v0.13.1,activitywatch-v0.13.1-macos-x86_64.dmg,macos,7907
2026-08-20T06:39:39.890645+00:00,v0.13.1,activitywatch-v0.13.1-windows-x86_64-setup.exe,windows,25777
2026-08-20T06:39:39.890645+00:00,v0.13.2,activitywatch-linux-x86_64.AppImage,linux,35011
2026-08-20T06:39:39.890645+00:00,v0.13.2,activitywatch-v0.13.2-linux-x86_64.deb,linux,6304
2026-08-20T06:39:39.890645+00:00,v0.13.2,activitywatch-v0.13.2-linux-x86_64.zip,linux,95920
2026-08-20T06:39:39.890645+00:00,v0.13.2,activitywatch-v0.13.2-macos-x86_64.dmg,macos,133681
2026-08-20T06:39:39.890645+00:00,v0.13.2,activitywatch-v0.13.2-macos-x86_64.zip,macos,11685
2026-08-20T06:39:39.890645+00:00,v0.13.2,activitywatch-v0.13.2-windows-x86_64-setup.exe,windows,296188
2026-08-20T06:39:39.890645+00:00,v0.13.2,activitywatch-v0.13.2-windows-x86_64.zip,windows,28774
2026-08-20T06:39:39.890645+00:00,v0.14.0b2,activitywatch-v0.14.0b2-linux-x86_64.zip,linux,98
2026-08-20T06:39:39.890645+00:00,v0.14.0b3,activitywatch-linux-x86_64.AppImage,linux,39
2026-08-20T06:39:39.890645+00:00,v0.14.0b3,activitywatch-v0.14.0b3-linux-x86_64.zip,linux,217
2026-08-20T06:39:39.890645+00:00,v0.14.0b3,activitywatch-v0.14.0b3-macos-x86_64.dmg,macos,171
2026-08-20T06:39:39.890645+00:00,v0.14.0b3,activitywatch-v0.14.0b3-windows-x86_64-setup.exe,windows,900
2026-08-20T06:39:39.890645+00:00,v0.14.0b3-research,activitywatch-research-edition-v0.14.0b3-research-windows-x86_64-setup.exe,windows,39
2026-08-20T06:39:39.890645+00:00,v0.14.0b3-research,activitywatch-tauri-research-edition-v0.14.0b3-research-windows-x86_64.zip,windows,11
2026-08-20T06:39:39.890645+00:00,v0.8.0b7,activitywatch-v0.8.0b7-macos-x86_64.zip,macos,1611
2026-08-20T12:41:41.333932+00:00,v0.12.2,activitywatch-v0.12.2-windows-x86_64-setup.exe,windows,57976
2026-08-20T12:41:41.333932+00:00,v0.13.2,activitywatch-linux-x86_64.AppImage,linux,35037
2026-08-20T12:41:41.333932+00:00,v0.13.2,activitywatch-v0.13.2-linux-x86_64.deb,linux,6338
2026-08-20T12:41:41.333932+00:00,v0.13.2,activitywatch-v0.13.2-linux-x86_64.zip,linux,95983
2026-08-20T12:41:41.333932+00:00,v0.13.2,activitywatch-v0.13.2-macos-x86_64.dmg,macos,133792
2026-08-20T12:41:41.333932+00:00,v0.13.2,activitywatch-v0.13.2-macos-x86_64.zip,macos,11691
2026-08-20T12:41:41.333932+00:00,v0.13.2,activitywatch-v0.13.2-windows-x86_64-setup.exe,windows,296390
2026-08-20T12:41:41.333932+00:00,v0.13.2,activitywatch-v0.13.2-windows-x86_64.zip,windows,28790
2026-08-20T12:41:41.333932+00:00,v0.14.0b3,activitywatch-tauri-v0.14.0b3-macos-arm64.dmg,macos,179
2026-08-20T12:41:41.333932+00:00,v0.14.0b3,activitywatch-v0.14.0b3-linux-x86_64.zip,linux,219
2026-08-20T12:41:41.333932+00:00,v0.14.0b3,activitywatch-v0.14.0b3-macos-arm64.dmg,macos,323
2026-08-20T12:41:41.333932+00:00,v0.14.0b3,activitywatch-v0.14.0b3-macos-arm64.zip,macos,37
2026-08-20T12:41:41.333932+00:00,v0.14.0b3,activitywatch-v0.14.0b3-macos-x86_64.dmg,macos,173
2026-08-20T12:41:41.333932+00:00,v0.14.0b3,activitywatch-v0.14.0b3-windows-x86_64-setup.exe,windows,907
2026-08-20T12:41:41.333932+00:00,v0.14.0b4,activitywatch-linux-x86_64.AppImage,linux,1
2026-08-20T12:41:41.333932+00:00,v0.14.0b4,activitywatch-tauri-v0.14.0b4-linux-aarch64.AppImage,linux,1
2026-08-20T12:41:41.333932+00:00,v0.14.0b4,activitywatch-tauri-v0.14.0b4-linux-aarch64.deb,linux,1
2026-08-20T12:41:41.333932+00:00,v0.14.0b4,activitywatch-tauri-v0.14.0b4-linux-aarch64.rpm,linux,1
2026-08-20T12:41:41.333932+00:00,v0.14.0b4,activitywatch-tauri-v0.14.0b4-linux-aarch64.zip,linux,1
2026-08-20T12:41:41.333932+00:00,v0.14.0b4,activitywatch-tauri-v0.14.0b4-linux-x86_64.AppImage,linux,1
2026-08-20T12:41:41.333932+00:00,v0.14.0b4,activitywatch-tauri-v0.14.0b4-linux-x86_64.deb,linux,1
2026-08-20T12:41:41.333932+00:00,v0.14.0b4,activitywatch-tauri-v0.14.0b4-linux-x86_64.rpm,linux,1
2026-08-20T12:41:41.333932+00:00,v0.14.0b4,activitywatch-tauri-v0.14.0b4-linux-x86_64.zip,linux,1
2026-08-20T12:41:41.333932+00:00,v0.14.0b4,activitywatch-tauri-v0.14.0b4-macos-arm64.dmg,macos,1
2026-08-20T12:41:41.333932+00:00,v0.14.0b4,activitywatch-tauri-v0.14.0b4-macos-arm64.zip,macos,1
2026-08-20T12:41:41.333932+00:00,v0.14.0b4,activitywatch-tauri-v0.14.0b4-macos-x86_64.dmg,macos,1
2026-08-20T12:41:41.333932+00:00,v0.14.0b4,activitywatch-tauri-v0.14.0b4-macos-x86_64.zip,macos,1
2026-08-20T12:41:41.333932+00:00,v0.14.0b4,activitywatch-tauri-v0.14.0b4-windows-x86_64-setup.exe,windows,1
2026-08-20T12:41:41.333932+00:00,v0.14.0b4,activitywatch-tauri-v0.14.0b4-windows-x86_64.zip,windows,1
2026-08-20T12:41:41.333932+00:00,v0.14.0b4,activitywatch-v0.14.0b4-linux-x86_64.deb,linux,1
2026-08-20T12:41:41.333932+00:00,v0.14.0b4,activitywatch-v0.14.0b4-linux-x86_64.zip,linux,7
2026-08-20T12:41:41.333932+00:00,v0.14.0b4,activitywatch-v0.14.0b4-macos-arm64.dmg,macos,1
2026-08-20T12:41:41.333932+00:00,v0.14.0b4,activitywatch-v0.14.0b4-macos-arm64.zip,macos,1
2026-08-20T12:41:41.333932+00:00,v0.14.0b4,activitywatch-v0.14.0b4-macos-x86_64.dmg,macos,4
2026-08-20T12:41:41.333932+00:00,v0.14.0b4,activitywatch-v0.14.0b4-macos-x86_64.zip,macos,1
2026-08-20T12:41:41.333932+00:00,v0.14.0b4,activitywatch-v0.14.0b4-windows-x86_64-setup.exe,windows,7
2026-08-20T12:41:41.333932+00:00,v0.14.0b4,activitywatch-v0.14.0b4-windows-x86_64.zip,windows,1
2026-08-20T12:41:41.333932+00:00,v0.8.0b7,activitywatch-v0.8.0b7-macos-x86_64.zip,macos,1623
2026-08-20T18:34:13.173681+00:00,v0.12.2,activitywatch-v0.12.2-macos-x86_64.dmg,macos,22550
2026-08-20T18:34:13.173681+00:00,v0.12.2,activitywatch-v0.12.2-windows-x86_64.zip,windows,12017
2026-08-20T18:34:13.173681+00:00,v0.12.3b18,activitywatch-v0.12.3b18-linux-x86_64.zip,linux,1935
2026-08-20T18:34:13.173681+00:00,v0.13.2,activitywatch-linux-x86_64.AppImage,linux,35063
2026-08-20T18:34:13.173681+00:00,v0.13.2,activitywatch-v0.13.2-linux-x86_64.deb,linux,6371
2026-08-20T18:34:13.173681+00:00,v0.13.2,activitywatch-v0.13.2-linux-x86_64.zip,linux,96012
2026-08-20T18:34:13.173681+00:00,v0.13.2,activitywatch-v0.13.2-macos-x86_64.dmg,macos,133907
2026-08-20T18:34:13.173681+00:00,v0.13.2,activitywatch-v0.13.2-macos-x86_64.zip,macos,11695
2026-08-20T18:34:13.173681+00:00,v0.13.2,activitywatch-v0.13.2-windows-x86_64-setup.exe,windows,296637
2026-08-20T18:34:13.173681+00:00,v0.13.2,activitywatch-v0.13.2-windows-x86_64.zip,windows,28804
2026-08-20T18:34:13.173681+00:00,v0.14.0b3,activitywatch-tauri-v0.14.0b3-macos-arm64.dmg,macos,180
2026-08-20T18:34:13.173681+00:00,v0.14.0b3,activitywatch-v0.14.0b3-macos-arm64.dmg,macos,327
2026-08-20T18:34:13.173681+00:00,v0.14.0b3,activitywatch-v0.14.0b3-windows-x86_64-setup.exe,windows,910
2026-08-20T18:34:13.173681+00:00,v0.14.0b3-research,activitywatch-research-edition-v0.14.0b3-research-windows-x86_64-setup.exe,windows,40
2026-08-20T18:34:13.173681+00:00,v0.14.0b3-research,activitywatch-v0.14.0b3-research-macos-arm64-research-edition.dmg,macos,19
2026-08-20T18:34:13.173681+00:00,v0.14.0b3-research,activitywatch-v0.14.0b3-research-macos-x86_64-research-edition.dmg,macos,8
2026-08-20T18:34:13.173681+00:00,v0.14.0b4,activitywatch-tauri-v0.14.0b4-macos-arm64.dmg,macos,17
2026-08-20T18:34:13.173681+00:00,v0.14.0b4,activitywatch-v0.14.0b4-linux-x86_64.deb,linux,2
2026-08-20T18:34:13.173681+00:00,v0.14.0b4,activitywatch-v0.14.0b4-linux-x86_64.zip,linux,8
2026-08-20T18:34:13.173681+00:00,v0.14.0b4,activitywatch-v0.14.0b4-macos-arm64.dmg,macos,4
2026-08-20T18:34:13.173681+00:00,v0.14.0b4,activitywatch-v0.14.0b4-macos-x86_64.dmg,macos,16
2026-08-20T18:34:13.173681+00:00,v0.14.0b4,activitywatch-v0.14.0b4-windows-x86_64-setup.exe,windows,14
2026-08-20T18:34:13.173681+00:00,v0.14.0b4,activitywatch-v0.14.0b4-windows-x86_64.zip,windows,2
2026-08-20T18:34:13.173681+00:00,v0.14.0b4-research,activitywatch-research-linux-x86_64.AppImage,linux,1
2026-08-20T18:34:13.173681+00:00,v0.14.0b4-research,activitywatch-research-v0.14.0b4-linux-x86_64.deb,linux,2
2026-08-20T18:34:13.173681+00:00,v0.14.0b4-research,activitywatch-research-v0.14.0b4-linux-x86_64.zip,linux,4
2026-08-20T18:34:13.173681+00:00,v0.14.0b4-research,activitywatch-research-v0.14.0b4-macos-arm64.dmg,macos,1
2026-08-20T18:34:13.173681+00:00,v0.14.0b4-research,activitywatch-research-v0.14.0b4-macos-arm64.zip,macos,3
2026-08-20T18:34:13.173681+00:00,v0.14.0b4-research,activitywatch-research-v0.14.0b4-macos-x86_64.dmg,macos,2
2026-08-20T18:34:13.173681+00:00,v0.14.0b4-research,activitywatch-research-v0.14.0b4-macos-x86_64.zip,macos,2
2026-08-20T18:34:13.173681+00:00,v0.14.0b4-research,activitywatch-research-v0.14.0b4-windows-x86_64-setup.exe,windows,4
2026-08-20T18:34:13.173681+00:00,v0.14.0b4-research,activitywatch-research-v0.14.0b4-windows-x86_64.zip,windows,3
2026-08-20T18:34:13.173681+00:00,v0.14.0b4-research,activitywatch-tauri-research-v0.14.0b4-linux-aarch64.AppImage,linux,1
2026-08-20T18:34:13.173681+00:00,v0.14.0b4-research,activitywatch-tauri-research-v0.14.0b4-linux-aarch64.deb,linux,1
2026-08-20T18:34:13.173681+00:00,v0.14.0b4-research,activitywatch-tauri-research-v0.14.0b4-linux-aarch64.rpm,linux,1
2026-08-20T18:34:13.173681+00:00,v0.14.0b4-research,activitywatch-tauri-research-v0.14.0b4-linux-aarch64.zip,linux,1
2026-08-20T18:34:13.173681+00:00,v0.14.0b4-research,activitywatch-tauri-research-v0.14.0b4-linux-x86_64.AppImage,linux,2
2026-08-20T18:34:13.173681+00:00,v0.14.0b4-research,activitywatch-tauri-research-v0.14.0b4-linux-x86_64.deb,linux,1
2026-08-20T18:34:13.173681+00:00,v0.14.0b4-research,activitywatch-tauri-research-v0.14.0b4-linux-x86_64.rpm,linux,1
2026-08-20T18:34:13.173681+00:00,v0.14.0b4-research,activitywatch-tauri-research-v0.14.0b4-linux-x86_64.zip,linux,1
2026-08-20T18:34:13.173681+00:00,v0.14.0b4-research,activitywatch-tauri-research-v0.14.0b4-macos-arm64.dmg,macos,1
2026-08-20T18:34:13.173681+00:00,v0.14.0b4-research,activitywatch-tauri-research-v0.14.0b4-macos-arm64.zip,macos,1
2026-08-20T18:34:13.173681+00:00,v0.14.0b4-research,activitywatch-tauri-research-v0.14.0b4-macos-x86_64.dmg,macos,1
2026-08-20T18:34:13.173681+00:00,v0.14.0b4-research,activitywatch-tauri-research-v0.14.0b4-macos-x86_64.zip,macos,1
2026-08-20T18:34:13.173681+00:00,v0.14.0b4-research,activitywatch-tauri-research-v0.14.0b4-windows-x86_64-setup.exe,windows,1
2026-08-20T18:34:13.173681+00:00,v0.14.0b4-research,activitywatch-tauri-research-v0.14.0b4-windows-x86_64.zip,windows,1
2026-08-20T18:34:13.173681+00:00,v0.8.0b7,activitywatch-v0.8.0b7-macos-x86_64.zip,macos,1634
2026-08-21T01:07:12.998483+00:00,v0.11.0,activitywatch-v0.11.0-windows-x86_64-setup.exe,windows,38348
2026-08-21T01:07:12.998483+00:00,v0.12.0,activitywatch-v0.12.0-windows-x86_64-setup.exe,windows,8068
2026-08-21T01:07:12.998483+00:00,v0.12.0b2,activitywatch-v0.12.0b2-linux-x86_64.zip,linux,824
2026-08-21T01:07:12.998483+00:00,v0.12.2,activitywatch-v0.12.2-windows-x86_64-setup.exe,windows,57977
2026-08-21T01:07:12.998483+00:00,v0.13.0,activitywatch-v0.13.0-windows-x86_64-setup.exe,windows,3060
2026-08-21T01:07:12.998483+00:00,v0.13.1,activitywatch-v0.13.1-windows-x86_64-setup.exe,windows,25778
2026-08-21T01:07:12.998483+00:00,v0.13.2,activitywatch-linux-x86_64.AppImage,linux,35091
2026-08-21T01:07:12.998483+00:00,v0.13.2,activitywatch-v0.13.2-linux-x86_64.deb,linux,6397
2026-08-21T01:07:12.998483+00:00,v0.13.2,activitywatch-v0.13.2-linux-x86_64.zip,linux,96052
2026-08-21T01:07:12.998483+00:00,v0.13.2,activitywatch-v0.13.2-macos-x86_64.dmg,macos,133985
2026-08-21T01:07:12.998483+00:00,v0.13.2,activitywatch-v0.13.2-macos-x86_64.zip,macos,11699
2026-08-21T01:07:12.998483+00:00,v0.13.2,activitywatch-v0.13.2-windows-x86_64-setup.exe,windows,296761
2026-08-21T01:07:12.998483+00:00,v0.13.2,activitywatch-v0.13.2-windows-x86_64.zip,windows,28814
2026-08-21T01:07:12.998483+00:00,v0.14.0b3,activitywatch-tauri-v0.14.0b3-windows-x86_64-setup.exe,windows,37
2026-08-21T01:07:12.998483+00:00,v0.14.0b3,activitywatch-v0.14.0b3-macos-arm64.dmg,macos,331
2026-08-21T01:07:12.998483+00:00,v0.14.0b3,activitywatch-v0.14.0b3-windows-x86_64-setup.exe,windows,914
2026-08-21T01:07:12.998483+00:00,v0.14.0b3,activitywatch-v0.14.0b3-windows-x86_64.zip,windows,59
2026-08-21T01:07:12.998483+00:00,v0.14.0b4,activitywatch-linux-x86_64.AppImage,linux,2
2026-08-21T01:07:12.998483+00:00,v0.14.0b4,activitywatch-tauri-v0.14.0b4-macos-arm64.dmg,macos,26
2026-08-21T01:07:12.998483+00:00,v0.14.0b4,activitywatch-tauri-v0.14.0b4-windows-x86_64-setup.exe,windows,2
2026-08-21T01:07:12.998483+00:00,v0.14.0b4,activitywatch-v0.14.0b4-macos-arm64.dmg,macos,6
2026-08-21T01:07:12.998483+00:00,v0.14.0b4,activitywatch-v0.14.0b4-macos-x86_64.dmg,macos,23
2026-08-21T01:07:12.998483+00:00,v0.14.0b4,activitywatch-v0.14.0b4-windows-x86_64-setup.exe,windows,19
2026-08-21T01:07:12.998483+00:00,v0.14.0b4-research,activitywatch-research-linux-x86_64.AppImage,linux,2
2026-08-21T01:07:12.998483+00:00,v0.14.0b4-research,activitywatch-research-v0.14.0b4-linux-x86_64.zip,linux,6
2026-08-21T01:07:12.998483+00:00,v0.14.0b4-research,activitywatch-tauri-research-v0.14.0b4-linux-x86_64.AppImage,linux,3
2026-08-21T06:40:19.885704+00:00,v0.10.0,activitywatch-v0.10.0-macos-x86_64.dmg,macos,5943
2026-08-21T06:40:19.885704+00:00,v0.12.2,activitywatch-v0.12.2-windows-x86_64.zip,windows,12022
2026-08-21T06:40:19.885704+00:00,v0.12.3b18,activitywatch-v0.12.3b18-linux-x86_64.zip,linux,1941
2026-08-21T06:40:19.885704+00:00,v0.13.2,activitywatch-linux-x86_64.AppImage,linux,35115
2026-08-21T06:40:19.885704+00:00,v0.13.2,activitywatch-v0.13.2-linux-x86_64.deb,linux,6422
2026-08-21T06:40:19.885704+00:00,v0.13.2,activitywatch-v0.13.2-linux-x86_64.zip,linux,96085
2026-08-21T06:40:19.885704+00:00,v0.13.2,activitywatch-v0.13.2-macos-x86_64.dmg,macos,134065
2026-08-21T06:40:19.885704+00:00,v0.13.2,activitywatch-v0.13.2-macos-x86_64.zip,macos,11704
2026-08-21T06:40:19.885704+00:00,v0.13.2,activitywatch-v0.13.2-windows-x86_64-setup.exe,windows,296891
2026-08-21T06:40:19.885704+00:00,v0.13.2,activitywatch-v0.13.2-windows-x86_64.zip,windows,28828
2026-08-21T06:40:19.885704+00:00,v0.14.0b3,activitywatch-v0.14.0b3-macos-arm64.dmg,macos,332
2026-08-21T06:40:19.885704+00:00,v0.14.0b4,activitywatch-tauri-v0.14.0b4-linux-x86_64.zip,linux,2
2026-08-21T06:40:19.885704+00:00,v0.14.0b4,activitywatch-tauri-v0.14.0b4-macos-arm64.dmg,macos,28
2026-08-21T06:40:19.885704+00:00,v0.14.0b4,activitywatch-v0.14.0b4-linux-x86_64.zip,linux,9
2026-08-21T06:40:19.885704+00:00,v0.14.0b4,activitywatch-v0.14.0b4-macos-arm64.dmg,macos,7
2026-08-21T06:40:19.885704+00:00,v0.14.0b4,activitywatch-v0.14.0b4-macos-x86_64.dmg,macos,28
2026-08-21T06:40:19.885704+00:00,v0.14.0b4,activitywatch-v0.14.0b4-windows-x86_64-setup.exe,windows,25
2026-08-21T06:40:19.885704+00:00,v0.14.0b4-research,activitywatch-research-v0.14.0b4-windows-x86_64-setup.exe,windows,11
2026-08-21T12:39:59.307260+00:00,v0.10.0,activitywatch-v0.10.0-windows-x86_64-setup.exe,windows,15300
2026-08-21T12:39:59.307260+00:00,v0.12.0,activitywatch-v0.12.0-windows-x86_64-setup.exe,windows,8069
2026-08-21T12:39:59.307260+00:00,v0.12.1,activitywatch-v0.12.1-windows-x86_64-setup.exe,windows,23258
2026-08-21T12:39:59.307260+00:00,v0.12.2,activitywatch-v0.12.2-windows-x86_64-setup.exe,windows,57979
2026-08-21T12:39:59.307260+00:00,v0.12.3b8,activitywatch-v0.12.3b8-windows-x86_64-setup.exe,windows,443
2026-08-21T12:39:59.307260+00:00,v0.13.1,activitywatch-v0.13.1-windows-x86_64-setup.exe,windows,25780
2026-08-21T12:39:59.307260+00:00,v0.13.2,activitywatch-linux-x86_64.AppImage,linux,35146
2026-08-21T12:39:59.307260+00:00,v0.13.2,activitywatch-v0.13.2-linux-x86_64.deb,linux,6453
2026-08-21T12:39:59.307260+00:00,v0.13.2,activitywatch-v0.13.2-linux-x86_64.zip,linux,96151
2026-08-21T12:39:59.307260+00:00,v0.13.2,activitywatch-v0.13.2-macos-x86_64.dmg,macos,134168
2026-08-21T12:39:59.307260+00:00,v0.13.2,activitywatch-v0.13.2-macos-x86_64.zip,macos,11708
2026-08-21T12:39:59.307260+00:00,v0.13.2,activitywatch-v0.13.2-windows-x86_64-setup.exe,windows,297089
2026-08-21T12:39:59.307260+00:00,v0.13.2,activitywatch-v0.13.2-windows-x86_64.zip,windows,28843
2026-08-21T12:39:59.307260+00:00,v0.14.0b4,activitywatch-linux-x86_64.AppImage,linux,4
2026-08-21T12:39:59.307260+00:00,v0.14.0b4,activitywatch-tauri-v0.14.0b4-linux-aarch64.AppImage,linux,2
2026-08-21T12:39:59.307260+00:00,v0.14.0b4,activitywatch-tauri-v0.14.0b4-linux-aarch64.deb,linux,2
2026-08-21T12:39:59.307260+00:00,v0.14.0b4,activitywatch-tauri-v0.14.0b4-linux-aarch64.rpm,linux,2
2026-08-21T12:39:59.307260+00:00,v0.14.0b4,activitywatch-tauri-v0.14.0b4-linux-aarch64.zip,linux,2
2026-08-21T12:39:59.307260+00:00,v0.14.0b4,activitywatch-tauri-v0.14.0b4-linux-x86_64.AppImage,linux,2
2026-08-21T12:39:59.307260+00:00,v0.14.0b4,activitywatch-tauri-v0.14.0b4-linux-x86_64.deb,linux,2
2026-08-21T12:39:59.307260+00:00,v0.14.0b4,activitywatch-tauri-v0.14.0b4-linux-x86_64.rpm,linux,2
2026-08-21T12:39:59.307260+00:00,v0.14.0b4,activitywatch-tauri-v0.14.0b4-linux-x86_64.zip,linux,3
2026-08-21T12:39:59.307260+00:00,v0.14.0b4,activitywatch-tauri-v0.14.0b4-macos-arm64.dmg,macos,35
2026-08-21T12:39:59.307260+00:00,v0.14.0b4,activitywatch-tauri-v0.14.0b4-macos-arm64.zip,macos,2
2026-08-21T12:39:59.307260+00:00,v0.14.0b4,activitywatch-tauri-v0.14.0b4-macos-x86_64.dmg,macos,2
2026-08-21T12:39:59.307260+00:00,v0.14.0b4,activitywatch-tauri-v0.14.0b4-macos-x86_64.zip,macos,2
2026-08-21T12:39:59.307260+00:00,v0.14.0b4,activitywatch-tauri-v0.14.0b4-windows-x86_64-setup.exe,windows,3
2026-08-21T12:39:59.307260+00:00,v0.14.0b4,activitywatch-tauri-v0.14.0b4-windows-x86_64.zip,windows,5
2026-08-21T12:39:59.307260+00:00,v0.14.0b4,activitywatch-v0.14.0b4-linux-x86_64.deb,linux,4
2026-08-21T12:39:59.307260+00:00,v0.14.0b4,activitywatch-v0.14.0b4-linux-x86_64.zip,linux,14
2026-08-21T12:39:59.307260+00:00,v0.14.0b4,activitywatch-v0.14.0b4-macos-arm64.dmg,macos,9
2026-08-21T12:39:59.307260+00:00,v0.14.0b4,activitywatch-v0.14.0b4-macos-arm64.zip,macos,2
2026-08-21T12:39:59.307260+00:00,v0.14.0b4,activitywatch-v0.14.0b4-macos-x86_64.dmg,macos,30
2026-08-21T12:39:59.307260+00:00,v0.14.0b4,activitywatch-v0.14.0b4-macos-x86_64.zip,macos,2
2026-08-21T12:39:59.307260+00:00,v0.14.0b4,activitywatch-v0.14.0b4-windows-x86_64-setup.exe,windows,33
2026-08-21T12:39:59.307260+00:00,v0.14.0b4,activitywatch-v0.14.0b4-windows-x86_64.zip,windows,10
2026-08-21T12:39:59.307260+00:00,v0.14.0b4-research,activitywatch-research-linux-x86_64.AppImage,linux,4
2026-08-21T12:39:59.307260+00:00,v0.14.0b4-research,activitywatch-research-v0.14.0b4-linux-x86_64.deb,linux,5
2026-08-21T12:39:59.307260+00:00,v0.14.0b4-research,activitywatch-research-v0.14.0b4-linux-x86_64.zip,linux,7
2026-08-21T12:39:59.307260+00:00,v0.14.0b4-research,activitywatch-research-v0.14.0b4-macos-arm64.dmg,macos,3
2026-08-21T12:39:59.307260+00:00,v0.14.0b4-research,activitywatch-research-v0.14.0b4-macos-arm64.zip,macos,4
2026-08-21T12:39:59.307260+00:00,v0.14.0b4-research,activitywatch-research-v0.14.0b4-macos-x86_64.dmg,macos,3
2026-08-21T12:39:59.307260+00:00,v0.14.0b4-research,activitywatch-research-v0.14.0b4-macos-x86_64.zip,macos,3
2026-08-21T12:39:59.307260+00:00,v0.14.0b4-research,activitywatch-research-v0.14.0b4-windows-x86_64-setup.exe,windows,17
2026-08-21T12:39:59.307260+00:00,v0.14.0b4-research,activitywatch-research-v0.14.0b4-windows-x86_64.zip,windows,5
2026-08-21T12:39:59.307260+00:00,v0.14.0b4-research,activitywatch-tauri-research-v0.14.0b4-linux-aarch64.AppImage,linux,2
2026-08-21T12:39:59.307260+00:00,v0.14.0b4-research,activitywatch-tauri-research-v0.14.0b4-linux-aarch64.deb,linux,2
2026-08-21T12:39:59.307260+00:00,v0.14.0b4-research,activitywatch-tauri-research-v0.14.0b4-linux-aarch64.rpm,linux,2
2026-08-21T12:39:59.307260+00:00,v0.14.0b4-research,activitywatch-tauri-research-v0.14.0b4-linux-aarch64.zip,linux,2
2026-08-21T12:39:59.307260+00:00,v0.14.0b4-research,activitywatch-tauri-research-v0.14.0b4-linux-x86_64.AppImage,linux,4
2026-08-21T12:39:59.307260+00:00,v0.14.0b4-research,activitywatch-tauri-research-v0.14.0b4-linux-x86_64.deb,linux,2
2026-08-21T12:39:59.307260+00:00,v0.14.0b4-research,activitywatch-tauri-research-v0.14.0b4-linux-x86_64.rpm,linux,2
2026-08-21T12:39:59.307260+00:00,v0.14.0b4-research,activitywatch-tauri-research-v0.14.0b4-linux-x86_64.zip,linux,2
2026-08-21T12:39:59.307260+00:00,v0.14.0b4-research,activitywatch-tauri-research-v0.14.0b4-macos-arm64.dmg,macos,2
2026-08-21T12:39:59.307260+00:00,v0.14.0b4-research,activitywatch-tauri-research-v0.14.0b4-macos-arm64.zip,macos,2
2026-08-21T12:39:59.307260+00:00,v0.14.0b4-research,activitywatch-tauri-research-v0.14.0b4-macos-x86_64.dmg,macos,2
2026-08-21T12:39:59.307260+00:00,v0.14.0b4-research,activitywatch-tauri-research-v0.14.0b4-macos-x86_64.zip,macos,2
2026-08-21T12:39:59.307260+00:00,v0.14.0b4-research,activitywatch-tauri-research-v0.14.0b4-windows-x86_64-setup.exe,windows,4
2026-08-21T12:39:59.307260+00:00,v0.14.0b4-research,activitywatch-tauri-research-v0.14.0b4-windows-x86_64.zip,windows,3
2026-08-21T12:39:59.307260+00:00,v0.8.0b7,activitywatch-v0.8.0b7-macos-x86_64.zip,macos,1641
2026-08-21T18:31:47.323551+00:00,v0.12.3b15,activitywatch-v0.12.3b15-linux-x86_64.zip,linux,2846
2026-08-21T18:31:47.323551+00:00,v0.13.2,activitywatch-linux-x86_64.AppImage,linux,35168
2026-08-21T18:31:47.323551+00:00,v0.13.2,activitywatch-v0.13.2-linux-x86_64.deb,linux,6480
2026-08-21T18:31:47.323551+00:00,v0.13.2,activitywatch-v0.13.2-linux-x86_64.zip,linux,96189
2026-08-21T18:31:47.323551+00:00,v0.13.2,activitywatch-v0.13.2-macos-x86_64.dmg,macos,134271
2026-08-21T18:31:47.323551+00:00,v0.13.2,activitywatch-v0.13.2-macos-x86_64.zip,macos,11713
2026-08-21T18:31:47.323551+00:00,v0.13.2,activitywatch-v0.13.2-windows-x86_64-setup.exe,windows,297317
2026-08-21T18:31:47.323551+00:00,v0.13.2,activitywatch-v0.13.2-windows-x86_64.zip,windows,28859
2026-08-21T18:31:47.323551+00:00,v0.14.0b3,activitywatch-v0.14.0b3-windows-x86_64-setup.exe,windows,915
2026-08-21T18:31:47.323551+00:00,v0.14.0b4,activitywatch-linux-x86_64.AppImage,linux,6
2026-08-21T18:31:47.323551+00:00,v0.14.0b4,activitywatch-tauri-v0.14.0b4-linux-aarch64.AppImage,linux,3
2026-08-21T18:31:47.323551+00:00,v0.14.0b4,activitywatch-tauri-v0.14.0b4-linux-aarch64.deb,linux,3
2026-08-21T18:31:47.323551+00:00,v0.14.0b4,activitywatch-tauri-v0.14.0b4-linux-aarch64.rpm,linux,3
2026-08-21T18:31:47.323551+00:00,v0.14.0b4,activitywatch-tauri-v0.14.0b4-linux-aarch64.zip,linux,3
2026-08-21T18:31:47.323551+00:00,v0.14.0b4,activitywatch-tauri-v0.14.0b4-linux-x86_64.AppImage,linux,3
2026-08-21T18:31:47.323551+00:00,v0.14.0b4,activitywatch-tauri-v0.14.0b4-linux-x86_64.deb,linux,3
2026-08-21T18:31:47.323551+00:00,v0.14.0b4,activitywatch-tauri-v0.14.0b4-linux-x86_64.rpm,linux,3
2026-08-21T18:31:47.323551+00:00,v0.14.0b4,activitywatch-tauri-v0.14.0b4-linux-x86_64.zip,linux,4
2026-08-21T18:31:47.323551+00:00,v0.14.0b4,activitywatch-tauri-v0.14.0b4-macos-arm64.dmg,macos,44
2026-08-21T18:31:47.323551+00:00,v0.14.0b4,activitywatch-tauri-v0.14.0b4-macos-arm64.zip,macos,3
2026-08-21T18:31:47.323551+00:00,v0.14.0b4,activitywatch-tauri-v0.14.0b4-macos-x86_64.dmg,macos,3
2026-08-21T18:31:47.323551+00:00,v0.14.0b4,activitywatch-tauri-v0.14.0b4-macos-x86_64.zip,macos,3
2026-08-21T18:31:47.323551+00:00,v0.14.0b4,activitywatch-tauri-v0.14.0b4-windows-x86_64-setup.exe,windows,5
2026-08-21T18:31:47.323551+00:00,v0.14.0b4,activitywatch-tauri-v0.14.0b4-windows-x86_64.zip,windows,7
2026-08-21T18:31:47.323551+00:00,v0.14.0b4,activitywatch-v0.14.0b4-linux-x86_64.deb,linux,5
2026-08-21T18:31:47.323551+00:00,v0.14.0b4,activitywatch-v0.14.0b4-linux-x86_64.zip,linux,25
2026-08-21T18:31:47.323551+00:00,v0.14.0b4,activitywatch-v0.14.0b4-macos-arm64.dmg,macos,19
2026-08-21T18:31:47.323551+00:00,v0.14.0b4,activitywatch-v0.14.0b4-macos-arm64.zip,macos,3
2026-08-21T18:31:47.323551+00:00,v0.14.0b4,activitywatch-v0.14.0b4-macos-x86_64.dmg,macos,31
2026-08-21T18:31:47.323551+00:00,v0.14.0b4,activitywatch-v0.14.0b4-macos-x86_64.zip,macos,3
2026-08-21T18:31:47.323551+00:00,v0.14.0b4,activitywatch-v0.14.0b4-windows-x86_64-setup.exe,windows,37
2026-08-21T18:31:47.323551+00:00,v0.14.0b4,activitywatch-v0.14.0b4-windows-x86_64.zip,windows,13
2026-08-21T18:31:47.323551+00:00,v0.14.0b4-research,activitywatch-research-linux-x86_64.AppImage,linux,5
2026-08-21T18:31:47.323551+00:00,v0.14.0b4-research,activitywatch-research-v0.14.0b4-linux-x86_64.deb,linux,6
2026-08-21T18:31:47.323551+00:00,v0.14.0b4-research,activitywatch-research-v0.14.0b4-linux-x86_64.zip,linux,8
2026-08-21T18:31:47.323551+00:00,v0.14.0b4-research,activitywatch-research-v0.14.0b4-macos-arm64.dmg,macos,4
2026-08-21T18:31:47.323551+00:00,v0.14.0b4-research,activitywatch-research-v0.14.0b4-macos-arm64.zip,macos,5
2026-08-21T18:31:47.323551+00:00,v0.14.0b4-research,activitywatch-research-v0.14.0b4-macos-x86_64.dmg,macos,4
2026-08-21T18:31:47.323551+00:00,v0.14.0b4-research,activitywatch-research-v0.14.0b4-macos-x86_64.zip,macos,4
2026-08-21T18:31:47.323551+00:00,v0.14.0b4-research,activitywatch-research-v0.14.0b4-windows-x86_64-setup.exe,windows,18
2026-08-21T18:31:47.323551+00:00,v0.14.0b4-research,activitywatch-research-v0.14.0b4-windows-x86_64.zip,windows,6
2026-08-21T18:31:47.323551+00:00,v0.14.0b4-research,activitywatch-tauri-research-v0.14.0b4-linux-aarch64.AppImage,linux,3
2026-08-21T18:31:47.323551+00:00,v0.14.0b4-research,activitywatch-tauri-research-v0.14.0b4-linux-aarch64.deb,linux,3
2026-08-21T18:31:47.323551+00:00,v0.14.0b4-research,activitywatch-tauri-research-v0.14.0b4-linux-aarch64.rpm,linux,3
2026-08-21T18:31:47.323551+00:00,v0.14.0b4-research,activitywatch-tauri-research-v0.14.0b4-linux-aarch64.zip,linux,3
2026-08-21T18:31:47.323551+00:00,v0.14.0b4-research,activitywatch-tauri-research-v0.14.0b4-linux-x86_64.AppImage,linux,5
2026-08-21T18:31:47.323551+00:00,v0.14.0b4-research,activitywatch-tauri-research-v0.14.0b4-linux-x86_64.deb,linux,3
2026-08-21T18:31:47.323551+00:00,v0.14.0b4-research,activitywatch-tauri-research-v0.14.0b4-linux-x86_64.rpm,linux,3
2026-08-21T18:31:47.323551+00:00,v0.14.0b4-research,activitywatch-tauri-research-v0.14.0b4-linux-x86_64.zip,linux,3
2026-08-21T18:31:47.323551+00:00,v0.14.0b4-research,activitywatch-tauri-research-v0.14.0b4-macos-arm64.dmg,macos,3
2026-08-21T18:31:47.323551+00:00,v0.14.0b4-research,activitywatch-tauri-research-v0.14.0b4-macos-arm64.zip,macos,3
2026-08-21T18:31:47.323551+00:00,v0.14.0b4-research,activitywatch-tauri-research-v0.14.0b4-macos-x86_64.dmg,macos,3
2026-08-21T18:31:47.323551+00:00,v0.14.0b4-research,activitywatch-tauri-research-v0.14.0b4-macos-x86_64.zip,macos,3
2026-08-21T18:31:47.323551+00:00,v0.14.0b4-research,activitywatch-tauri-research-v0.14.0b4-windows-x86_64-setup.exe,windows,5
2026-08-21T18:31:47.323551+00:00,v0.14.0b4-research,activitywatch-tauri-research-v0.14.0b4-windows-x86_64.zip,windows,4
2026-08-22T01:03:44.618892+00:00,v0.11.0,activitywatch-v0.11.0-windows-x86_64-setup.exe,windows,38351
2026-08-22T01:03:44.618892+00:00,v0.12.0,activitywatch-v0.12.0-windows-x86_64-setup.exe,windows,8072
2026-08-22T01:03:44.618892+00:00,v0.12.2,activitywatch-v0.12.2-windows-x86_64-setup.exe,windows,57981
2026-08-22T01:03:44.618892+00:00,v0.13.0,activitywatch-v0.13.0-windows-x86_64-setup.exe,windows,3062
2026-08-22T01:03:44.618892+00:00,v0.13.1,activitywatch-v0.13.1-windows-x86_64-setup.exe,windows,25783
2026-08-22T01:03:44.618892+00:00,v0.13.2,activitywatch-linux-x86_64.AppImage,linux,35195
2026-08-22T01:03:44.618892+00:00,v0.13.2,activitywatch-v0.13.2-linux-x86_64.deb,linux,6507
2026-08-22T01:03:44.618892+00:00,v0.13.2,activitywatch-v0.13.2-linux-x86_64.zip,linux,96222
2026-08-22T01:03:44.618892+00:00,v0.13.2,activitywatch-v0.13.2-macos-x86_64.dmg,macos,134352
2026-08-22T01:03:44.618892+00:00,v0.13.2,activitywatch-v0.13.2-macos-x86_64.zip,macos,11717
2026-08-22T01:03:44.618892+00:00,v0.13.2,activitywatch-v0.13.2-windows-x86_64-setup.exe,windows,297444
2026-08-22T01:03:44.618892+00:00,v0.13.2,activitywatch-v0.13.2-windows-x86_64.zip,windows,28876
2026-08-22T01:03:44.618892+00:00,v0.14.0b3,activitywatch-tauri-v0.14.0b3-macos-arm64.zip,macos,22
2026-08-22T01:03:44.618892+00:00,v0.14.0b3,activitywatch-v0.14.0b3-macos-x86_64.zip,macos,7
2026-08-22T01:03:44.618892+00:00,v0.14.0b3,activitywatch-v0.14.0b3-windows-x86_64.zip,windows,60
2026-08-22T01:03:44.618892+00:00,v0.14.0b4,activitywatch-linux-x86_64.AppImage,linux,7
2026-08-22T01:03:44.618892+00:00,v0.14.0b4,activitywatch-tauri-v0.14.0b4-macos-arm64.dmg,macos,48
2026-08-22T01:03:44.618892+00:00,v0.14.0b4,activitywatch-v0.14.0b4-linux-x86_64.zip,linux,27
2026-08-22T01:03:44.618892+00:00,v0.14.0b4,activitywatch-v0.14.0b4-macos-arm64.dmg,macos,23
2026-08-22T01:03:44.618892+00:00,v0.14.0b4,activitywatch-v0.14.0b4-windows-x86_64-setup.exe,windows,42
2026-08-22T01:03:44.618892+00:00,v0.14.0b4-research,activitywatch-research-linux-x86_64.AppImage,linux,6
2026-08-22T01:03:44.618892+00:00,v0.14.0b4-research,activitywatch-research-v0.14.0b4-windows-x86_64-setup.exe,windows,19
2026-08-22T06:34:31.924227+00:00,v0.12.3b19,activitywatch-v0.12.3b19-linux-x86_64.zip,linux,295
2026-08-22T06:34:31.924227+00:00,v0.12.3b19,activitywatch-v0.12.3b19-macos-x86_64.dmg,macos,482
2026-08-22T06:34:31.924227+00:00,v0.12.3b19,activitywatch-v0.12.3b19-windows-x86_64-setup.exe,windows,675
2026-08-22T06:34:31.924227+00:00,v0.13.0,activitywatch-v0.13.0-linux-x86_64.zip,linux,1165
2026-08-22T06:34:31.924227+00:00,v0.13.0,activitywatch-v0.13.0-macos-x86_64.dmg,macos,700
2026-08-22T06:34:31.924227+00:00,v0.13.0,activitywatch-v0.13.0-windows-x86_64-setup.exe,windows,3063
2026-08-22T06:34:31.924227+00:00,v0.13.1,activitywatch-v0.13.1-linux-x86_64.zip,linux,10911
2026-08-22T06:34:31.924227+00:00,v0.13.1,activitywatch-v0.13.1-macos-x86_64.dmg,macos,7908
2026-08-22T06:34:31.924227+00:00,v0.13.1,activitywatch-v0.13.1-windows-x86_64-setup.exe,windows,25784
2026-08-22T06:34:31.924227+00:00,v0.13.2,activitywatch-linux-x86_64.AppImage,linux,35221
2026-08-22T06:34:31.924227+00:00,v0.13.2,activitywatch-v0.13.2-linux-x86_64.deb,linux,6533
2026-08-22T06:34:31.924227+00:00,v0.13.2,activitywatch-v0.13.2-linux-x86_64.zip,linux,96258
2026-08-22T06:34:31.924227+00:00,v0.13.2,activitywatch-v0.13.2-macos-x86_64.dmg,macos,134418
2026-08-22T06:34:31.924227+00:00,v0.13.2,activitywatch-v0.13.2-macos-x86_64.zip,macos,11723
2026-08-22T06:34:31.924227+00:00,v0.13.2,activitywatch-v0.13.2-windows-x86_64-setup.exe,windows,297555
2026-08-22T06:34:31.924227+00:00,v0.13.2,activitywatch-v0.13.2-windows-x86_64.zip,windows,28890
2026-08-22T06:34:31.924227+00:00,v0.14.0b1,activitywatch-v0.14.0b1-linux-x86_64.zip,linux,852
2026-08-22T06:34:31.924227+00:00,v0.14.0b1,activitywatch-v0.14.0b1-macos-arm64.dmg,macos,1240
2026-08-22T06:34:31.924227+00:00,v0.14.0b1,activitywatch-v0.14.0b1-windows-x86_64-setup.exe,windows,2553
2026-08-22T06:34:31.924227+00:00,v0.14.0b2,activitywatch-v0.14.0b2-linux-x86_64.zip,linux,99
2026-08-22T06:34:31.924227+00:00,v0.14.0b2,activitywatch-v0.14.0b2-macos-x86_64.dmg,macos,63
2026-08-22T06:34:31.924227+00:00,v0.14.0b2,activitywatch-v0.14.0b2-windows-x86_64-setup.exe,windows,294
2026-08-22T06:34:31.924227+00:00,v0.14.0b3,activitywatch-v0.14.0b3-linux-x86_64.zip,linux,220
2026-08-22T06:34:31.924227+00:00,v0.14.0b3,activitywatch-v0.14.0b3-macos-arm64.zip,macos,43
2026-08-22T06:34:31.924227+00:00,v0.14.0b3,activitywatch-v0.14.0b3-macos-x86_64.dmg,macos,174
2026-08-22T06:34:31.924227+00:00,v0.14.0b3,activitywatch-v0.14.0b3-macos-x86_64.zip,macos,11
2026-08-22T06:34:31.924227+00:00,v0.14.0b3,activitywatch-v0.14.0b3-windows-x86_64-setup.exe,windows,916
2026-08-22T06:34:31.924227+00:00,v0.14.0b3,activitywatch-v0.14.0b3-windows-x86_64.zip,windows,64
2026-08-22T06:34:31.924227+00:00,v0.14.0b4,activitywatch-linux-x86_64.AppImage,linux,8
2026-08-22T06:34:31.924227+00:00,v0.14.0b4,activitywatch-tauri-v0.14.0b4-macos-arm64.dmg,macos,52
2026-08-22T06:34:31.924227+00:00,v0.14.0b4,activitywatch-tauri-v0.14.0b4-windows-x86_64-setup.exe,windows,6
2026-08-22T06:34:31.924227+00:00,v0.14.0b4,activitywatch-v0.14.0b4-linux-x86_64.deb,linux,6
2026-08-22T06:34:31.924227+00:00,v0.14.0b4,activitywatch-v0.14.0b4-linux-x86_64.zip,linux,29
2026-08-22T06:34:31.924227+00:00,v0.14.0b4,activitywatch-v0.14.0b4-macos-arm64.dmg,macos,25
2026-08-22T06:34:31.924227+00:00,v0.14.0b4,activitywatch-v0.14.0b4-macos-x86_64.dmg,macos,32
2026-08-22T06:34:31.924227+00:00,v0.14.0b4,activitywatch-v0.14.0b4-windows-x86_64-setup.exe,windows,51
2026-08-22T06:34:31.924227+00:00,v0.14.0b4,activitywatch-v0.14.0b4-windows-x86_64.zip,windows,14
2026-08-22T06:34:31.924227+00:00,v0.14.0b4-research,activitywatch-research-v0.14.0b4-windows-x86_64-setup.exe,windows,21
2026-08-22T12:32:47.728988+00:00,v0.10.0,activitywatch-v0.10.0-macos-x86_64.dmg,macos,5945
2026-08-22T12:32:47.728988+00:00,v0.11.0,activitywatch-v0.11.0-macos-x86_64.dmg,macos,9791
2026-08-22T12:32:47.728988+00:00,v0.11.0,activitywatch-v0.11.0-windows-x86_64-setup.exe,windows,38353
2026-08-22T12:32:47.728988+00:00,v0.13.2,activitywatch-linux-x86_64.AppImage,linux,35245
2026-08-22T12:32:47.728988+00:00,v0.13.2,activitywatch-v0.13.2-linux-x86_64.deb,linux,6559
2026-08-22T12:32:47.728988+00:00,v0.13.2,activitywatch-v0.13.2-linux-x86_64.zip,linux,96298
2026-08-22T12:32:47.728988+00:00,v0.13.2,activitywatch-v0.13.2-macos-x86_64.dmg,macos,134497
2026-08-22T12:32:47.728988+00:00,v0.13.2,activitywatch-v0.13.2-macos-x86_64.zip,macos,11728
2026-08-22T12:32:47.728988+00:00,v0.13.2,activitywatch-v0.13.2-windows-x86_64-setup.exe,windows,297692
2026-08-22T12:32:47.728988+00:00,v0.13.2,activitywatch-v0.13.2-windows-x86_64.zip,windows,28900
2026-08-22T12:32:47.728988+00:00,v0.14.0b3,activitywatch-v0.14.0b3-macos-arm64.zip,macos,46
2026-08-22T12:32:47.728988+00:00,v0.14.0b3,activitywatch-v0.14.0b3-macos-x86_64.zip,macos,14
2026-08-22T12:32:47.728988+00:00,v0.14.0b3,activitywatch-v0.14.0b3-windows-x86_64.zip,windows,67
2026-08-22T12:32:47.728988+00:00,v0.14.0b4,activitywatch-linux-x86_64.AppImage,linux,9
2026-08-22T12:32:47.728988+00:00,v0.14.0b4,activitywatch-tauri-v0.14.0b4-macos-arm64.dmg,macos,53
2026-08-22T12:32:47.728988+00:00,v0.14.0b4,activitywatch-v0.14.0b4-linux-x86_64.deb,linux,7
2026-08-22T12:32:47.728988+00:00,v0.14.0b4,activitywatch-v0.14.0b4-linux-x86_64.zip,linux,30
2026-08-22T12:32:47.728988+00:00,v0.14.0b4,activitywatch-v0.14.0b4-macos-arm64.dmg,macos,30
2026-08-22T12:32:47.728988+00:00,v0.14.0b4,activitywatch-v0.14.0b4-macos-arm64.zip,macos,4
2026-08-22T12:32:47.728988+00:00,v0.14.0b4,activitywatch-v0.14.0b4-windows-x86_64-setup.exe,windows,57
2026-08-22T12:32:47.728988+00:00,v0.14.0b4,activitywatch-v0.14.0b4-windows-x86_64.zip,windows,15
2026-08-22T12:32:47.728988+00:00,v0.14.0b4-research,activitywatch-research-v0.14.0b4-windows-x86_64-setup.exe,windows,24
2026-08-22T18:25:10.462996+00:00,v0.12.3b18,activitywatch-v0.12.3b18-linux-x86_64.zip,linux,1943
2026-08-22T18:25:10.462996+00:00,v0.13.2,activitywatch-linux-x86_64.AppImage,linux,35268
2026-08-22T18:25:10.462996+00:00,v0.13.2,activitywatch-v0.13.2-linux-x86_64.deb,linux,6589
2026-08-22T18:25:10.462996+00:00,v0.13.2,activitywatch-v0.13.2-linux-x86_64.zip,linux,96336
2026-08-22T18:25:10.462996+00:00,v0.13.2,activitywatch-v0.13.2-macos-x86_64.dmg,macos,134572
2026-08-22T18:25:10.462996+00:00,v0.13.2,activitywatch-v0.13.2-macos-x86_64.zip,macos,11731
2026-08-22T18:25:10.462996+00:00,v0.13.2,activitywatch-v0.13.2-windows-x86_64-setup.exe,windows,297849
2026-08-22T18:25:10.462996+00:00,v0.13.2,activitywatch-v0.13.2-windows-x86_64.zip,windows,28905
2026-08-22T18:25:10.462996+00:00,v0.14.0b1,activitywatch-v0.14.0b1-macos-arm64.dmg,macos,1241
2026-08-22T18:25:10.462996+00:00,v0.14.0b4,activitywatch-tauri-v0.14.0b4-macos-arm64.dmg,macos,56
2026-08-22T18:25:10.462996+00:00,v0.14.0b4,activitywatch-v0.14.0b4-linux-x86_64.zip,linux,36
2026-08-22T18:25:10.462996+00:00,v0.14.0b4,activitywatch-v0.14.0b4-macos-arm64.dmg,macos,36
2026-08-22T18:25:10.462996+00:00,v0.14.0b4,activitywatch-v0.14.0b4-windows-x86_64-setup.exe,windows,73
2026-08-23T01:08:57.210032+00:00,v0.11.0,activitywatch-v0.11.0-windows-x86_64-setup.exe,windows,38354
2026-08-23T01:08:57.210032+00:00,v0.12.0,activitywatch-v0.12.0-windows-x86_64-setup.exe,windows,8073
2026-08-23T01:08:57.210032+00:00,v0.12.1,activitywatch-v0.12.1-windows-x86_64-setup.exe,windows,23259
2026-08-23T01:08:57.210032+00:00,v0.12.2,activitywatch-v0.12.2-windows-x86_64-setup.exe,windows,57982
2026-08-23T01:08:57.210032+00:00,v0.12.3b18,activitywatch-v0.12.3b18-linux-x86_64.zip,linux,1954
2026-08-23T01:08:57.210032+00:00,v0.13.0,activitywatch-v0.13.0-windows-x86_64-setup.exe,windows,3064
2026-08-23T01:08:57.210032+00:00,v0.13.1,activitywatch-v0.13.1-windows-x86_64-setup.exe,windows,25785
2026-08-23T01:08:57.210032+00:00,v0.13.2,activitywatch-linux-x86_64.AppImage,linux,35288
2026-08-23T01:08:57.210032+00:00,v0.13.2,activitywatch-v0.13.2-linux-x86_64.deb,linux,6615
2026-08-23T01:08:57.210032+00:00,v0.13.2,activitywatch-v0.13.2-linux-x86_64.zip,linux,96376
2026-08-23T01:08:57.210032+00:00,v0.13.2,activitywatch-v0.13.2-macos-x86_64.dmg,macos,134639
2026-08-23T01:08:57.210032+00:00,v0.13.2,activitywatch-v0.13.2-macos-x86_64.zip,macos,11734
2026-08-23T01:08:57.210032+00:00,v0.13.2,activitywatch-v0.13.2-windows-x86_64-setup.exe,windows,297972
2026-08-23T01:08:57.210032+00:00,v0.13.2,activitywatch-v0.13.2-windows-x86_64.zip,windows,28922
2026-08-23T01:08:57.210032+00:00,v0.14.0b3,activitywatch-v0.14.0b3-macos-arm64.zip,macos,47
2026-08-23T01:08:57.210032+00:00,v0.14.0b3,activitywatch-v0.14.0b3-macos-x86_64.dmg,macos,176
2026-08-23T01:08:57.210032+00:00,v0.14.0b4,activitywatch-linux-x86_64.AppImage,linux,10
2026-08-23T01:08:57.210032+00:00,v0.14.0b4,activitywatch-tauri-v0.14.0b4-macos-arm64.dmg,macos,59
2026-08-23T01:08:57.210032+00:00,v0.14.0b4,activitywatch-v0.14.0b4-linux-x86_64.zip,linux,38
2026-08-23T01:08:57.210032+00:00,v0.14.0b4,activitywatch-v0.14.0b4-macos-arm64.dmg,macos,41
2026-08-23T01:08:57.210032+00:00,v0.14.0b4,activitywatch-v0.14.0b4-macos-x86_64.dmg,macos,34
2026-08-23T01:08:57.210032+00:00,v0.14.0b4,activitywatch-v0.14.0b4-windows-x86_64-setup.exe,windows,78
2026-08-23T01:08:57.210032+00:00,v0.14.0b4-research,activitywatch-tauri-research-v0.14.0b4-windows-x86_64-setup.exe,windows,6
2026-08-23T06:35:42.801036+00:00,v0.12.3b18,activitywatch-v0.12.3b18-linux-x86_64.zip,linux,1955
2026-08-23T06:35:42.801036+00:00,v0.13.2,activitywatch-linux-x86_64.AppImage,linux,35312
2026-08-23T06:35:42.801036+00:00,v0.13.2,activitywatch-v0.13.2-linux-x86_64.deb,linux,6644
2026-08-23T06:35:42.801036+00:00,v0.13.2,activitywatch-v0.13.2-linux-x86_64.zip,linux,96422
2026-08-23T06:35:42.801036+00:00,v0.13.2,activitywatch-v0.13.2-macos-x86_64.dmg,macos,134709
2026-08-23T06:35:42.801036+00:00,v0.13.2,activitywatch-v0.13.2-macos-x86_64.zip,macos,11739
2026-08-23T06:35:42.801036+00:00,v0.13.2,activitywatch-v0.13.2-windows-x86_64-setup.exe,windows,298062
2026-08-23T06:35:42.801036+00:00,v0.13.2,activitywatch-v0.13.2-windows-x86_64.zip,windows,28931
2026-08-23T06:35:42.801036+00:00,v0.14.0b4,activitywatch-v0.14.0b4-linux-x86_64.zip,linux,39
2026-08-23T06:35:42.801036+00:00,v0.14.0b4,activitywatch-v0.14.0b4-macos-arm64.dmg,macos,43
2026-08-23T06:35:42.801036+00:00,v0.14.0b4,activitywatch-v0.14.0b4-macos-arm64.zip,macos,5
2026-08-23T06:35:42.801036+00:00,v0.14.0b4,activitywatch-v0.14.0b4-windows-x86_64-setup.exe,windows,80
2026-08-23T06:35:42.801036+00:00,v0.14.0b4-research,activitywatch-research-v0.14.0b4-linux-x86_64.zip,linux,9
2026-08-23T06:35:42.801036+00:00,v0.14.0b4-research,activitywatch-research-v0.14.0b4-macos-arm64.dmg,macos,5
2026-08-23T06:35:42.801036+00:00,v0.14.0b4-research,activitywatch-research-v0.14.0b4-macos-arm64.zip,macos,6
2026-08-23T12:33:22.913649+00:00,v0.12.0b2,activitywatch-v0.12.0b2-linux-x86_64.zip,linux,825
2026-08-23T12:33:22.913649+00:00,v0.13.2,activitywatch-linux-x86_64.AppImage,linux,35335
2026-08-23T12:33:22.913649+00:00,v0.13.2,activitywatch-v0.13.2-linux-x86_64.deb,linux,6667
2026-08-23T12:33:22.913649+00:00,v0.13.2,activitywatch-v0.13.2-linux-x86_64.zip,linux,96461
2026-08-23T12:33:22.913649+00:00,v0.13.2,activitywatch-v0.13.2-macos-x86_64.dmg,macos,134779
2026-08-23T12:33:22.913649+00:00,v0.13.2,activitywatch-v0.13.2-macos-x86_64.zip,macos,11746
2026-08-23T12:33:22.913649+00:00,v0.13.2,activitywatch-v0.13.2-windows-x86_64-setup.exe,windows,298218
2026-08-23T12:33:22.913649+00:00,v0.13.2,activitywatch-v0.13.2-windows-x86_64.zip,windows,28944
2026-08-23T12:33:22.913649+00:00,v0.14.0b2,activitywatch-v0.14.0b2-macos-arm64.dmg,macos,113
2026-08-23T12:33:22.913649+00:00,v0.14.0b3,activitywatch-tauri-v0.14.0b3-macos-arm64.dmg,macos,181
2026-08-23T12:33:22.913649+00:00,v0.14.0b3,activitywatch-v0.14.0b3-macos-arm64.dmg,macos,336
2026-08-23T12:33:22.913649+00:00,v0.14.0b3,activitywatch-v0.14.0b3-windows-x86_64-setup.exe,windows,918
2026-08-23T12:33:22.913649+00:00,v0.14.0b4,activitywatch-tauri-v0.14.0b4-macos-arm64.dmg,macos,62
2026-08-23T12:33:22.913649+00:00,v0.14.0b4,activitywatch-tauri-v0.14.0b4-windows-x86_64.zip,windows,10
2026-08-23T12:33:22.913649+00:00,v0.14.0b4,activitywatch-v0.14.0b4-macos-arm64.dmg,macos,49
2026-08-23T12:33:22.913649+00:00,v0.14.0b4,activitywatch-v0.14.0b4-macos-x86_64.dmg,macos,36
2026-08-23T12:33:22.913649+00:00,v0.14.0b4,activitywatch-v0.14.0b4-windows-x86_64-setup.exe,windows,84
2026-08-23T12:33:22.913649+00:00,v0.14.0b4-research,activitywatch-research-linux-x86_64.AppImage,linux,7
2026-08-23T12:33:22.913649+00:00,v0.14.0b4-research,activitywatch-research-v0.14.0b4-linux-x86_64.deb,linux,7
2026-08-23T12:33:22.913649+00:00,v0.9.0,activitywatch-v0.9.0-macos-x86_64.dmg,macos,186
2026-08-23T18:24:14.531527+00:00,v0.11.0,activitywatch-v0.11.0-linux-x86_64.zip,linux,19168
2026-08-23T18:24:14.531527+00:00,v0.11.0,activitywatch-v0.11.0-windows-x86_64-setup.exe,windows,38355
2026-08-23T18:24:14.531527+00:00,v0.12.2,activitywatch-v0.12.2-linux-x86_64.zip,linux,31639
2026-08-23T18:24:14.531527+00:00,v0.13.2,activitywatch-linux-x86_64.AppImage,linux,35358
2026-08-23T18:24:14.531527+00:00,v0.13.2,activitywatch-v0.13.2-linux-x86_64.deb,linux,6694
2026-08-23T18:24:14.531527+00:00,v0.13.2,activitywatch-v0.13.2-linux-x86_64.zip,linux,96525
2026-08-23T18:24:14.531527+00:00,v0.13.2,activitywatch-v0.13.2-macos-x86_64.dmg,macos,134849
2026-08-23T18:24:14.531527+00:00,v0.13.2,activitywatch-v0.13.2-macos-x86_64.zip,macos,11748
2026-08-23T18:24:14.531527+00:00,v0.13.2,activitywatch-v0.13.2-windows-x86_64-setup.exe,windows,298417
2026-08-23T18:24:14.531527+00:00,v0.13.2,activitywatch-v0.13.2-windows-x86_64.zip,windows,28954
2026-08-23T18:24:14.531527+00:00,v0.14.0b4,activitywatch-linux-x86_64.AppImage,linux,11
2026-08-23T18:24:14.531527+00:00,v0.14.0b4,activitywatch-tauri-v0.14.0b4-macos-arm64.dmg,macos,65
2026-08-23T18:24:14.531527+00:00,v0.14.0b4,activitywatch-v0.14.0b4-linux-x86_64.zip,linux,40
2026-08-23T18:24:14.531527+00:00,v0.14.0b4,activitywatch-v0.14.0b4-macos-arm64.dmg,macos,53
2026-08-23T18:24:14.531527+00:00,v0.14.0b4,activitywatch-v0.14.0b4-windows-x86_64-setup.exe,windows,92
2026-08-23T18:24:14.531527+00:00,v0.14.0b4,activitywatch-v0.14.0b4-windows-x86_64.zip,windows,16
2026-08-23T18:24:14.531527+00:00,v0.14.0b4-research,activitywatch-research-linux-x86_64.AppImage,linux,8
2026-08-23T18:24:14.531527+00:00,v0.14.0b4-research,activitywatch-research-v0.14.0b4-linux-x86_64.deb,linux,8
2026-08-23T18:24:14.531527+00:00,v0.14.0b4-research,activitywatch-research-v0.14.0b4-linux-x86_64.zip,linux,10
2026-08-23T18:24:14.531527+00:00,v0.14.0b4-research,activitywatch-research-v0.14.0b4-macos-arm64.dmg,macos,6
2026-08-23T18:24:14.531527+00:00,v0.14.0b4-research,activitywatch-research-v0.14.0b4-macos-arm64.zip,macos,7
2026-08-24T01:06:39.091460+00:00,v0.11.0,activitywatch-v0.11.0-windows-x86_64-setup.exe,windows,38358
2026-08-24T01:06:39.091460+00:00,v0.12.0,activitywatch-v0.12.0-windows-x86_64-setup.exe,windows,8076
2026-08-24T01:06:39.091460+00:00,v0.12.0b2,activitywatch-v0.12.0b2-linux-x86_64.zip,linux,826
2026-08-24T01:06:39.091460+00:00,v0.12.2,activitywatch-v0.12.2-windows-x86_64-setup.exe,windows,57989
2026-08-24T01:06:39.091460+00:00,v0.13.0,activitywatch-v0.13.0-windows-x86_64-setup.exe,windows,3067
2026-08-24T01:06:39.091460+00:00,v0.13.1,activitywatch-v0.13.1-windows-x86_64-setup.exe,windows,25788
2026-08-24T01:06:39.091460+00:00,v0.13.2,activitywatch-linux-x86_64.AppImage,linux,35387
2026-08-24T01:06:39.091460+00:00,v0.13.2,activitywatch-v0.13.2-linux-x86_64.deb,linux,6719
2026-08-24T01:06:39.091460+00:00,v0.13.2,activitywatch-v0.13.2-linux-x86_64.zip,linux,96572
2026-08-24T01:06:39.091460+00:00,v0.13.2,activitywatch-v0.13.2-macos-x86_64.dmg,macos,134924
2026-08-24T01:06:39.091460+00:00,v0.13.2,activitywatch-v0.13.2-macos-x86_64.zip,macos,11751
2026-08-24T01:06:39.091460+00:00,v0.13.2,activitywatch-v0.13.2-windows-x86_64-setup.exe,windows,298569
2026-08-24T01:06:39.091460+00:00,v0.13.2,activitywatch-v0.13.2-windows-x86_64.zip,windows,28963
2026-08-24T01:06:39.091460+00:00,v0.14.0b1,activitywatch-tauri-v0.14.0b1-macos-arm64.dmg,macos,263
2026-08-24T01:06:39.091460+00:00,v0.14.0b4,activitywatch-tauri-v0.14.0b4-macos-arm64.dmg,macos,69
2026-08-24T01:06:39.091460+00:00,v0.14.0b4,activitywatch-tauri-v0.14.0b4-windows-x86_64.zip,windows,11
2026-08-24T01:06:39.091460+00:00,v0.14.0b4,activitywatch-v0.14.0b4-linux-x86_64.deb,linux,8
2026-08-24T01:06:39.091460+00:00,v0.14.0b4,activitywatch-v0.14.0b4-linux-x86_64.zip,linux,43
2026-08-24T01:06:39.091460+00:00,v0.14.0b4,activitywatch-v0.14.0b4-macos-arm64.dmg,macos,56
2026-08-24T01:06:39.091460+00:00,v0.14.0b4,activitywatch-v0.14.0b4-windows-x86_64-setup.exe,windows,97
2026-08-24T01:06:39.091460+00:00,v0.14.0b4,activitywatch-v0.14.0b4-windows-x86_64.zip,windows,18
2026-08-24T01:06:39.091460+00:00,v0.14.0b4-research,activitywatch-research-v0.14.0b4-windows-x86_64-setup.exe,windows,25
2026-08-24T01:06:39.091460+00:00,v0.14.0b4-research,activitywatch-tauri-research-v0.14.0b4-linux-aarch64.zip,linux,4
2026-08-24T06:52:14.482008+00:00,v0.12.2,activitywatch-v0.12.2-windows-x86_64.zip,windows,12024
2026-08-24T06:52:14.482008+00:00,v0.12.3b18,activitywatch-v0.12.3b18-linux-x86_64.zip,linux,1957
2026-08-24T06:52:14.482008+00:00,v0.13.2,activitywatch-linux-x86_64.AppImage,linux,35413
2026-08-24T06:52:14.482008+00:00,v0.13.2,activitywatch-v0.13.2-linux-x86_64.deb,linux,6744
2026-08-24T06:52:14.482008+00:00,v0.13.2,activitywatch-v0.13.2-linux-x86_64.zip,linux,96606
2026-08-24T06:52:14.482008+00:00,v0.13.2,activitywatch-v0.13.2-macos-x86_64.dmg,macos,134987
2026-08-24T06:52:14.482008+00:00,v0.13.2,activitywatch-v0.13.2-macos-x86_64.zip,macos,11757
2026-08-24T06:52:14.482008+00:00,v0.13.2,activitywatch-v0.13.2-windows-x86_64-setup.exe,windows,298714
2026-08-24T06:52:14.482008+00:00,v0.13.2,activitywatch-v0.13.2-windows-x86_64.zip,windows,28974
2026-08-24T06:52:14.482008+00:00,v0.14.0b1,activitywatch-v0.14.0b1-linux-x86_64.zip,linux,853
2026-08-24T06:52:14.482008+00:00,v0.14.0b3,activitywatch-v0.14.0b3-windows-x86_64-setup.exe,windows,920
2026-08-24T06:52:14.482008+00:00,v0.14.0b4,activitywatch-tauri-v0.14.0b4-macos-arm64.dmg,macos,77
2026-08-24T06:52:14.482008+00:00,v0.14.0b4,activitywatch-tauri-v0.14.0b4-windows-x86_64-setup.exe,windows,12
2026-08-24T06:52:14.482008+00:00,v0.14.0b4,activitywatch-v0.14.0b4-linux-x86_64.zip,linux,44
2026-08-24T06:52:14.482008+00:00,v0.14.0b4,activitywatch-v0.14.0b4-macos-arm64.dmg,macos,58
2026-08-24T06:52:14.482008+00:00,v0.14.0b4,activitywatch-v0.14.0b4-macos-x86_64.dmg,macos,39
2026-08-24T06:52:14.482008+00:00,v0.14.0b4,activitywatch-v0.14.0b4-windows-x86_64-setup.exe,windows,125
2026-08-24T06:52:14.482008+00:00,v0.14.0b4-research,activitywatch-research-v0.14.0b4-windows-x86_64-setup.exe,windows,26
2026-08-24T06:52:14.482008+00:00,v0.14.0b4-research,activitywatch-tauri-research-v0.14.0b4-windows-x86_64-setup.exe,windows,7
2026-08-24T06:52:14.482008+00:00,v0.8.1,activitywatch-v0.8.1-windows-x86_64.zip,windows,136
2026-08-24T06:52:14.482008+00:00,v0.8.2,activitywatch-v0.8.2-windows-x86_64-setup.exe,windows,92
2026-08-24T12:42:42.006594+00:00,v0.12.0,activitywatch-v0.12.0-windows-x86_64.zip,windows,2142
2026-08-24T12:42:42.006594+00:00,v0.12.0b2,activitywatch-v0.12.0b2-linux-x86_64.zip,linux,828
2026-08-24T12:42:42.006594+00:00,v0.12.2,activitywatch-v0.12.2-windows-x86_64-setup.exe,windows,57990
2026-08-24T12:42:42.006594+00:00,v0.12.2,activitywatch-v0.12.2-windows-x86_64.zip,windows,12025
2026-08-24T12:42:42.006594+00:00,v0.12.3b11,activitywatch-v0.12.3b11-linux-x86_64.zip,linux,547
2026-08-24T12:42:42.006594+00:00,v0.13.2,activitywatch-linux-x86_64.AppImage,linux,35439
2026-08-24T12:42:42.006594+00:00,v0.13.2,activitywatch-v0.13.2-linux-x86_64.deb,linux,6772
2026-08-24T12:42:42.006594+00:00,v0.13.2,activitywatch-v0.13.2-linux-x86_64.zip,linux,96662
2026-08-24T12:42:42.006594+00:00,v0.13.2,activitywatch-v0.13.2-macos-x86_64.dmg,macos,135099
2026-08-24T12:42:42.006594+00:00,v0.13.2,activitywatch-v0.13.2-macos-x86_64.zip,macos,11775
2026-08-24T12:42:42.006594+00:00,v0.13.2,activitywatch-v0.13.2-windows-x86_64-setup.exe,windows,298934
2026-08-24T12:42:42.006594+00:00,v0.13.2,activitywatch-v0.13.2-windows-x86_64.zip,windows,29008
2026-08-24T12:42:42.006594+00:00,v0.14.0b3,activitywatch-tauri-v0.14.0b3-windows-x86_64-setup.exe,windows,38
2026-08-24T12:42:42.006594+00:00,v0.14.0b3,activitywatch-v0.14.0b3-windows-x86_64-setup.exe,windows,922
2026-08-24T12:42:42.006594+00:00,v0.14.0b4,activitywatch-linux-x86_64.AppImage,linux,12
2026-08-24T12:42:42.006594+00:00,v0.14.0b4,activitywatch-tauri-v0.14.0b4-macos-arm64.dmg,macos,82
2026-08-24T12:42:42.006594+00:00,v0.14.0b4,activitywatch-v0.14.0b4-linux-x86_64.deb,linux,9
2026-08-24T12:42:42.006594+00:00,v0.14.0b4,activitywatch-v0.14.0b4-linux-x86_64.zip,linux,51
2026-08-24T12:42:42.006594+00:00,v0.14.0b4,activitywatch-v0.14.0b4-macos-arm64.dmg,macos,63
2026-08-24T12:42:42.006594+00:00,v0.14.0b4,activitywatch-v0.14.0b4-macos-x86_64.dmg,macos,51
2026-08-24T12:42:42.006594+00:00,v0.14.0b4,activitywatch-v0.14.0b4-windows-x86_64-setup.exe,windows,145
2026-08-24T12:42:42.006594+00:00,v0.14.0b4-research,activitywatch-research-v0.14.0b4-linux-x86_64.zip,linux,12
2026-08-24T12:42:42.006594+00:00,v0.14.0b4-research,activitywatch-research-v0.14.0b4-macos-arm64.dmg,macos,7
2026-08-24T12:42:42.006594+00:00,v0.14.0b4-research,activitywatch-tauri-research-v0.14.0b4-macos-arm64.dmg,macos,4
2026-08-24T12:42:42.006594+00:00,v0.7.1,activitywatch-v0.7.1-windows-x86_64.zip,windows,4475
2026-08-24T18:35:28.130933+00:00,v0.12.2,activitywatch-linux-x86_64.AppImage,linux,13406
2026-08-24T18:35:28.130933+00:00,v0.12.2,activitywatch-v0.12.2-linux-x86_64.zip,linux,31640
2026-08-24T18:35:28.130933+00:00,v0.12.2,activitywatch-v0.12.2-windows-x86_64.zip,windows,12029
2026-08-24T18:35:28.130933+00:00,v0.13.2,activitywatch-linux-x86_64.AppImage,linux,35464
2026-08-24T18:35:28.130933+00:00,v0.13.2,activitywatch-v0.13.2-linux-x86_64.deb,linux,6806
2026-08-24T18:35:28.130933+00:00,v0.13.2,activitywatch-v0.13.2-linux-x86_64.zip,linux,96720
2026-08-24T18:35:28.130933+00:00,v0.13.2,activitywatch-v0.13.2-macos-x86_64.dmg,macos,135187
2026-08-24T18:35:28.130933+00:00,v0.13.2,activitywatch-v0.13.2-macos-x86_64.zip,macos,11778
2026-08-24T18:35:28.130933+00:00,v0.13.2,activitywatch-v0.13.2-windows-x86_64-setup.exe,windows,299181
2026-08-24T18:35:28.130933+00:00,v0.13.2,activitywatch-v0.13.2-windows-x86_64.zip,windows,29026
2026-08-24T18:35:28.130933+00:00,v0.14.0b3-research,activitywatch-v0.14.0b3-research-macos-arm64-research-edition.dmg,macos,20
2026-08-24T18:35:28.130933+00:00,v0.14.0b4,activitywatch-linux-x86_64.AppImage,linux,15
2026-08-24T18:35:28.130933+00:00,v0.14.0b4,activitywatch-tauri-v0.14.0b4-macos-arm64.dmg,macos,88
2026-08-24T18:35:28.130933+00:00,v0.14.0b4,activitywatch-v0.14.0b4-linux-x86_64.zip,linux,63
2026-08-24T18:35:28.130933+00:00,v0.14.0b4,activitywatch-v0.14.0b4-macos-arm64.dmg,macos,71
2026-08-24T18:35:28.130933+00:00,v0.14.0b4,activitywatch-v0.14.0b4-macos-arm64.zip,macos,11
2026-08-24T18:35:28.130933+00:00,v0.14.0b4,activitywatch-v0.14.0b4-macos-x86_64.dmg,macos,57
2026-08-24T18:35:28.130933+00:00,v0.14.0b4,activitywatch-v0.14.0b4-macos-x86_64.zip,macos,8
2026-08-24T18:35:28.130933+00:00,v0.14.0b4,activitywatch-v0.14.0b4-windows-x86_64-setup.exe,windows,152
2026-08-24T18:35:28.130933+00:00,v0.14.0b4,activitywatch-v0.14.0b4-windows-x86_64.zip,windows,24
2026-08-24T18:35:28.130933+00:00,v0.14.0b4-research,activitywatch-research-linux-x86_64.AppImage,linux,9
2026-08-24T18:35:28.130933+00:00,v0.14.0b4-research,activitywatch-research-v0.14.0b4-linux-x86_64.zip,linux,13
2026-08-25T01:05:37.889411+00:00,v0.10.0,activitywatch-v0.10.0-macos-x86_64.dmg,macos,5947
2026-08-25T01:05:37.889411+00:00,v0.11.0,activitywatch-v0.11.0-windows-x86_64-setup.exe,windows,38359
2026-08-25T01:05:37.889411+00:00,v0.12.0,activitywatch-v0.12.0-windows-x86_64-setup.exe,windows,8077
2026-08-25T01:05:37.889411+00:00,v0.12.2,activitywatch-v0.12.2-macos-x86_64.dmg,macos,22551
2026-08-25T01:05:37.889411+00:00,v0.12.2,activitywatch-v0.12.2-windows-x86_64-setup.exe,windows,57993
2026-08-25T01:05:37.889411+00:00,v0.12.2,activitywatch-v0.12.2-windows-x86_64.zip,windows,12030
2026-08-25T01:05:37.889411+00:00,v0.12.3b18,activitywatch-v0.12.3b18-linux-x86_64.zip,linux,1964
2026-08-25T01:05:37.889411+00:00,v0.13.0,activitywatch-v0.13.0-windows-x86_64-setup.exe,windows,3068
2026-08-25T01:05:37.889411+00:00,v0.13.1,activitywatch-v0.13.1-windows-x86_64-setup.exe,windows,25789
2026-08-25T01:05:37.889411+00:00,v0.13.2,activitywatch-linux-x86_64.AppImage,linux,35490
2026-08-25T01:05:37.889411+00:00,v0.13.2,activitywatch-v0.13.2-linux-x86_64.deb,linux,6830
2026-08-25T01:05:37.889411+00:00,v0.13.2,activitywatch-v0.13.2-linux-x86_64.zip,linux,96765
2026-08-25T01:05:37.889411+00:00,v0.13.2,activitywatch-v0.13.2-macos-x86_64.dmg,macos,135280
2026-08-25T01:05:37.889411+00:00,v0.13.2,activitywatch-v0.13.2-macos-x86_64.zip,macos,11782
2026-08-25T01:05:37.889411+00:00,v0.13.2,activitywatch-v0.13.2-windows-x86_64-setup.exe,windows,299333
2026-08-25T01:05:37.889411+00:00,v0.13.2,activitywatch-v0.13.2-windows-x86_64.zip,windows,29041
2026-08-25T01:05:37.889411+00:00,v0.14.0b3,activitywatch-v0.14.0b3-linux-x86_64.zip,linux,222
2026-08-25T01:05:37.889411+00:00,v0.14.0b4,activitywatch-tauri-v0.14.0b4-linux-x86_64.AppImage,linux,4
2026-08-25T01:05:37.889411+00:00,v0.14.0b4,activitywatch-tauri-v0.14.0b4-macos-arm64.dmg,macos,91
2026-08-25T01:05:37.889411+00:00,v0.14.0b4,activitywatch-v0.14.0b4-linux-x86_64.deb,linux,10
2026-08-25T01:05:37.889411+00:00,v0.14.0b4,activitywatch-v0.14.0b4-linux-x86_64.zip,linux,66
2026-08-25T01:05:37.889411+00:00,v0.14.0b4,activitywatch-v0.14.0b4-macos-arm64.dmg,macos,75
2026-08-25T01:05:37.889411+00:00,v0.14.0b4,activitywatch-v0.14.0b4-macos-x86_64.dmg,macos,66
2026-08-25T01:05:37.889411+00:00,v0.14.0b4,activitywatch-v0.14.0b4-windows-x86_64-setup.exe,windows,157
2026-08-25T01:05:37.889411+00:00,v0.14.0b4-research,activitywatch-research-v0.14.0b4-macos-arm64.dmg,macos,8
2026-08-25T01:05:37.889411+00:00,v0.14.0b4-research,activitywatch-tauri-research-v0.14.0b4-windows-x86_64-setup.exe,windows,8
2026-08-25T06:40:44.205931+00:00,v0.12.0b2,activitywatch-v0.12.0b2-linux-x86_64.zip,linux,832
2026-08-25T06:40:44.205931+00:00,v0.12.1,activitywatch-v0.12.1-windows-x86_64.zip,windows,4562
2026-08-25T06:40:44.205931+00:00,v0.13.2,activitywatch-linux-x86_64.AppImage,linux,35513
2026-08-25T06:40:44.205931+00:00,v0.13.2,activitywatch-v0.13.2-linux-x86_64.deb,linux,6851
2026-08-25T06:40:44.205931+00:00,v0.13.2,activitywatch-v0.13.2-linux-x86_64.zip,linux,96795
2026-08-25T06:40:44.205931+00:00,v0.13.2,activitywatch-v0.13.2-macos-x86_64.dmg,macos,135347
2026-08-25T06:40:44.205931+00:00,v0.13.2,activitywatch-v0.13.2-macos-x86_64.zip,macos,11792
2026-08-25T06:40:44.205931+00:00,v0.13.2,activitywatch-v0.13.2-windows-x86_64-setup.exe,windows,299460
2026-08-25T06:40:44.205931+00:00,v0.13.2,activitywatch-v0.13.2-windows-x86_64.zip,windows,29055
2026-08-25T06:40:44.205931+00:00,v0.14.0b4,activitywatch-linux-x86_64.AppImage,linux,16
2026-08-25T06:40:44.205931+00:00,v0.14.0b4,activitywatch-tauri-v0.14.0b4-linux-x86_64.AppImage,linux,6
2026-08-25T06:40:44.205931+00:00,v0.14.0b4,activitywatch-tauri-v0.14.0b4-linux-x86_64.deb,linux,4
2026-08-25T06:40:44.205931+00:00,v0.14.0b4,activitywatch-tauri-v0.14.0b4-linux-x86_64.zip,linux,6
2026-08-25T06:40:44.205931+00:00,v0.14.0b4,activitywatch-tauri-v0.14.0b4-macos-arm64.dmg,macos,97
2026-08-25T06:40:44.205931+00:00,v0.14.0b4,activitywatch-tauri-v0.14.0b4-macos-arm64.zip,macos,4
2026-08-25T06:40:44.205931+00:00,v0.14.0b4,activitywatch-v0.14.0b4-linux-x86_64.deb,linux,14
2026-08-25T06:40:44.205931+00:00,v0.14.0b4,activitywatch-v0.14.0b4-linux-x86_64.zip,linux,73
2026-08-25T06:40:44.205931+00:00,v0.14.0b4,activitywatch-v0.14.0b4-macos-arm64.dmg,macos,78
2026-08-25T06:40:44.205931+00:00,v0.14.0b4,activitywatch-v0.14.0b4-macos-arm64.zip,macos,15
2026-08-25T06:40:44.205931+00:00,v0.14.0b4,activitywatch-v0.14.0b4-macos-x86_64.dmg,macos,67
2026-08-25T06:40:44.205931+00:00,v0.14.0b4,activitywatch-v0.14.0b4-macos-x86_64.zip,macos,12
2026-08-25T06:40:44.205931+00:00,v0.14.0b4,activitywatch-v0.14.0b4-windows-x86_64-setup.exe,windows,163
2026-08-25T06:40:44.205931+00:00,v0.14.0b4,activitywatch-v0.14.0b4-windows-x86_64.zip,windows,27
2026-08-25T06:40:44.205931+00:00,v0.14.0b4-research,activitywatch-research-v0.14.0b4-macos-arm64.dmg,macos,9
2026-08-25T06:40:44.205931+00:00,v0.14.0b4-research,activitywatch-research-v0.14.0b4-macos-x86_64.dmg,macos,5
2026-08-25T06:40:44.205931+00:00,v0.14.0b4-research,activitywatch-research-v0.14.0b4-windows-x86_64-setup.exe,windows,28
2026-08-25T06:40:44.205931+00:00,v0.14.0b4-research,activitywatch-research-v0.14.0b4-windows-x86_64.zip,windows,7
2026-08-25T06:40:44.205931+00:00,v0.14.0b4-research,activitywatch-tauri-research-v0.14.0b4-linux-x86_64.deb,linux,4
2026-08-25T06:40:44.205931+00:00,v0.14.0b4-research,activitywatch-tauri-research-v0.14.0b4-windows-x86_64-setup.exe,windows,10
2026-08-25T12:41:01.550108+00:00,v0.13.2,activitywatch-linux-x86_64.AppImage,linux,35544
2026-08-25T12:41:01.550108+00:00,v0.13.2,activitywatch-v0.13.2-linux-x86_64.deb,linux,6882
2026-08-25T12:41:01.550108+00:00,v0.13.2,activitywatch-v0.13.2-linux-x86_64.zip,linux,96864
2026-08-25T12:41:01.550108+00:00,v0.13.2,activitywatch-v0.13.2-macos-x86_64.dmg,macos,135446
2026-08-25T12:41:01.550108+00:00,v0.13.2,activitywatch-v0.13.2-macos-x86_64.zip,macos,11798
2026-08-25T12:41:01.550108+00:00,v0.13.2,activitywatch-v0.13.2-windows-x86_64-setup.exe,windows,299660
2026-08-25T12:41:01.550108+00:00,v0.13.2,activitywatch-v0.13.2-windows-x86_64.zip,windows,29076
2026-08-25T12:41:01.550108+00:00,v0.14.0b3,activitywatch-v0.14.0b3-windows-x86_64-setup.exe,windows,924
2026-08-25T12:41:01.550108+00:00,v0.14.0b4,activitywatch-tauri-v0.14.0b4-linux-x86_64.AppImage,linux,7
2026-08-25T12:41:01.550108+00:00,v0.14.0b4,activitywatch-tauri-v0.14.0b4-macos-arm64.dmg,macos,98
2026-08-25T12:41:01.550108+00:00,v0.14.0b4,activitywatch-tauri-v0.14.0b4-windows-x86_64.zip,windows,12
2026-08-25T12:41:01.550108+00:00,v0.14.0b4,activitywatch-v0.14.0b4-linux-x86_64.zip,linux,74
2026-08-25T12:41:01.550108+00:00,v0.14.0b4,activitywatch-v0.14.0b4-macos-arm64.dmg,macos,82
2026-08-25T12:41:01.550108+00:00,v0.14.0b4,activitywatch-v0.14.0b4-macos-arm64.zip,macos,16
2026-08-25T12:41:01.550108+00:00,v0.14.0b4,activitywatch-v0.14.0b4-macos-x86_64.zip,macos,13
2026-08-25T12:41:01.550108+00:00,v0.14.0b4,activitywatch-v0.14.0b4-windows-x86_64-setup.exe,windows,175
2026-08-25T12:41:01.550108+00:00,v0.14.0b4,activitywatch-v0.14.0b4-windows-x86_64.zip,windows,30
2026-08-25T18:35:03.135648+00:00,v0.11.0,activitywatch-v0.11.0-windows-x86_64-setup.exe,windows,38360
2026-08-25T18:35:03.135648+00:00,v0.12.0,activitywatch-v0.12.0-windows-x86_64-setup.exe,windows,8078
2026-08-25T18:35:03.135648+00:00,v0.12.2,activitywatch-v0.12.2-linux-x86_64.zip,linux,31641
2026-08-25T18:35:03.135648+00:00,v0.12.2,activitywatch-v0.12.2-windows-x86_64-setup.exe,windows,57994
2026-08-25T18:35:03.135648+00:00,v0.13.0,activitywatch-v0.13.0-windows-x86_64-setup.exe,windows,3069
2026-08-25T18:35:03.135648+00:00,v0.13.1,activitywatch-v0.13.1-windows-x86_64-setup.exe,windows,25790
2026-08-25T18:35:03.135648+00:00,v0.13.2,activitywatch-linux-x86_64.AppImage,linux,35566
2026-08-25T18:35:03.135648+00:00,v0.13.2,activitywatch-v0.13.2-linux-x86_64.deb,linux,6908
2026-08-25T18:35:03.135648+00:00,v0.13.2,activitywatch-v0.13.2-linux-x86_64.zip,linux,96911
2026-08-25T18:35:03.135648+00:00,v0.13.2,activitywatch-v0.13.2-macos-x86_64.dmg,macos,135533
2026-08-25T18:35:03.135648+00:00,v0.13.2,activitywatch-v0.13.2-macos-x86_64.zip,macos,11802
2026-08-25T18:35:03.135648+00:00,v0.13.2,activitywatch-v0.13.2-windows-x86_64-setup.exe,windows,299872
2026-08-25T18:35:03.135648+00:00,v0.13.2,activitywatch-v0.13.2-windows-x86_64.zip,windows,29099
2026-08-25T18:35:03.135648+00:00,v0.14.0b4,activitywatch-tauri-v0.14.0b4-macos-arm64.dmg,macos,100
2026-08-25T18:35:03.135648+00:00,v0.14.0b4,activitywatch-v0.14.0b4-linux-x86_64.zip,linux,76
2026-08-25T18:35:03.135648+00:00,v0.14.0b4,activitywatch-v0.14.0b4-macos-arm64.dmg,macos,88
2026-08-25T18:35:03.135648+00:00,v0.14.0b4,activitywatch-v0.14.0b4-macos-arm64.zip,macos,18
2026-08-25T18:35:03.135648+00:00,v0.14.0b4,activitywatch-v0.14.0b4-macos-x86_64.dmg,macos,73
2026-08-25T18:35:03.135648+00:00,v0.14.0b4,activitywatch-v0.14.0b4-windows-x86_64-setup.exe,windows,180
2026-08-25T18:35:03.135648+00:00,v0.14.0b4-research,activitywatch-research-v0.14.0b4-macos-arm64.dmg,macos,10
2026-08-25T18:35:03.135648+00:00,v0.14.0b4-research,activitywatch-research-v0.14.0b4-windows-x86_64.zip,windows,8
2026-08-26T01:07:51.441739+00:00,v0.12.0b2,activitywatch-v0.12.0b2-linux-x86_64.zip,linux,833
2026-08-26T01:07:51.441739+00:00,v0.13.2,activitywatch-linux-x86_64.AppImage,linux,35594
2026-08-26T01:07:51.441739+00:00,v0.13.2,activitywatch-v0.13.2-linux-x86_64.deb,linux,6940
2026-08-26T01:07:51.441739+00:00,v0.13.2,activitywatch-v0.13.2-linux-x86_64.zip,linux,96956
2026-08-26T01:07:51.441739+00:00,v0.13.2,activitywatch-v0.13.2-macos-x86_64.dmg,macos,135621
2026-08-26T01:07:51.441739+00:00,v0.13.2,activitywatch-v0.13.2-macos-x86_64.zip,macos,11812
2026-08-26T01:07:51.441739+00:00,v0.13.2,activitywatch-v0.13.2-windows-x86_64-setup.exe,windows,299999
2026-08-26T01:07:51.441739+00:00,v0.13.2,activitywatch-v0.13.2-windows-x86_64.zip,windows,29118
2026-08-26T01:07:51.441739+00:00,v0.14.0b4,activitywatch-linux-x86_64.AppImage,linux,17
2026-08-26T01:07:51.441739+00:00,v0.14.0b4,activitywatch-tauri-v0.14.0b4-linux-aarch64.AppImage,linux,4
2026-08-26T01:07:51.441739+00:00,v0.14.0b4,activitywatch-tauri-v0.14.0b4-linux-aarch64.deb,linux,4
2026-08-26T01:07:51.441739+00:00,v0.14.0b4,activitywatch-tauri-v0.14.0b4-linux-aarch64.rpm,linux,4
2026-08-26T01:07:51.441739+00:00,v0.14.0b4,activitywatch-tauri-v0.14.0b4-linux-aarch64.zip,linux,4
2026-08-26T01:07:51.441739+00:00,v0.14.0b4,activitywatch-tauri-v0.14.0b4-linux-x86_64.AppImage,linux,8
2026-08-26T01:07:51.441739+00:00,v0.14.0b4,activitywatch-tauri-v0.14.0b4-linux-x86_64.deb,linux,5
2026-08-26T01:07:51.441739+00:00,v0.14.0b4,activitywatch-tauri-v0.14.0b4-linux-x86_64.rpm,linux,4
2026-08-26T01:07:51.441739+00:00,v0.14.0b4,activitywatch-tauri-v0.14.0b4-linux-x86_64.zip,linux,7
2026-08-26T01:07:51.441739+00:00,v0.14.0b4,activitywatch-tauri-v0.14.0b4-macos-arm64.dmg,macos,101
2026-08-26T01:07:51.441739+00:00,v0.14.0b4,activitywatch-tauri-v0.14.0b4-macos-arm64.zip,macos,5
2026-08-26T01:07:51.441739+00:00,v0.14.0b4,activitywatch-tauri-v0.14.0b4-macos-x86_64.dmg,macos,4
2026-08-26T01:07:51.441739+00:00,v0.14.0b4,activitywatch-tauri-v0.14.0b4-macos-x86_64.zip,macos,4
2026-08-26T01:07:51.441739+00:00,v0.14.0b4,activitywatch-tauri-v0.14.0b4-windows-x86_64-setup.exe,windows,13
2026-08-26T01:07:51.441739+00:00,v0.14.0b4,activitywatch-tauri-v0.14.0b4-windows-x86_64.zip,windows,13
2026-08-26T01:07:51.441739+00:00,v0.14.0b4,activitywatch-v0.14.0b4-linux-x86_64.deb,linux,15
2026-08-26T01:07:51.441739+00:00,v0.14.0b4,activitywatch-v0.14.0b4-linux-x86_64.zip,linux,77
2026-08-26T01:07:51.441739+00:00,v0.14.0b4,activitywatch-v0.14.0b4-macos-arm64.dmg,macos,99
2026-08-26T01:07:51.441739+00:00,v0.14.0b4,activitywatch-v0.14.0b4-macos-arm64.zip,macos,20
2026-08-26T01:07:51.441739+00:00,v0.14.0b4,activitywatch-v0.14.0b4-macos-x86_64.dmg,macos,74
2026-08-26T01:07:51.441739+00:00,v0.14.0b4,activitywatch-v0.14.0b4-macos-x86_64.zip,macos,14
2026-08-26T01:07:51.441739+00:00,v0.14.0b4,activitywatch-v0.14.0b4-windows-x86_64-setup.exe,windows,185
2026-08-26T01:07:51.441739+00:00,v0.14.0b4,activitywatch-v0.14.0b4-windows-x86_64.zip,windows,31
2026-08-26T01:07:51.441739+00:00,v0.14.0b4-research,activitywatch-research-linux-x86_64.AppImage,linux,10
2026-08-26T01:07:51.441739+00:00,v0.14.0b4-research,activitywatch-research-v0.14.0b4-linux-x86_64.deb,linux,9
2026-08-26T01:07:51.441739+00:00,v0.14.0b4-research,activitywatch-research-v0.14.0b4-linux-x86_64.zip,linux,14
2026-08-26T01:07:51.441739+00:00,v0.14.0b4-research,activitywatch-research-v0.14.0b4-macos-arm64.dmg,macos,11
2026-08-26T01:07:51.441739+00:00,v0.14.0b4-research,activitywatch-research-v0.14.0b4-macos-arm64.zip,macos,8
2026-08-26T01:07:51.441739+00:00,v0.14.0b4-research,activitywatch-research-v0.14.0b4-macos-x86_64.dmg,macos,6
2026-08-26T01:07:51.441739+00:00,v0.14.0b4-research,activitywatch-research-v0.14.0b4-macos-x86_64.zip,macos,5
2026-08-26T01:07:51.441739+00:00,v0.14.0b4-research,activitywatch-research-v0.14.0b4-windows-x86_64-setup.exe,windows,29
2026-08-26T01:07:51.441739+00:00,v0.14.0b4-research,activitywatch-research-v0.14.0b4-windows-x86_64.zip,windows,9
2026-08-26T01:07:51.441739+00:00,v0.14.0b4-research,activitywatch-tauri-research-v0.14.0b4-linux-aarch64.AppImage,linux,4
2026-08-26T01:07:51.441739+00:00,v0.14.0b4-research,activitywatch-tauri-research-v0.14.0b4-linux-aarch64.deb,linux,4
2026-08-26T01:07:51.441739+00:00,v0.14.0b4-research,activitywatch-tauri-research-v0.14.0b4-linux-aarch64.rpm,linux,4
2026-08-26T01:07:51.441739+00:00,v0.14.0b4-research,activitywatch-tauri-research-v0.14.0b4-linux-aarch64.zip,linux,5
2026-08-26T01:07:51.441739+00:00,v0.14.0b4-research,activitywatch-tauri-research-v0.14.0b4-linux-x86_64.AppImage,linux,6
2026-08-26T01:07:51.441739+00:00,v0.14.0b4-research,activitywatch-tauri-research-v0.14.0b4-linux-x86_64.deb,linux,5
2026-08-26T01:07:51.441739+00:00,v0.14.0b4-research,activitywatch-tauri-research-v0.14.0b4-linux-x86_64.rpm,linux,4
2026-08-26T01:07:51.441739+00:00,v0.14.0b4-research,activitywatch-tauri-research-v0.14.0b4-linux-x86_64.zip,linux,4
2026-08-26T01:07:51.441739+00:00,v0.14.0b4-research,activitywatch-tauri-research-v0.14.0b4-macos-arm64.dmg,macos,5
2026-08-26T01:07:51.441739+00:00,v0.14.0b4-research,activitywatch-tauri-research-v0.14.0b4-macos-arm64.zip,macos,4
2026-08-26T01:07:51.441739+00:00,v0.14.0b4-research,activitywatch-tauri-research-v0.14.0b4-macos-x86_64.dmg,macos,4
2026-08-26T01:07:51.441739+00:00,v0.14.0b4-research,activitywatch-tauri-research-v0.14.0b4-macos-x86_64.zip,macos,4
2026-08-26T01:07:51.441739+00:00,v0.14.0b4-research,activitywatch-tauri-research-v0.14.0b4-windows-x86_64-setup.exe,windows,11
2026-08-26T01:07:51.441739+00:00,v0.14.0b4-research,activitywatch-tauri-research-v0.14.0b4-windows-x86_64.zip,windows,5
2026-08-26T06:42:27.193646+00:00,v0.13.2,activitywatch-linux-x86_64.AppImage,linux,35618
2026-08-26T06:42:27.193646+00:00,v0.13.2,activitywatch-v0.13.2-linux-x86_64.deb,linux,6963
2026-08-26T06:42:27.193646+00:00,v0.13.2,activitywatch-v0.13.2-linux-x86_64.zip,linux,97017
2026-08-26T06:42:27.193646+00:00,v0.13.2,activitywatch-v0.13.2-macos-x86_64.dmg,macos,135688
2026-08-26T06:42:27.193646+00:00,v0.13.2,activitywatch-v0.13.2-macos-x86_64.zip,macos,11819
2026-08-26T06:42:27.193646+00:00,v0.13.2,activitywatch-v0.13.2-windows-x86_64-setup.exe,windows,300125
2026-08-26T06:42:27.193646+00:00,v0.13.2,activitywatch-v0.13.2-windows-x86_64.zip,windows,29133
2026-08-26T06:42:27.193646+00:00,v0.14.0b1,activitywatch-v0.14.0b1-macos-arm64.dmg,macos,1244
2026-08-26T06:42:27.193646+00:00,v0.14.0b3,activitywatch-v0.14.0b3-linux-x86_64.zip,linux,223
2026-08-26T06:42:27.193646+00:00,v0.14.0b4,activitywatch-linux-x86_64.AppImage,linux,18
2026-08-26T06:42:27.193646+00:00,v0.14.0b4,activitywatch-tauri-v0.14.0b4-macos-arm64.dmg,macos,105
2026-08-26T06:42:27.193646+00:00,v0.14.0b4,activitywatch-v0.14.0b4-linux-x86_64.deb,linux,17
2026-08-26T06:42:27.193646+00:00,v0.14.0b4,activitywatch-v0.14.0b4-linux-x86_64.zip,linux,80
2026-08-26T06:42:27.193646+00:00,v0.14.0b4,activitywatch-v0.14.0b4-macos-arm64.dmg,macos,103
2026-08-26T06:42:27.193646+00:00,v0.14.0b4,activitywatch-v0.14.0b4-macos-arm64.zip,macos,21
2026-08-26T06:42:27.193646+00:00,v0.14.0b4,activitywatch-v0.14.0b4-macos-x86_64.dmg,macos,76
2026-08-26T06:42:27.193646+00:00,v0.14.0b4,activitywatch-v0.14.0b4-windows-x86_64-setup.exe,windows,189
2026-08-26T06:42:27.193646+00:00,v0.14.0b4,activitywatch-v0.14.0b4-windows-x86_64.zip,windows,32
2026-08-26T12:45:01.712789+00:00,v0.12.2,activitywatch-v0.12.2-linux-x86_64.zip,linux,31644
2026-08-26T12:45:01.712789+00:00,v0.12.2,activitywatch-v0.12.2-windows-x86_64-setup.exe,windows,57995
2026-08-26T12:45:01.712789+00:00,v0.12.3b18,activitywatch-v0.12.3b18-linux-x86_64.zip,linux,1982
2026-08-26T12:45:01.712789+00:00,v0.13.0,activitywatch-v0.13.0-windows-x86_64-setup.exe,windows,3071
2026-08-26T12:45:01.712789+00:00,v0.13.1,activitywatch-v0.13.1-windows-x86_64-setup.exe,windows,25792
2026-08-26T12:45:01.712789+00:00,v0.13.2,activitywatch-linux-x86_64.AppImage,linux,35643
2026-08-26T12:45:01.712789+00:00,v0.13.2,activitywatch-v0.13.2-linux-x86_64.deb,linux,6987
2026-08-26T12:45:01.712789+00:00,v0.13.2,activitywatch-v0.13.2-linux-x86_64.zip,linux,97077
2026-08-26T12:45:01.712789+00:00,v0.13.2,activitywatch-v0.13.2-macos-x86_64.dmg,macos,135779
2026-08-26T12:45:01.712789+00:00,v0.13.2,activitywatch-v0.13.2-macos-x86_64.zip,macos,11822
2026-08-26T12:45:01.712789+00:00,v0.13.2,activitywatch-v0.13.2-windows-x86_64-setup.exe,windows,300346
2026-08-26T12:45:01.712789+00:00,v0.13.2,activitywatch-v0.13.2-windows-x86_64.zip,windows,29146
2026-08-26T12:45:01.712789+00:00,v0.14.0b3,activitywatch-v0.14.0b3-linux-x86_64.zip,linux,224
2026-08-26T12:45:01.712789+00:00,v0.14.0b3,activitywatch-v0.14.0b3-windows-x86_64-setup.exe,windows,926
2026-08-26T12:45:01.712789+00:00,v0.14.0b4,activitywatch-linux-x86_64.AppImage,linux,19
2026-08-26T12:45:01.712789+00:00,v0.14.0b4,activitywatch-tauri-v0.14.0b4-macos-arm64.dmg,macos,109
2026-08-26T12:45:01.712789+00:00,v0.14.0b4,activitywatch-v0.14.0b4-linux-x86_64.deb,linux,18
2026-08-26T12:45:01.712789+00:00,v0.14.0b4,activitywatch-v0.14.0b4-linux-x86_64.zip,linux,93
2026-08-26T12:45:01.712789+00:00,v0.14.0b4,activitywatch-v0.14.0b4-macos-arm64.dmg,macos,110
2026-08-26T12:45:01.712789+00:00,v0.14.0b4,activitywatch-v0.14.0b4-macos-arm64.zip,macos,30
2026-08-26T12:45:01.712789+00:00,v0.14.0b4,activitywatch-v0.14.0b4-macos-x86_64.dmg,macos,82
2026-08-26T12:45:01.712789+00:00,v0.14.0b4,activitywatch-v0.14.0b4-macos-x86_64.zip,macos,22
2026-08-26T12:45:01.712789+00:00,v0.14.0b4,activitywatch-v0.14.0b4-windows-x86_64-setup.exe,windows,202
2026-08-26T12:45:01.712789+00:00,v0.14.0b4,activitywatch-v0.14.0b4-windows-x86_64.zip,windows,38
2026-08-26T12:45:01.712789+00:00,v0.14.0b4-research,activitywatch-research-v0.14.0b4-windows-x86_64-setup.exe,windows,30
2026-08-26T19:35:46.119550+00:00,v0.12.2,activitywatch-v0.12.2-windows-x86_64-setup.exe,windows,57996
2026-08-26T19:35:46.119550+00:00,v0.13.1,activitywatch-v0.13.1-windows-x86_64-setup.exe,windows,25793
2026-08-26T19:35:46.119550+00:00,v0.13.2,activitywatch-linux-x86_64.AppImage,linux,35671
2026-08-26T19:35:46.119550+00:00,v0.13.2,activitywatch-v0.13.2-linux-x86_64.deb,linux,7017
2026-08-26T19:35:46.119550+00:00,v0.13.2,activitywatch-v0.13.2-linux-x86_64.zip,linux,97144
2026-08-26T19:35:46.119550+00:00,v0.13.2,activitywatch-v0.13.2-macos-x86_64.dmg,macos,135908
2026-08-26T19:35:46.119550+00:00,v0.13.2,activitywatch-v0.13.2-macos-x86_64.zip,macos,11826
2026-08-26T19:35:46.119550+00:00,v0.13.2,activitywatch-v0.13.2-windows-x86_64-setup.exe,windows,300574
2026-08-26T19:35:46.119550+00:00,v0.13.2,activitywatch-v0.13.2-windows-x86_64.zip,windows,29159
2026-08-26T19:35:46.119550+00:00,v0.14.0b3,activitywatch-v0.14.0b3-macos-arm64.dmg,macos,337
2026-08-26T19:35:46.119550+00:00,v0.14.0b4,activitywatch-linux-x86_64.AppImage,linux,21
2026-08-26T19:35:46.119550+00:00,v0.14.0b4,activitywatch-tauri-v0.14.0b4-macos-arm64.dmg,macos,112
2026-08-26T19:35:46.119550+00:00,v0.14.0b4,activitywatch-tauri-v0.14.0b4-macos-arm64.zip,macos,6
2026-08-26T19:35:46.119550+00:00,v0.14.0b4,activitywatch-v0.14.0b4-linux-x86_64.zip,linux,97
2026-08-26T19:35:46.119550+00:00,v0.14.0b4,activitywatch-v0.14.0b4-macos-arm64.dmg,macos,118
2026-08-26T19:35:46.119550+00:00,v0.14.0b4,activitywatch-v0.14.0b4-macos-arm64.zip,macos,32
2026-08-26T19:35:46.119550+00:00,v0.14.0b4,activitywatch-v0.14.0b4-macos-x86_64.dmg,macos,84
2026-08-26T19:35:46.119550+00:00,v0.14.0b4,activitywatch-v0.14.0b4-macos-x86_64.zip,macos,23
2026-08-26T19:35:46.119550+00:00,v0.14.0b4,activitywatch-v0.14.0b4-windows-x86_64-setup.exe,windows,214
2026-08-26T19:35:46.119550+00:00,v0.14.0b4,activitywatch-v0.14.0b4-windows-x86_64.zip,windows,39
2026-08-26T19:35:46.119550+00:00,v0.14.0b4-research,activitywatch-research-v0.14.0b4-linux-x86_64.deb,linux,10
2026-08-26T19:42:41.205239+00:00,v0.13.2,activitywatch-linux-x86_64.AppImage,linux,35673
2026-08-26T19:42:41.205239+00:00,v0.13.2,activitywatch-v0.13.2-linux-x86_64.deb,linux,7019
2026-08-26T19:42:41.205239+00:00,v0.13.2,activitywatch-v0.13.2-macos-x86_64.dmg,macos,135914
2026-08-26T19:42:41.205239+00:00,v0.13.2,activitywatch-v0.13.2-windows-x86_64-setup.exe,windows,300582
2026-08-27T07:16:26.157365+00:00,v0.11.0,activitywatch-v0.11.0-windows-x86_64-setup.exe,windows,38361
2026-08-27T07:16:26.157365+00:00,v0.12.0,activitywatch-v0.12.0-windows-x86_64-setup.exe,windows,8079
2026-08-27T07:16:26.157365+00:00,v0.12.1,activitywatch-v0.12.1-windows-x86_64-setup.exe,windows,23280
2026-08-27T07:16:26.157365+00:00,v0.12.2,activitywatch-v0.12.2-windows-x86_64-setup.exe,windows,57997
2026-08-27T07:16:26.157365+00:00,v0.12.3b18,activitywatch-v0.12.3b18-linux-x86_64.zip,linux,1984
2026-08-27T07:16:26.157365+00:00,v0.13.0,activitywatch-v0.13.0-windows-x86_64-setup.exe,windows,3072
2026-08-27T07:16:26.157365+00:00,v0.13.1,activitywatch-v0.13.1-windows-x86_64-setup.exe,windows,25794
2026-08-27T07:16:26.157365+00:00,v0.13.2,activitywatch-linux-x86_64.AppImage,linux,35718
2026-08-27T07:16:26.157365+00:00,v0.13.2,activitywatch-v0.13.2-linux-x86_64.deb,linux,7064
2026-08-27T07:16:26.157365+00:00,v0.13.2,activitywatch-v0.13.2-linux-x86_64.zip,linux,97222
2026-08-27T07:16:26.157365+00:00,v0.13.2,activitywatch-v0.13.2-macos-x86_64.dmg,macos,136056
2026-08-27T07:16:26.157365+00:00,v0.13.2,activitywatch-v0.13.2-macos-x86_64.zip,macos,11833
2026-08-27T07:16:26.157365+00:00,v0.13.2,activitywatch-v0.13.2-windows-x86_64-setup.exe,windows,300869
2026-08-27T07:16:26.157365+00:00,v0.13.2,activitywatch-v0.13.2-windows-x86_64.zip,windows,29183
2026-08-27T07:16:26.157365+00:00,v0.14.0b2,activitywatch-v0.14.0b2-windows-x86_64-setup.exe,windows,297
2026-08-27T07:16:26.157365+00:00,v0.14.0b4,activitywatch-linux-x86_64.AppImage,linux,22
2026-08-27T07:16:26.157365+00:00,v0.14.0b4,activitywatch-tauri-v0.14.0b4-linux-x86_64.zip,linux,8
2026-08-27T07:16:26.157365+00:00,v0.14.0b4,activitywatch-tauri-v0.14.0b4-macos-arm64.dmg,macos,122
2026-08-27T07:16:26.157365+00:00,v0.14.0b4,activitywatch-tauri-v0.14.0b4-macos-arm64.zip,macos,7
2026-08-27T07:16:26.157365+00:00,v0.14.0b4,activitywatch-tauri-v0.14.0b4-windows-x86_64.zip,windows,14
2026-08-27T07:16:26.157365+00:00,v0.14.0b4,activitywatch-v0.14.0b4-linux-x86_64.deb,linux,19
2026-08-27T07:16:26.157365+00:00,v0.14.0b4,activitywatch-v0.14.0b4-linux-x86_64.zip,linux,103
2026-08-27T07:16:26.157365+00:00,v0.14.0b4,activitywatch-v0.14.0b4-macos-arm64.dmg,macos,127
2026-08-27T07:16:26.157365+00:00,v0.14.0b4,activitywatch-v0.14.0b4-macos-arm64.zip,macos,34
2026-08-27T07:16:26.157365+00:00,v0.14.0b4,activitywatch-v0.14.0b4-macos-x86_64.dmg,macos,85
2026-08-27T07:16:26.157365+00:00,v0.14.0b4,activitywatch-v0.14.0b4-macos-x86_64.zip,macos,24
2026-08-27T07:16:26.157365+00:00,v0.14.0b4,activitywatch-v0.14.0b4-windows-x86_64-setup.exe,windows,231
2026-08-27T07:16:26.157365+00:00,v0.14.0b4,activitywatch-v0.14.0b4-windows-x86_64.zip,windows,41
2026-08-27T07:16:26.157365+00:00,v0.14.0b4-research,activitywatch-research-v0.14.0b4-macos-arm64.dmg,macos,12
2026-08-27T07:16:26.157365+00:00,v0.14.0b4-research,activitywatch-research-v0.14.0b4-windows-x86_64-setup.exe,windows,31
2026-08-27T07:16:26.157365+00:00,v0.14.0b4-research,activitywatch-tauri-research-v0.14.0b4-windows-x86_64-setup.exe,windows,12
2026-08-27T21:44:45.302284+00:00,v0.11.0,activitywatch-v0.11.0-windows-x86_64-setup.exe,windows,38362
2026-08-27T21:44:45.302284+00:00,v0.12.0,activitywatch-v0.12.0-windows-x86_64-setup.exe,windows,8080
2026-08-27T21:44:45.302284+00:00,v0.12.2,activitywatch-v0.12.2-windows-x86_64-setup.exe,windows,58000
2026-08-27T21:44:45.302284+00:00,v0.12.2,activitywatch-v0.12.2-windows-x86_64.zip,windows,12032
2026-08-27T21:44:45.302284+00:00,v0.13.0,activitywatch-v0.13.0-windows-x86_64-setup.exe,windows,3073
2026-08-27T21:44:45.302284+00:00,v0.13.1,activitywatch-v0.13.1-windows-x86_64-setup.exe,windows,25795
2026-08-27T21:44:45.302284+00:00,v0.13.2,activitywatch-linux-x86_64.AppImage,linux,35782
2026-08-27T21:44:45.302284+00:00,v0.13.2,activitywatch-v0.13.2-linux-x86_64.deb,linux,7130
2026-08-27T21:44:45.302284+00:00,v0.13.2,activitywatch-v0.13.2-linux-x86_64.zip,linux,97325
2026-08-27T21:44:45.302284+00:00,v0.13.2,activitywatch-v0.13.2-macos-x86_64.dmg,macos,136269
2026-08-27T21:44:45.302284+00:00,v0.13.2,activitywatch-v0.13.2-macos-x86_64.zip,macos,11844
2026-08-27T21:44:45.302284+00:00,v0.13.2,activitywatch-v0.13.2-windows-x86_64-setup.exe,windows,301329
2026-08-27T21:44:45.302284+00:00,v0.13.2,activitywatch-v0.13.2-windows-x86_64.zip,windows,29223
2026-08-27T21:44:45.302284+00:00,v0.14.0b2,activitywatch-v0.14.0b2-linux-x86_64.zip,linux,100
2026-08-27T21:44:45.302284+00:00,v0.14.0b2,activitywatch-v0.14.0b2-macos-x86_64.dmg,macos,64
2026-08-27T21:44:45.302284+00:00,v0.14.0b2,activitywatch-v0.14.0b2-windows-x86_64-setup.exe,windows,298
2026-08-27T21:44:45.302284+00:00,v0.14.0b3,activitywatch-tauri-v0.14.0b3-macos-arm64.dmg,macos,182
2026-08-27T21:44:45.302284+00:00,v0.14.0b3,activitywatch-v0.14.0b3-linux-x86_64.zip,linux,225
2026-08-27T21:44:45.302284+00:00,v0.14.0b3,activitywatch-v0.14.0b3-macos-arm64.dmg,macos,338
2026-08-27T21:44:45.302284+00:00,v0.14.0b3,activitywatch-v0.14.0b3-macos-x86_64.dmg,macos,177
2026-08-27T21:44:45.302284+00:00,v0.14.0b3,activitywatch-v0.14.0b3-windows-x86_64-setup.exe,windows,927
2026-08-27T21:44:45.302284+00:00,v0.14.0b4,activitywatch-linux-x86_64.AppImage,linux,23
2026-08-27T21:44:45.302284+00:00,v0.14.0b4,activitywatch-tauri-v0.14.0b4-macos-arm64.dmg,macos,126
2026-08-27T21:44:45.302284+00:00,v0.14.0b4,activitywatch-tauri-v0.14.0b4-macos-x86_64.dmg,macos,5
2026-08-27T21:44:45.302284+00:00,v0.14.0b4,activitywatch-v0.14.0b4-linux-x86_64.deb,linux,21
2026-08-27T21:44:45.302284+00:00,v0.14.0b4,activitywatch-v0.14.0b4-linux-x86_64.zip,linux,116
2026-08-27T21:44:45.302284+00:00,v0.14.0b4,activitywatch-v0.14.0b4-macos-arm64.dmg,macos,137
2026-08-27T21:44:45.302284+00:00,v0.14.0b4,activitywatch-v0.14.0b4-macos-arm64.zip,macos,38
2026-08-27T21:44:45.302284+00:00,v0.14.0b4,activitywatch-v0.14.0b4-macos-x86_64.dmg,macos,99
2026-08-27T21:44:45.302284+00:00,v0.14.0b4,activitywatch-v0.14.0b4-macos-x86_64.zip,macos,28
2026-08-27T21:44:45.302284+00:00,v0.14.0b4,activitywatch-v0.14.0b4-windows-x86_64-setup.exe,windows,248
2026-08-27T21:44:45.302284+00:00,v0.14.0b4,activitywatch-v0.14.0b4-windows-x86_64.zip,windows,48
2026-08-27T21:44:45.302284+00:00,v0.14.0b4-research,activitywatch-research-v0.14.0b4-linux-x86_64.deb,linux,11
2026-08-27T21:44:45.302284+00:00,v0.14.0b4-research,activitywatch-research-v0.14.0b4-macos-arm64.dmg,macos,13
2026-08-27T21:44:45.302284+00:00,v0.14.0b4-research,activitywatch-research-v0.14.0b4-macos-x86_64.dmg,macos,7
2026-08-27T21:44:45.302284+00:00,v0.14.0b4-research,activitywatch-research-v0.14.0b4-windows-x86_64-setup.exe,windows,32
2026-08-27T21:44:45.302284+00:00,v0.14.0b4-research,activitywatch-research-v0.14.0b4-windows-x86_64.zip,windows,10
2026-08-27T21:44:45.302284+00:00,v0.14.0b4-research,activitywatch-tauri-research-v0.14.0b4-windows-x86_64-setup.exe,windows,13
2026-08-27T21:44:45.302284+00:00,v0.14.0b4-research,activitywatch-tauri-research-v0.14.0b4-windows-x86_64.zip,windows,6
2026-08-28T09:30:13.878920+00:00,v0.12.0,activitywatch-v0.12.0-windows-x86_64-setup.exe,windows,8082
2026-08-28T09:30:13.878920+00:00,v0.12.1,activitywatch-v0.12.1-windows-x86_64-setup.exe,windows,23282
2026-08-28T09:30:13.878920+00:00,v0.12.3b18,activitywatch-v0.12.3b18-linux-x86_64.zip,linux,1992
2026-08-28T09:30:13.878920+00:00,v0.12.3b19,activitywatch-v0.12.3b19-windows-x86_64-setup.exe,windows,676
2026-08-28T09:30:13.878920+00:00,v0.13.2,activitywatch-linux-x86_64.AppImage,linux,35820
2026-08-28T09:30:13.878920+00:00,v0.13.2,activitywatch-v0.13.2-linux-x86_64.deb,linux,7175
2026-08-28T09:30:13.878920+00:00,v0.13.2,activitywatch-v0.13.2-linux-x86_64.zip,linux,97400
2026-08-28T09:30:13.878920+00:00,v0.13.2,activitywatch-v0.13.2-macos-x86_64.dmg,macos,136417
2026-08-28T09:30:13.878920+00:00,v0.13.2,activitywatch-v0.13.2-macos-x86_64.zip,macos,11853
2026-08-28T09:30:13.878920+00:00,v0.13.2,activitywatch-v0.13.2-windows-x86_64-setup.exe,windows,301578
2026-08-28T09:30:13.878920+00:00,v0.13.2,activitywatch-v0.13.2-windows-x86_64.zip,windows,29261
2026-08-28T09:30:13.878920+00:00,v0.14.0b1,activitywatch-v0.14.0b1-macos-arm64.dmg,macos,1245
2026-08-28T09:30:13.878920+00:00,v0.14.0b2,activitywatch-v0.14.0b2-macos-arm64.zip,macos,25
2026-08-28T09:30:13.878920+00:00,v0.14.0b3,activitywatch-v0.14.0b3-macos-arm64.zip,macos,48
2026-08-28T09:30:13.878920+00:00,v0.14.0b4,activitywatch-tauri-v0.14.0b4-macos-arm64.dmg,macos,130
2026-08-28T09:30:13.878920+00:00,v0.14.0b4,activitywatch-tauri-v0.14.0b4-windows-x86_64-setup.exe,windows,15
2026-08-28T09:30:13.878920+00:00,v0.14.0b4,activitywatch-tauri-v0.14.0b4-windows-x86_64.zip,windows,15
2026-08-28T09:30:13.878920+00:00,v0.14.0b4,activitywatch-v0.14.0b4-linux-x86_64.deb,linux,22
2026-08-28T09:30:13.878920+00:00,v0.14.0b4,activitywatch-v0.14.0b4-linux-x86_64.zip,linux,121
2026-08-28T09:30:13.878920+00:00,v0.14.0b4,activitywatch-v0.14.0b4-macos-arm64.dmg,macos,149
2026-08-28T09:30:13.878920+00:00,v0.14.0b4,activitywatch-v0.14.0b4-macos-arm64.zip,macos,40
2026-08-28T09:30:13.878920+00:00,v0.14.0b4,activitywatch-v0.14.0b4-macos-x86_64.dmg,macos,102
2026-08-28T09:30:13.878920+00:00,v0.14.0b4,activitywatch-v0.14.0b4-macos-x86_64.zip,macos,29
2026-08-28T09:30:13.878920+00:00,v0.14.0b4,activitywatch-v0.14.0b4-windows-x86_64-setup.exe,windows,260
2026-08-28T09:30:13.878920+00:00,v0.14.0b4,activitywatch-v0.14.0b4-windows-x86_64.zip,windows,51
2026-08-28T09:30:13.878920+00:00,v0.14.0b4-research,activitywatch-research-v0.14.0b4-linux-x86_64.deb,linux,12
2026-08-28T09:30:13.878920+00:00,v0.14.0b4-research,activitywatch-research-v0.14.0b4-windows-x86_64-setup.exe,windows,37
2026-08-28T09:30:13.878920+00:00,v0.14.0b4-research,activitywatch-research-v0.14.0b4-windows-x86_64.zip,windows,11
2026-08-28T09:30:13.878920+00:00,v0.14.0b4-research,activitywatch-tauri-research-v0.14.0b4-windows-x86_64-setup.exe,windows,17
2026-08-28T09:30:13.878920+00:00,v0.14.0b4-research,activitywatch-tauri-research-v0.14.0b4-windows-x86_64.zip,windows,9
2026-08-28T21:42:23.512498+00:00,v0.11.0,activitywatch-v0.11.0-windows-x86_64-setup.exe,windows,38365
2026-08-28T21:42:23.512498+00:00,v0.12.0,activitywatch-v0.12.0-windows-x86_64-setup.exe,windows,8084
2026-08-28T21:42:23.512498+00:00,v0.12.2,activitywatch-v0.12.2-linux-x86_64.zip,linux,31645
2026-08-28T21:42:23.512498+00:00,v0.12.2,activitywatch-v0.12.2-windows-x86_64-setup.exe,windows,58003
2026-08-28T21:42:23.512498+00:00,v0.12.3b10,activitywatch-linux-x86_64.AppImage,linux,111
2026-08-28T21:42:23.512498+00:00,v0.12.3b18,activitywatch-v0.12.3b18-linux-x86_64.zip,linux,2010
2026-08-28T21:42:23.512498+00:00,v0.13.0,activitywatch-v0.13.0-windows-x86_64-setup.exe,windows,3076
2026-08-28T21:42:23.512498+00:00,v0.13.1,activitywatch-v0.13.1-windows-x86_64-setup.exe,windows,25798
2026-08-28T21:42:23.512498+00:00,v0.13.2,activitywatch-linux-x86_64.AppImage,linux,35859
2026-08-28T21:42:23.512498+00:00,v0.13.2,activitywatch-v0.13.2-linux-x86_64.deb,linux,7222
2026-08-28T21:42:23.512498+00:00,v0.13.2,activitywatch-v0.13.2-linux-x86_64.zip,linux,97509
2026-08-28T21:42:23.512498+00:00,v0.13.2,activitywatch-v0.13.2-macos-x86_64.dmg,macos,136582
2026-08-28T21:42:23.512498+00:00,v0.13.2,activitywatch-v0.13.2-macos-x86_64.zip,macos,11861
2026-08-28T21:42:23.512498+00:00,v0.13.2,activitywatch-v0.13.2-windows-x86_64-setup.exe,windows,301935
2026-08-28T21:42:23.512498+00:00,v0.13.2,activitywatch-v0.13.2-windows-x86_64.zip,windows,29290
2026-08-28T21:42:23.512498+00:00,v0.14.0b2,activitywatch-tauri-v0.14.0b2-linux-x86_64.rpm,linux,7
2026-08-28T21:42:23.512498+00:00,v0.14.0b2,activitywatch-v0.14.0b2-windows-x86_64-setup.exe,windows,300
2026-08-28T21:42:23.512498+00:00,v0.14.0b4,activitywatch-linux-x86_64.AppImage,linux,24
2026-08-28T21:42:23.512498+00:00,v0.14.0b4,activitywatch-tauri-v0.14.0b4-macos-arm64.dmg,macos,135
2026-08-28T21:42:23.512498+00:00,v0.14.0b4,activitywatch-tauri-v0.14.0b4-windows-x86_64-setup.exe,windows,16
2026-08-28T21:42:23.512498+00:00,v0.14.0b4,activitywatch-v0.14.0b4-linux-x86_64.deb,linux,23
2026-08-28T21:42:23.512498+00:00,v0.14.0b4,activitywatch-v0.14.0b4-linux-x86_64.zip,linux,127
2026-08-28T21:42:23.512498+00:00,v0.14.0b4,activitywatch-v0.14.0b4-macos-arm64.dmg,macos,159
2026-08-28T21:42:23.512498+00:00,v0.14.0b4,activitywatch-v0.14.0b4-macos-arm64.zip,macos,44
2026-08-28T21:42:23.512498+00:00,v0.14.0b4,activitywatch-v0.14.0b4-macos-x86_64.dmg,macos,105
2026-08-28T21:42:23.512498+00:00,v0.14.0b4,activitywatch-v0.14.0b4-macos-x86_64.zip,macos,32
2026-08-28T21:42:23.512498+00:00,v0.14.0b4,activitywatch-v0.14.0b4-windows-x86_64-setup.exe,windows,271
2026-08-28T21:42:23.512498+00:00,v0.14.0b4,activitywatch-v0.14.0b4-windows-x86_64.zip,windows,54
2026-08-28T21:42:23.512498+00:00,v0.14.0b4-research,activitywatch-research-linux-x86_64.AppImage,linux,11
2026-08-28T21:42:23.512498+00:00,v0.14.0b4-research,activitywatch-research-v0.14.0b4-windows-x86_64-setup.exe,windows,39
2026-08-28T21:42:23.512498+00:00,v0.14.0b4-research,activitywatch-tauri-research-v0.14.0b4-windows-x86_64-setup.exe,windows,18
2026-08-28T21:42:23.512498+00:00,v0.14.0b4-research,activitywatch-tauri-research-v0.14.0b4-windows-x86_64.zip,windows,11
2026-08-29T05:36:33.374812+00:00,v0.12.3b18,activitywatch-v0.12.3b18-linux-x86_64.zip,linux,2012
2026-08-29T05:36:33.374812+00:00,v0.13.2,activitywatch-linux-x86_64.AppImage,linux,35865
2026-08-29T05:36:33.374812+00:00,v0.13.2,activitywatch-v0.13.2-linux-x86_64.deb,linux,7231
2026-08-29T05:36:33.374812+00:00,v0.13.2,activitywatch-v0.13.2-linux-x86_64.zip,linux,97546
2026-08-29T05:36:33.374812+00:00,v0.13.2,activitywatch-v0.13.2-macos-x86_64.dmg,macos,136659
2026-08-29T05:36:33.374812+00:00,v0.13.2,activitywatch-v0.13.2-macos-x86_64.zip,macos,11862
2026-08-29T05:36:33.374812+00:00,v0.13.2,activitywatch-v0.13.2-windows-x86_64-setup.exe,windows,302063
2026-08-29T05:36:33.374812+00:00,v0.13.2,activitywatch-v0.13.2-windows-x86_64.zip,windows,29302
2026-08-29T05:36:33.374812+00:00,v0.14.0b3,activitywatch-v0.14.0b3-macos-arm64.dmg,macos,340
2026-08-29T05:36:33.374812+00:00,v0.14.0b4,activitywatch-tauri-v0.14.0b4-macos-arm64.dmg,macos,136
2026-08-29T05:36:33.374812+00:00,v0.14.0b4,activitywatch-v0.14.0b4-linux-x86_64.zip,linux,128
2026-08-29T05:36:33.374812+00:00,v0.14.0b4,activitywatch-v0.14.0b4-macos-arm64.dmg,macos,165
2026-08-29T05:36:33.374812+00:00,v0.14.0b4,activitywatch-v0.14.0b4-macos-arm64.zip,macos,46
2026-08-29T05:36:33.374812+00:00,v0.14.0b4,activitywatch-v0.14.0b4-macos-x86_64.zip,macos,33
2026-08-29T05:36:33.374812+00:00,v0.14.0b4,activitywatch-v0.14.0b4-windows-x86_64-setup.exe,windows,276
2026-08-29T05:36:33.374812+00:00,v0.14.0b4,activitywatch-v0.14.0b4-windows-x86_64.zip,windows,57
2026-08-29T05:36:33.374812+00:00,v0.14.0b4-research,activitywatch-research-v0.14.0b4-windows-x86_64-setup.exe,windows,41
2026-08-29T05:36:33.374812+00:00,v0.8.0b7,activitywatch-v0.8.0b7-macos-x86_64.zip,macos,1653
2026-08-29T12:15:57.083438+00:00,v0.12.0,activitywatch-v0.12.0-windows-x86_64-setup.exe,windows,8085
2026-08-29T12:15:57.083438+00:00,v0.12.0,activitywatch-v0.12.0-windows-x86_64.zip,windows,2143
2026-08-29T12:15:57.083438+00:00,v0.12.2,activitywatch-v0.12.2-macos-x86_64.dmg,macos,22561
2026-08-29T12:15:57.083438+00:00,v0.12.3b18,activitywatch-v0.12.3b18-linux-x86_64.zip,linux,2036
2026-08-29T12:15:57.083438+00:00,v0.13.2,activitywatch-linux-x86_64.AppImage,linux,35890
2026-08-29T12:15:57.083438+00:00,v0.13.2,activitywatch-v0.13.2-linux-x86_64.deb,linux,7260
2026-08-29T12:15:57.083438+00:00,v0.13.2,activitywatch-v0.13.2-linux-x86_64.zip,linux,97579
2026-08-29T12:15:57.083438+00:00,v0.13.2,activitywatch-v0.13.2-macos-x86_64.dmg,macos,136735
2026-08-29T12:15:57.083438+00:00,v0.13.2,activitywatch-v0.13.2-macos-x86_64.zip,macos,11865
2026-08-29T12:15:57.083438+00:00,v0.13.2,activitywatch-v0.13.2-windows-x86_64-setup.exe,windows,302215
2026-08-29T12:15:57.083438+00:00,v0.13.2,activitywatch-v0.13.2-windows-x86_64.zip,windows,29332
2026-08-29T12:15:57.083438+00:00,v0.14.0b3,activitywatch-v0.14.0b3-macos-arm64.dmg,macos,341
2026-08-29T12:15:57.083438+00:00,v0.14.0b3,activitywatch-v0.14.0b3-windows-x86_64-setup.exe,windows,930
2026-08-29T12:15:57.083438+00:00,v0.14.0b4,activitywatch-linux-x86_64.AppImage,linux,25
2026-08-29T12:15:57.083438+00:00,v0.14.0b4,activitywatch-tauri-v0.14.0b4-macos-arm64.dmg,macos,138
2026-08-29T12:15:57.083438+00:00,v0.14.0b4,activitywatch-tauri-v0.14.0b4-windows-x86_64.zip,windows,16
2026-08-29T12:15:57.083438+00:00,v0.14.0b4,activitywatch-v0.14.0b4-macos-arm64.dmg,macos,169
2026-08-29T12:15:57.083438+00:00,v0.14.0b4,activitywatch-v0.14.0b4-windows-x86_64-setup.exe,windows,294
2026-08-29T12:15:57.083438+00:00,v0.14.0b4,activitywatch-v0.14.0b4-windows-x86_64.zip,windows,58
2026-08-29T20:23:11.935559+00:00,v0.11.0,activitywatch-v0.11.0-windows-x86_64-setup.exe,windows,38366
2026-08-29T20:23:11.935559+00:00,v0.12.0b2,activitywatch-v0.12.0b2-linux-x86_64.zip,linux,834
2026-08-29T20:23:11.935559+00:00,v0.12.3b10,activitywatch-v0.12.3b10-windows-x86_64-setup.exe,windows,866
2026-08-29T20:23:11.935559+00:00,v0.13.2,activitywatch-linux-x86_64.AppImage,linux,35921
2026-08-29T20:23:11.935559+00:00,v0.13.2,activitywatch-v0.13.2-linux-x86_64.deb,linux,7296
2026-08-29T20:23:11.935559+00:00,v0.13.2,activitywatch-v0.13.2-linux-x86_64.zip,linux,97643
2026-08-29T20:23:11.935559+00:00,v0.13.2,activitywatch-v0.13.2-macos-x86_64.dmg,macos,136842
2026-08-29T20:23:11.935559+00:00,v0.13.2,activitywatch-v0.13.2-macos-x86_64.zip,macos,11869
2026-08-29T20:23:11.935559+00:00,v0.13.2,activitywatch-v0.13.2-windows-x86_64-setup.exe,windows,302415
2026-08-29T20:23:11.935559+00:00,v0.13.2,activitywatch-v0.13.2-windows-x86_64.zip,windows,29342
2026-08-29T20:23:11.935559+00:00,v0.14.0b4,activitywatch-tauri-v0.14.0b4-macos-arm64.dmg,macos,140
2026-08-29T20:23:11.935559+00:00,v0.14.0b4,activitywatch-tauri-v0.14.0b4-windows-x86_64-setup.exe,windows,17
2026-08-29T20:23:11.935559+00:00,v0.14.0b4,activitywatch-v0.14.0b4-linux-x86_64.zip,linux,130
2026-08-29T20:23:11.935559+00:00,v0.14.0b4,activitywatch-v0.14.0b4-macos-arm64.dmg,macos,175
2026-08-29T20:23:11.935559+00:00,v0.14.0b4,activitywatch-v0.14.0b4-macos-x86_64.dmg,macos,111
2026-08-29T20:23:11.935559+00:00,v0.14.0b4,activitywatch-v0.14.0b4-windows-x86_64-setup.exe,windows,300
2026-08-29T20:23:11.935559+00:00,v0.14.0b4-research,activitywatch-research-v0.14.0b4-macos-arm64.dmg,macos,15
2026-08-29T20:23:11.935559+00:00,v0.14.0b4-research,activitywatch-research-v0.14.0b4-windows-x86_64-setup.exe,windows,42
2026-08-29T20:23:11.935559+00:00,v0.8.0b7,activitywatch-v0.8.0b7-macos-x86_64.zip,macos,1665
2026-08-30T03:36:16.656210+00:00,v0.11.0,activitywatch-v0.11.0-windows-x86_64-setup.exe,windows,38367
2026-08-30T03:36:16.656210+00:00,v0.12.0,activitywatch-v0.12.0-windows-x86_64-setup.exe,windows,8086
2026-08-30T03:36:16.656210+00:00,v0.12.2,activitywatch-v0.12.2-windows-x86_64-setup.exe,windows,58004
2026-08-30T03:36:16.656210+00:00,v0.13.0,activitywatch-v0.13.0-windows-x86_64-setup.exe,windows,3077
2026-08-30T03:36:16.656210+00:00,v0.13.1,activitywatch-v0.13.1-windows-x86_64-setup.exe,windows,25799
2026-08-30T03:36:16.656210+00:00,v0.13.2,activitywatch-linux-x86_64.AppImage,linux,35947
2026-08-30T03:36:16.656210+00:00,v0.13.2,activitywatch-v0.13.2-linux-x86_64.deb,linux,7326
2026-08-30T03:36:16.656210+00:00,v0.13.2,activitywatch-v0.13.2-linux-x86_64.zip,linux,97690
2026-08-30T03:36:16.656210+00:00,v0.13.2,activitywatch-v0.13.2-macos-x86_64.dmg,macos,136935
2026-08-30T03:36:16.656210+00:00,v0.13.2,activitywatch-v0.13.2-macos-x86_64.zip,macos,11873
2026-08-30T03:36:16.656210+00:00,v0.13.2,activitywatch-v0.13.2-windows-x86_64-setup.exe,windows,302518
2026-08-30T03:36:16.656210+00:00,v0.13.2,activitywatch-v0.13.2-windows-x86_64.zip,windows,29353
2026-08-30T03:36:16.656210+00:00,v0.14.0b4,activitywatch-tauri-v0.14.0b4-linux-x86_64.deb,linux,6
2026-08-30T03:36:16.656210+00:00,v0.14.0b4,activitywatch-tauri-v0.14.0b4-linux-x86_64.zip,linux,9
2026-08-30T03:36:16.656210+00:00,v0.14.0b4,activitywatch-tauri-v0.14.0b4-macos-arm64.dmg,macos,142
2026-08-30T03:36:16.656210+00:00,v0.14.0b4,activitywatch-v0.14.0b4-linux-x86_64.zip,linux,132
2026-08-30T03:36:16.656210+00:00,v0.14.0b4,activitywatch-v0.14.0b4-macos-arm64.dmg,macos,177
2026-08-30T03:36:16.656210+00:00,v0.14.0b4,activitywatch-v0.14.0b4-macos-x86_64.dmg,macos,114
2026-08-30T03:36:16.656210+00:00,v0.14.0b4,activitywatch-v0.14.0b4-windows-x86_64-setup.exe,windows,303
2026-08-30T11:14:29.048086+00:00,v0.11.0,activitywatch-v0.11.0-windows-x86_64-setup.exe,windows,38368
2026-08-30T11:14:29.048086+00:00,v0.12.1,activitywatch-v0.12.1-windows-x86_64-setup.exe,windows,23293
2026-08-30T11:14:29.048086+00:00,v0.12.3b18,activitywatch-v0.12.3b18-linux-x86_64.zip,linux,2045
2026-08-30T11:14:29.048086+00:00,v0.13.2,activitywatch-linux-x86_64.AppImage,linux,35980
2026-08-30T11:14:29.048086+00:00,v0.13.2,activitywatch-v0.13.2-linux-x86_64.deb,linux,7356
2026-08-30T11:14:29.048086+00:00,v0.13.2,activitywatch-v0.13.2-linux-x86_64.zip,linux,97741
2026-08-30T11:14:29.048086+00:00,v0.13.2,activitywatch-v0.13.2-macos-x86_64.dmg,macos,137038
2026-08-30T11:14:29.048086+00:00,v0.13.2,activitywatch-v0.13.2-macos-x86_64.zip,macos,11878
2026-08-30T11:14:29.048086+00:00,v0.13.2,activitywatch-v0.13.2-windows-x86_64-setup.exe,windows,302684
2026-08-30T11:14:29.048086+00:00,v0.13.2,activitywatch-v0.13.2-windows-x86_64.zip,windows,29377
2026-08-30T11:14:29.048086+00:00,v0.14.0b3,activitywatch-v0.14.0b3-macos-arm64.dmg,macos,343
2026-08-30T11:14:29.048086+00:00,v0.14.0b4,activitywatch-tauri-v0.14.0b4-linux-aarch64.rpm,linux,5
2026-08-30T11:14:29.048086+00:00,v0.14.0b4,activitywatch-tauri-v0.14.0b4-linux-x86_64.AppImage,linux,9
2026-08-30T11:14:29.048086+00:00,v0.14.0b4,activitywatch-tauri-v0.14.0b4-linux-x86_64.rpm,linux,5
2026-08-30T11:14:29.048086+00:00,v0.14.0b4,activitywatch-tauri-v0.14.0b4-macos-arm64.dmg,macos,144
2026-08-30T11:14:29.048086+00:00,v0.14.0b4,activitywatch-v0.14.0b4-linux-x86_64.zip,linux,136
2026-08-30T11:14:29.048086+00:00,v0.14.0b4,activitywatch-v0.14.0b4-macos-arm64.dmg,macos,181
2026-08-30T11:14:29.048086+00:00,v0.14.0b4,activitywatch-v0.14.0b4-macos-arm64.zip,macos,47
2026-08-30T11:14:29.048086+00:00,v0.14.0b4,activitywatch-v0.14.0b4-macos-x86_64.zip,macos,34
2026-08-30T11:14:29.048086+00:00,v0.14.0b4,activitywatch-v0.14.0b4-windows-x86_64-setup.exe,windows,309
2026-08-30T11:14:29.048086+00:00,v0.14.0b4,activitywatch-v0.14.0b4-windows-x86_64.zip,windows,59
2026-08-30T11:14:29.048086+00:00,v0.14.0b4-research,activitywatch-research-v0.14.0b4-linux-x86_64.zip,linux,15
2026-08-30T16:01:19.612767+00:00,v0.12.3b18,activitywatch-v0.12.3b18-linux-x86_64.zip,linux,2049
2026-08-30T16:01:19.612767+00:00,v0.13.2,activitywatch-linux-x86_64.AppImage,linux,36001
2026-08-30T16:01:19.612767+00:00,v0.13.2,activitywatch-v0.13.2-linux-x86_64.deb,linux,7375
2026-08-30T16:01:19.612767+00:00,v0.13.2,activitywatch-v0.13.2-linux-x86_64.zip,linux,97780
2026-08-30T16:01:19.612767+00:00,v0.13.2,activitywatch-v0.13.2-macos-x86_64.dmg,macos,137085
2026-08-30T16:01:19.612767+00:00,v0.13.2,activitywatch-v0.13.2-macos-x86_64.zip,macos,11880
2026-08-30T16:01:19.612767+00:00,v0.13.2,activitywatch-v0.13.2-windows-x86_64-setup.exe,windows,302845
2026-08-30T16:01:19.612767+00:00,v0.13.2,activitywatch-v0.13.2-windows-x86_64.zip,windows,29386
2026-08-30T16:01:19.612767+00:00,v0.14.0b3-research,activitywatch-tauri-v0.14.0b3-research-linux-x86_64-research-edition.AppImage,linux,12
2026-08-30T16:01:19.612767+00:00,v0.14.0b4,activitywatch-tauri-v0.14.0b4-macos-arm64.dmg,macos,145
2026-08-30T16:01:19.612767+00:00,v0.14.0b4,activitywatch-v0.14.0b4-linux-x86_64.zip,linux,140
2026-08-30T16:01:19.612767+00:00,v0.14.0b4,activitywatch-v0.14.0b4-macos-arm64.dmg,macos,184
2026-08-30T16:01:19.612767+00:00,v0.14.0b4,activitywatch-v0.14.0b4-windows-x86_64-setup.exe,windows,313
2026-08-30T20:32:32.994491+00:00,v0.13.1,activitywatch-v0.13.1-windows-x86_64-setup.exe,windows,25800
2026-08-30T20:32:32.994491+00:00,v0.13.2,activitywatch-linux-x86_64.AppImage,linux,36021
2026-08-30T20:32:32.994491+00:00,v0.13.2,activitywatch-v0.13.2-linux-x86_64.deb,linux,7400
2026-08-30T20:32:32.994491+00:00,v0.13.2,activitywatch-v0.13.2-linux-x86_64.zip,linux,97820
2026-08-30T20:32:32.994491+00:00,v0.13.2,activitywatch-v0.13.2-macos-x86_64.dmg,macos,137146
2026-08-30T20:32:32.994491+00:00,v0.13.2,activitywatch-v0.13.2-macos-x86_64.zip,macos,11883
2026-08-30T20:32:32.994491+00:00,v0.13.2,activitywatch-v0.13.2-windows-x86_64-setup.exe,windows,302955
2026-08-30T20:32:32.994491+00:00,v0.13.2,activitywatch-v0.13.2-windows-x86_64.zip,windows,29396
2026-08-30T20:32:32.994491+00:00,v0.14.0b4,activitywatch-linux-x86_64.AppImage,linux,27
2026-08-30T20:32:32.994491+00:00,v0.14.0b4,activitywatch-tauri-v0.14.0b4-linux-x86_64.rpm,linux,6
2026-08-30T20:32:32.994491+00:00,v0.14.0b4,activitywatch-tauri-v0.14.0b4-windows-x86_64-setup.exe,windows,18
2026-08-30T20:32:32.994491+00:00,v0.14.0b4,activitywatch-tauri-v0.14.0b4-windows-x86_64.zip,windows,18
2026-08-30T20:32:32.994491+00:00,v0.14.0b4,activitywatch-v0.14.0b4-linux-x86_64.zip,linux,143
2026-08-30T20:32:32.994491+00:00,v0.14.0b4,activitywatch-v0.14.0b4-macos-arm64.dmg,macos,189
2026-08-30T20:32:32.994491+00:00,v0.14.0b4,activitywatch-v0.14.0b4-windows-x86_64-setup.exe,windows,316
2026-08-30T20:32:32.994491+00:00,v0.14.0b4-research,activitywatch-research-v0.14.0b4-windows-x86_64-setup.exe,windows,43
2026-08-31T03:35:47.631487+00:00,v0.11.0,activitywatch-v0.11.0-windows-x86_64-setup.exe,windows,38371
2026-08-31T03:35:47.631487+00:00,v0.12.0,activitywatch-v0.12.0-windows-x86_64-setup.exe,windows,8089
2026-08-31T03:35:47.631487+00:00,v0.12.2,activitywatch-v0.12.2-windows-x86_64-setup.exe,windows,58007
2026-08-31T03:35:47.631487+00:00,v0.12.3b18,activitywatch-v0.12.3b18-linux-x86_64.zip,linux,2063
2026-08-31T03:35:47.631487+00:00,v0.13.0,activitywatch-v0.13.0-windows-x86_64-setup.exe,windows,3080
2026-08-31T03:35:47.631487+00:00,v0.13.1,activitywatch-v0.13.1-linux-x86_64.zip,linux,10912
2026-08-31T03:35:47.631487+00:00,v0.13.1,activitywatch-v0.13.1-windows-x86_64-setup.exe,windows,25802
2026-08-31T03:35:47.631487+00:00,v0.13.2,activitywatch-linux-x86_64.AppImage,linux,36056
2026-08-31T03:35:47.631487+00:00,v0.13.2,activitywatch-v0.13.2-linux-x86_64.deb,linux,7434
2026-08-31T03:35:47.631487+00:00,v0.13.2,activitywatch-v0.13.2-linux-x86_64.zip,linux,97857
2026-08-31T03:35:47.631487+00:00,v0.13.2,activitywatch-v0.13.2-macos-x86_64.dmg,macos,137245
2026-08-31T03:35:47.631487+00:00,v0.13.2,activitywatch-v0.13.2-macos-x86_64.zip,macos,11888
2026-08-31T03:35:47.631487+00:00,v0.13.2,activitywatch-v0.13.2-windows-x86_64-setup.exe,windows,303109
2026-08-31T03:35:47.631487+00:00,v0.13.2,activitywatch-v0.13.2-windows-x86_64.zip,windows,29404
2026-08-31T03:35:47.631487+00:00,v0.14.0b1,activitywatch-v0.14.0b1-linux-x86_64.zip,linux,855
2026-08-31T03:35:47.631487+00:00,v0.14.0b1,activitywatch-v0.14.0b1-macos-arm64.dmg,macos,1246
2026-08-31T03:35:47.631487+00:00,v0.14.0b1,activitywatch-v0.14.0b1-windows-x86_64-setup.exe,windows,2554
2026-08-31T03:35:47.631487+00:00,v0.14.0b4,activitywatch-tauri-v0.14.0b4-linux-x86_64.zip,linux,10
2026-08-31T03:35:47.631487+00:00,v0.14.0b4,activitywatch-tauri-v0.14.0b4-macos-arm64.dmg,macos,147
2026-08-31T03:35:47.631487+00:00,v0.14.0b4,activitywatch-tauri-v0.14.0b4-windows-x86_64-setup.exe,windows,19
2026-08-31T03:35:47.631487+00:00,v0.14.0b4,activitywatch-v0.14.0b4-linux-x86_64.deb,linux,25
2026-08-31T03:35:47.631487+00:00,v0.14.0b4,activitywatch-v0.14.0b4-linux-x86_64.zip,linux,144
2026-08-31T03:35:47.631487+00:00,v0.14.0b4,activitywatch-v0.14.0b4-macos-arm64.dmg,macos,196
2026-08-31T03:35:47.631487+00:00,v0.14.0b4,activitywatch-v0.14.0b4-macos-arm64.zip,macos,51
2026-08-31T03:35:47.631487+00:00,v0.14.0b4,activitywatch-v0.14.0b4-macos-x86_64.dmg,macos,118
2026-08-31T03:35:47.631487+00:00,v0.14.0b4,activitywatch-v0.14.0b4-windows-x86_64-setup.exe,windows,331
2026-08-31T03:35:47.631487+00:00,v0.14.0b4,activitywatch-v0.14.0b4-windows-x86_64.zip,windows,60
2026-08-31T03:35:47.631487+00:00,v0.14.0b4-research,activitywatch-research-v0.14.0b4-windows-x86_64.zip,windows,12
2026-08-31T12:40:29.024183+00:00,v0.11.0,activitywatch-v0.11.0-windows-x86_64-setup.exe,windows,38372
2026-08-31T12:40:29.024183+00:00,v0.12.0,activitywatch-v0.12.0-windows-x86_64-setup.exe,windows,8090
2026-08-31T12:40:29.024183+00:00,v0.12.2,activitywatch-v0.12.2-windows-x86_64-setup.exe,windows,58008
2026-08-31T12:40:29.024183+00:00,v0.12.3b18,activitywatch-v0.12.3b18-linux-x86_64.zip,linux,2086
2026-08-31T12:40:29.024183+00:00,v0.13.0,activitywatch-v0.13.0-windows-x86_64-setup.exe,windows,3081
2026-08-31T12:40:29.024183+00:00,v0.13.1,activitywatch-v0.13.1-windows-x86_64-setup.exe,windows,25803
2026-08-31T12:40:29.024183+00:00,v0.13.2,activitywatch-linux-x86_64.AppImage,linux,36090
2026-08-31T12:40:29.024183+00:00,v0.13.2,activitywatch-v0.13.2-linux-x86_64.deb,linux,7483
2026-08-31T12:40:29.024183+00:00,v0.13.2,activitywatch-v0.13.2-linux-x86_64.zip,linux,97941
2026-08-31T12:40:29.024183+00:00,v0.13.2,activitywatch-v0.13.2-macos-x86_64.dmg,macos,137389
2026-08-31T12:40:29.024183+00:00,v0.13.2,activitywatch-v0.13.2-macos-x86_64.zip,macos,11895
2026-08-31T12:40:29.024183+00:00,v0.13.2,activitywatch-v0.13.2-windows-x86_64-setup.exe,windows,303433
2026-08-31T12:40:29.024183+00:00,v0.13.2,activitywatch-v0.13.2-windows-x86_64.zip,windows,29459
2026-08-31T12:40:29.024183+00:00,v0.14.0b1,activitywatch-v0.14.0b1-macos-arm64.dmg,macos,1250
2026-08-31T12:40:29.024183+00:00,v0.14.0b3,activitywatch-v0.14.0b3-windows-x86_64-setup.exe,windows,932
2026-08-31T12:40:29.024183+00:00,v0.14.0b4,activitywatch-linux-x86_64.AppImage,linux,28
2026-08-31T12:40:29.024183+00:00,v0.14.0b4,activitywatch-tauri-v0.14.0b4-macos-arm64.dmg,macos,148
2026-08-31T12:40:29.024183+00:00,v0.14.0b4,activitywatch-v0.14.0b4-linux-x86_64.zip,linux,155
2026-08-31T12:40:29.024183+00:00,v0.14.0b4,activitywatch-v0.14.0b4-macos-arm64.dmg,macos,202
2026-08-31T12:40:29.024183+00:00,v0.14.0b4,activitywatch-v0.14.0b4-macos-arm64.zip,macos,56
2026-08-31T12:40:29.024183+00:00,v0.14.0b4,activitywatch-v0.14.0b4-macos-x86_64.dmg,macos,120
2026-08-31T12:40:29.024183+00:00,v0.14.0b4,activitywatch-v0.14.0b4-macos-x86_64.zip,macos,38
2026-08-31T12:40:29.024183+00:00,v0.14.0b4,activitywatch-v0.14.0b4-windows-x86_64-setup.exe,windows,350
2026-08-31T12:40:29.024183+00:00,v0.14.0b4,activitywatch-v0.14.0b4-windows-x86_64.zip,windows,64
2026-08-31T12:40:29.024183+00:00,v0.14.0b4-research,activitywatch-research-linux-x86_64.AppImage,linux,12
2026-08-31T12:40:29.024183+00:00,v0.14.0b4-research,activitywatch-research-v0.14.0b4-macos-x86_64.dmg,macos,9
2026-08-31T12:40:29.024183+00:00,v0.14.0b4-research,activitywatch-research-v0.14.0b4-windows-x86_64-setup.exe,windows,45
2026-08-31T12:40:29.024183+00:00,v0.14.0b4-research,activitywatch-research-v0.14.0b4-windows-x86_64.zip,windows,13
2026-08-31T12:40:29.024183+00:00,v0.14.0b4-research,activitywatch-tauri-research-v0.14.0b4-windows-x86_64-setup.exe,windows,19
2026-08-31T12:40:29.024183+00:00,v0.8.0b7,activitywatch-v0.8.0b7-macos-x86_64.zip,macos,1679
2026-08-31T22:25:50.282811+00:00,v0.12.2,activitywatch-v0.12.2-windows-x86_64-setup.exe,windows,58009
2026-08-31T22:25:50.282811+00:00,v0.12.3b18,activitywatch-v0.12.3b18-linux-x86_64.zip,linux,2098
2026-08-31T22:25:50.282811+00:00,v0.13.2,activitywatch-linux-x86_64.AppImage,linux,36131
2026-08-31T22:25:50.282811+00:00,v0.13.2,activitywatch-v0.13.2-linux-x86_64.deb,linux,7520
2026-08-31T22:25:50.282811+00:00,v0.13.2,activitywatch-v0.13.2-linux-x86_64.zip,linux,98028
2026-08-31T22:25:50.282811+00:00,v0.13.2,activitywatch-v0.13.2-macos-x86_64.dmg,macos,137534
2026-08-31T22:25:50.282811+00:00,v0.13.2,activitywatch-v0.13.2-macos-x86_64.zip,macos,11899
2026-08-31T22:25:50.282811+00:00,v0.13.2,activitywatch-v0.13.2-windows-x86_64-setup.exe,windows,303771
2026-08-31T22:25:50.282811+00:00,v0.13.2,activitywatch-v0.13.2-windows-x86_64.zip,windows,29475
2026-08-31T22:25:50.282811+00:00,v0.14.0b3,activitywatch-tauri-v0.14.0b3-macos-arm64.zip,macos,23
2026-08-31T22:25:50.282811+00:00,v0.14.0b3,activitywatch-v0.14.0b3-linux-x86_64.zip,linux,226
2026-08-31T22:25:50.282811+00:00,v0.14.0b3,activitywatch-v0.14.0b3-macos-arm64.dmg,macos,344
2026-08-31T22:25:50.282811+00:00,v0.14.0b3,activitywatch-v0.14.0b3-macos-arm64.zip,macos,50
2026-08-31T22:25:50.282811+00:00,v0.14.0b4,activitywatch-linux-x86_64.AppImage,linux,29
2026-08-31T22:25:50.282811+00:00,v0.14.0b4,activitywatch-tauri-v0.14.0b4-linux-x86_64.zip,linux,11
2026-08-31T22:25:50.282811+00:00,v0.14.0b4,activitywatch-tauri-v0.14.0b4-macos-arm64.dmg,macos,149
2026-08-31T22:25:50.282811+00:00,v0.14.0b4,activitywatch-v0.14.0b4-linux-x86_64.zip,linux,164
2026-08-31T22:25:50.282811+00:00,v0.14.0b4,activitywatch-v0.14.0b4-macos-arm64.dmg,macos,214
2026-08-31T22:25:50.282811+00:00,v0.14.0b4,activitywatch-v0.14.0b4-macos-arm64.zip,macos,63
2026-08-31T22:25:50.282811+00:00,v0.14.0b4,activitywatch-v0.14.0b4-macos-x86_64.dmg,macos,123
2026-08-31T22:25:50.282811+00:00,v0.14.0b4,activitywatch-v0.14.0b4-macos-x86_64.zip,macos,44
2026-08-31T22:25:50.282811+00:00,v0.14.0b4,activitywatch-v0.14.0b4-windows-x86_64-setup.exe,windows,362
2026-08-31T22:25:50.282811+00:00,v0.14.0b4,activitywatch-v0.14.0b4-windows-x86_64.zip,windows,71
2026-08-31T22:25:50.282811+00:00,v0.14.0b4-research,activitywatch-research-v0.14.0b4-macos-arm64.dmg,macos,16
2026-08-31T22:25:50.282811+00:00,v0.14.0b4-research,activitywatch-research-v0.14.0b4-windows-x86_64-setup.exe,windows,46
2026-08-31T22:25:50.282811+00:00,v0.14.0b4-research,activitywatch-research-v0.14.0b4-windows-x86_64.zip,windows,15
2026-08-31T22:25:50.282811+00:00,v0.8.0b8,activitywatch-v0.8.0b8-windows-x86_64.zip,windows,2114
2026-09-01T03:32:24.112258+00:00,v0.10.0,activitywatch-v0.10.0-macos-x86_64.dmg,macos,5949
2026-09-01T03:32:24.112258+00:00,v0.12.2,activitywatch-v0.12.2-macos-x86_64.dmg,macos,22562
2026-09-01T03:32:24.112258+00:00,v0.12.3b18,activitywatch-v0.12.3b18-linux-x86_64.zip,linux,2100
2026-09-01T03:32:24.112258+00:00,v0.13.2,activitywatch-linux-x86_64.AppImage,linux,36148
2026-09-01T03:32:24.112258+00:00,v0.13.2,activitywatch-v0.13.2-linux-x86_64.deb,linux,7555
2026-09-01T03:32:24.112258+00:00,v0.13.2,activitywatch-v0.13.2-linux-x86_64.zip,linux,98054
2026-09-01T03:32:24.112258+00:00,v0.13.2,activitywatch-v0.13.2-macos-x86_64.dmg,macos,137593
2026-09-01T03:32:24.112258+00:00,v0.13.2,activitywatch-v0.13.2-macos-x86_64.zip,macos,11902
2026-09-01T03:32:24.112258+00:00,v0.13.2,activitywatch-v0.13.2-windows-x86_64-setup.exe,windows,303885
2026-09-01T03:32:24.112258+00:00,v0.13.2,activitywatch-v0.13.2-windows-x86_64.zip,windows,29485
2026-09-01T03:32:24.112258+00:00,v0.14.0b1,activitywatch-v0.14.0b1-macos-arm64.dmg,macos,1251
2026-09-01T03:32:24.112258+00:00,v0.14.0b4,activitywatch-tauri-v0.14.0b4-macos-arm64.dmg,macos,155
2026-09-01T03:32:24.112258+00:00,v0.14.0b4,activitywatch-v0.14.0b4-linux-x86_64.zip,linux,166
2026-09-01T03:32:24.112258+00:00,v0.14.0b4,activitywatch-v0.14.0b4-macos-arm64.zip,macos,65
2026-09-01T03:32:24.112258+00:00,v0.14.0b4,activitywatch-v0.14.0b4-macos-x86_64.dmg,macos,125
2026-09-01T03:32:24.112258+00:00,v0.14.0b4,activitywatch-v0.14.0b4-macos-x86_64.zip,macos,46
2026-09-01T03:32:24.112258+00:00,v0.14.0b4,activitywatch-v0.14.0b4-windows-x86_64-setup.exe,windows,369
2026-09-01T03:32:24.112258+00:00,v0.14.0b4,activitywatch-v0.14.0b4-windows-x86_64.zip,windows,73
2026-09-01T11:04:41.414236+00:00,v0.12.1,activitywatch-v0.12.1-windows-x86_64-setup.exe,windows,23306
2026-09-01T11:04:41.414236+00:00,v0.12.2b1,activitywatch-v0.12.2b1-windows-x86_64-setup.exe,windows,1800
2026-09-01T11:04:41.414236+00:00,v0.12.3b18,activitywatch-v0.12.3b18-linux-x86_64.zip,linux,2108
2026-09-01T11:04:41.414236+00:00,v0.13.2,activitywatch-linux-x86_64.AppImage,linux,36179
2026-09-01T11:04:41.414236+00:00,v0.13.2,activitywatch-v0.13.2-linux-x86_64.deb,linux,7617
2026-09-01T11:04:41.414236+00:00,v0.13.2,activitywatch-v0.13.2-linux-x86_64.zip,linux,98093
2026-09-01T11:04:41.414236+00:00,v0.13.2,activitywatch-v0.13.2-macos-x86_64.dmg,macos,137702
2026-09-01T11:04:41.414236+00:00,v0.13.2,activitywatch-v0.13.2-macos-x86_64.zip,macos,11907
2026-09-01T11:04:41.414236+00:00,v0.13.2,activitywatch-v0.13.2-windows-x86_64-setup.exe,windows,304131
2026-09-01T11:04:41.414236+00:00,v0.13.2,activitywatch-v0.13.2-windows-x86_64.zip,windows,29503
2026-09-01T11:04:41.414236+00:00,v0.14.0b3,activitywatch-v0.14.0b3-windows-x86_64-setup.exe,windows,934
2026-09-01T11:04:41.414236+00:00,v0.14.0b4,activitywatch-linux-x86_64.AppImage,linux,30
2026-09-01T11:04:41.414236+00:00,v0.14.0b4,activitywatch-tauri-v0.14.0b4-macos-arm64.dmg,macos,159
2026-09-01T11:04:41.414236+00:00,v0.14.0b4,activitywatch-v0.14.0b4-linux-x86_64.deb,linux,26
2026-09-01T11:04:41.414236+00:00,v0.14.0b4,activitywatch-v0.14.0b4-linux-x86_64.zip,linux,172
2026-09-01T11:04:41.414236+00:00,v0.14.0b4,activitywatch-v0.14.0b4-macos-arm64.dmg,macos,223
2026-09-01T11:04:41.414236+00:00,v0.14.0b4,activitywatch-v0.14.0b4-macos-arm64.zip,macos,71
2026-09-01T11:04:41.414236+00:00,v0.14.0b4,activitywatch-v0.14.0b4-macos-x86_64.zip,macos,52
2026-09-01T11:04:41.414236+00:00,v0.14.0b4,activitywatch-v0.14.0b4-windows-x86_64-setup.exe,windows,379
2026-09-01T11:04:41.414236+00:00,v0.14.0b4,activitywatch-v0.14.0b4-windows-x86_64.zip,windows,79
2026-09-01T11:04:41.414236+00:00,v0.14.0b4-research,activitywatch-research-v0.14.0b4-linux-x86_64.deb,linux,13
2026-09-01T11:04:41.414236+00:00,v0.14.0b4-research,activitywatch-tauri-research-v0.14.0b4-windows-x86_64-setup.exe,windows,20
2026-09-01T11:04:41.414236+00:00,v0.9.2,activitywatch-v0.9.2-windows-x86_64.zip,windows,2968
2026-09-01T16:02:31.780207+00:00,v0.11.0,activitywatch-v0.11.0-windows-x86_64-setup.exe,windows,38373
2026-09-01T16:02:31.780207+00:00,v0.12.0,activitywatch-v0.12.0-windows-x86_64-setup.exe,windows,8091
2026-09-01T16:02:31.780207+00:00,v0.12.2,activitywatch-v0.12.2-windows-x86_64-setup.exe,windows,58010
2026-09-01T16:02:31.780207+00:00,v0.12.3b18,activitywatch-v0.12.3b18-linux-x86_64.zip,linux,2112
2026-09-01T16:02:31.780207+00:00,v0.13.0,activitywatch-v0.13.0-windows-x86_64-setup.exe,windows,3082
2026-09-01T16:02:31.780207+00:00,v0.13.1,activitywatch-v0.13.1-windows-x86_64-setup.exe,windows,25804
2026-09-01T16:02:31.780207+00:00,v0.13.2,activitywatch-linux-x86_64.AppImage,linux,36200
2026-09-01T16:02:31.780207+00:00,v0.13.2,activitywatch-v0.13.2-linux-x86_64.deb,linux,7662
2026-09-01T16:02:31.780207+00:00,v0.13.2,activitywatch-v0.13.2-linux-x86_64.zip,linux,98145
2026-09-01T16:02:31.780207+00:00,v0.13.2,activitywatch-v0.13.2-macos-x86_64.dmg,macos,137792
2026-09-01T16:02:31.780207+00:00,v0.13.2,activitywatch-v0.13.2-macos-x86_64.zip,macos,11911
2026-09-01T16:02:31.780207+00:00,v0.13.2,activitywatch-v0.13.2-windows-x86_64-setup.exe,windows,304319
2026-09-01T16:02:31.780207+00:00,v0.13.2,activitywatch-v0.13.2-windows-x86_64.zip,windows,29508
2026-09-01T16:02:31.780207+00:00,v0.14.0b2,activitywatch-v0.14.0b2-macos-arm64.dmg,macos,114
2026-09-01T16:02:31.780207+00:00,v0.14.0b2,activitywatch-v0.14.0b2-macos-x86_64.dmg,macos,66
2026-09-01T16:02:31.780207+00:00,v0.14.0b3,activitywatch-v0.14.0b3-macos-arm64.dmg,macos,345
2026-09-01T16:02:31.780207+00:00,v0.14.0b3,activitywatch-v0.14.0b3-windows-x86_64-setup.exe,windows,935
2026-09-01T16:02:31.780207+00:00,v0.14.0b4,activitywatch-linux-x86_64.AppImage,linux,31
2026-09-01T16:02:31.780207+00:00,v0.14.0b4,activitywatch-tauri-v0.14.0b4-macos-arm64.dmg,macos,161
2026-09-01T16:02:31.780207+00:00,v0.14.0b4,activitywatch-v0.14.0b4-linux-x86_64.deb,linux,28
2026-09-01T16:02:31.780207+00:00,v0.14.0b4,activitywatch-v0.14.0b4-linux-x86_64.zip,linux,177
2026-09-01T16:02:31.780207+00:00,v0.14.0b4,activitywatch-v0.14.0b4-macos-arm64.dmg,macos,229
2026-09-01T16:02:31.780207+00:00,v0.14.0b4,activitywatch-v0.14.0b4-macos-arm64.zip,macos,72
2026-09-01T16:02:31.780207+00:00,v0.14.0b4,activitywatch-v0.14.0b4-macos-x86_64.dmg,macos,133
2026-09-01T16:02:31.780207+00:00,v0.14.0b4,activitywatch-v0.14.0b4-macos-x86_64.zip,macos,53
2026-09-01T16:02:31.780207+00:00,v0.14.0b4,activitywatch-v0.14.0b4-windows-x86_64-setup.exe,windows,386
2026-09-01T16:02:31.780207+00:00,v0.14.0b4,activitywatch-v0.14.0b4-windows-x86_64.zip,windows,81
2026-09-01T16:02:31.780207+00:00,v0.14.0b4-research,activitywatch-research-v0.14.0b4-windows-x86_64-setup.exe,windows,47
2026-09-01T20:32:13.044320+00:00,v0.13.2,activitywatch-linux-x86_64.AppImage,linux,36223
2026-09-01T20:32:13.044320+00:00,v0.13.2,activitywatch-v0.13.2-linux-x86_64.deb,linux,7699
2026-09-01T20:32:13.044320+00:00,v0.13.2,activitywatch-v0.13.2-linux-x86_64.zip,linux,98176
2026-09-01T20:32:13.044320+00:00,v0.13.2,activitywatch-v0.13.2-macos-x86_64.dmg,macos,137860
2026-09-01T20:32:13.044320+00:00,v0.13.2,activitywatch-v0.13.2-macos-x86_64.zip,macos,11914
2026-09-01T20:32:13.044320+00:00,v0.13.2,activitywatch-v0.13.2-windows-x86_64-setup.exe,windows,304472
2026-09-01T20:32:13.044320+00:00,v0.13.2,activitywatch-v0.13.2-windows-x86_64.zip,windows,29518
2026-09-01T20:32:13.044320+00:00,v0.14.0b3,activitywatch-linux-x86_64.AppImage,linux,40
2026-09-01T20:32:13.044320+00:00,v0.14.0b3,activitywatch-tauri-v0.14.0b3-linux-aarch64.AppImage,linux,7
2026-09-01T20:32:13.044320+00:00,v0.14.0b3,activitywatch-tauri-v0.14.0b3-linux-aarch64.deb,linux,7
2026-09-01T20:32:13.044320+00:00,v0.14.0b3,activitywatch-tauri-v0.14.0b3-linux-aarch64.rpm,linux,8
2026-09-01T20:32:13.044320+00:00,v0.14.0b3,activitywatch-tauri-v0.14.0b3-linux-aarch64.zip,linux,7
2026-09-01T20:32:13.044320+00:00,v0.14.0b3,activitywatch-tauri-v0.14.0b3-linux-x86_64.AppImage,linux,13
2026-09-01T20:32:13.044320+00:00,v0.14.0b3,activitywatch-tauri-v0.14.0b3-linux-x86_64.deb,linux,15
2026-09-01T20:32:13.044320+00:00,v0.14.0b3,activitywatch-tauri-v0.14.0b3-linux-x86_64.rpm,linux,11
2026-09-01T20:32:13.044320+00:00,v0.14.0b3,activitywatch-tauri-v0.14.0b3-linux-x86_64.zip,linux,11
2026-09-01T20:32:13.044320+00:00,v0.14.0b3,activitywatch-tauri-v0.14.0b3-macos-arm64.dmg,macos,183
2026-09-01T20:32:13.044320+00:00,v0.14.0b3,activitywatch-tauri-v0.14.0b3-macos-arm64.zip,macos,24
2026-09-01T20:32:13.044320+00:00,v0.14.0b3,activitywatch-tauri-v0.14.0b3-macos-x86_64.dmg,macos,6
2026-09-01T20:32:13.044320+00:00,v0.14.0b3,activitywatch-tauri-v0.14.0b3-macos-x86_64.zip,macos,6
2026-09-01T20:32:13.044320+00:00,v0.14.0b3,activitywatch-tauri-v0.14.0b3-windows-x86_64-setup.exe,windows,39
2026-09-01T20:32:13.044320+00:00,v0.14.0b3,activitywatch-tauri-v0.14.0b3-windows-x86_64.zip,windows,22
2026-09-01T20:32:13.044320+00:00,v0.14.0b3,activitywatch-v0.14.0b3-linux-x86_64.deb,linux,34
2026-09-01T20:32:13.044320+00:00,v0.14.0b3,activitywatch-v0.14.0b3-linux-x86_64.zip,linux,227
2026-09-01T20:32:13.044320+00:00,v0.14.0b3,activitywatch-v0.14.0b3-macos-arm64.dmg,macos,348
2026-09-01T20:32:13.044320+00:00,v0.14.0b3,activitywatch-v0.14.0b3-macos-arm64.zip,macos,51
2026-09-01T20:32:13.044320+00:00,v0.14.0b3,activitywatch-v0.14.0b3-macos-x86_64.dmg,macos,178
2026-09-01T20:32:13.044320+00:00,v0.14.0b3,activitywatch-v0.14.0b3-macos-x86_64.zip,macos,15
2026-09-01T20:32:13.044320+00:00,v0.14.0b3,activitywatch-v0.14.0b3-windows-x86_64-setup.exe,windows,936
2026-09-01T20:32:13.044320+00:00,v0.14.0b3,activitywatch-v0.14.0b3-windows-x86_64.zip,windows,68
2026-09-01T20:32:13.044320+00:00,v0.14.0b3-research,activitywatch-linux-x86_64-research-edition.AppImage,linux,18
2026-09-01T20:32:13.044320+00:00,v0.14.0b3-research,activitywatch-research-edition-v0.14.0b3-research-linux-x86_64.zip,linux,13
2026-09-01T20:32:13.044320+00:00,v0.14.0b3-research,activitywatch-research-edition-v0.14.0b3-research-macos-arm64.zip,macos,13
2026-09-01T20:32:13.044320+00:00,v0.14.0b3-research,activitywatch-research-edition-v0.14.0b3-research-macos-x86_64.zip,macos,7
2026-09-01T20:32:13.044320+00:00,v0.14.0b3-research,activitywatch-research-edition-v0.14.0b3-research-windows-x86_64-setup.exe,windows,41
2026-09-01T20:32:13.044320+00:00,v0.14.0b3-research,activitywatch-research-edition-v0.14.0b3-research-windows-x86_64.zip,windows,23
2026-09-01T20:32:13.044320+00:00,v0.14.0b3-research,activitywatch-tauri-research-edition-v0.14.0b3-research-linux-aarch64.zip,linux,7
2026-09-01T20:32:13.044320+00:00,v0.14.0b3-research,activitywatch-tauri-research-edition-v0.14.0b3-research-linux-x86_64.zip,linux,9
2026-09-01T20:32:13.044320+00:00,v0.14.0b3-research,activitywatch-tauri-research-edition-v0.14.0b3-research-macos-arm64.zip,macos,8
2026-09-01T20:32:13.044320+00:00,v0.14.0b3-research,activitywatch-tauri-research-edition-v0.14.0b3-research-macos-x86_64.zip,macos,8
2026-09-01T20:32:13.044320+00:00,v0.14.0b3-research,activitywatch-tauri-research-edition-v0.14.0b3-research-windows-x86_64-setup.exe,windows,13
2026-09-01T20:32:13.044320+00:00,v0.14.0b3-research,activitywatch-tauri-research-edition-v0.14.0b3-research-windows-x86_64.zip,windows,12
2026-09-01T20:32:13.044320+00:00,v0.14.0b3-research,activitywatch-tauri-v0.14.0b3-research-linux-aarch64-research-edition.AppImage,linux,7
2026-09-01T20:32:13.044320+00:00,v0.14.0b3-research,activitywatch-tauri-v0.14.0b3-research-linux-aarch64-research-edition.deb,linux,6
2026-09-01T20:32:13.044320+00:00,v0.14.0b3-research,activitywatch-tauri-v0.14.0b3-research-linux-aarch64-research-edition.rpm,linux,6
2026-09-01T20:32:13.044320+00:00,v0.14.0b3-research,activitywatch-tauri-v0.14.0b3-research-linux-x86_64-research-edition.AppImage,linux,13
2026-09-01T20:32:13.044320+00:00,v0.14.0b3-research,activitywatch-tauri-v0.14.0b3-research-linux-x86_64-research-edition.deb,linux,8
2026-09-01T20:32:13.044320+00:00,v0.14.0b3-research,activitywatch-tauri-v0.14.0b3-research-linux-x86_64-research-edition.rpm,linux,6
2026-09-01T20:32:13.044320+00:00,v0.14.0b3-research,activitywatch-tauri-v0.14.0b3-research-macos-arm64-research-edition.dmg,macos,7
2026-09-01T20:32:13.044320+00:00,v0.14.0b3-research,activitywatch-tauri-v0.14.0b3-research-macos-x86_64-research-edition.dmg,macos,6
2026-09-01T20:32:13.044320+00:00,v0.14.0b3-research,activitywatch-v0.14.0b3-research-linux-x86_64-research-edition.deb,linux,6
2026-09-01T20:32:13.044320+00:00,v0.14.0b3-research,activitywatch-v0.14.0b3-research-macos-arm64-research-edition.dmg,macos,21
2026-09-01T20:32:13.044320+00:00,v0.14.0b3-research,activitywatch-v0.14.0b3-research-macos-x86_64-research-edition.dmg,macos,9
2026-09-01T20:32:13.044320+00:00,v0.14.0b4,activitywatch-linux-x86_64.AppImage,linux,33
2026-09-01T20:32:13.044320+00:00,v0.14.0b4,activitywatch-tauri-v0.14.0b4-linux-aarch64.AppImage,linux,5
2026-09-01T20:32:13.044320+00:00,v0.14.0b4,activitywatch-tauri-v0.14.0b4-linux-aarch64.deb,linux,6
2026-09-01T20:32:13.044320+00:00,v0.14.0b4,activitywatch-tauri-v0.14.0b4-linux-aarch64.rpm,linux,6
2026-09-01T20:32:13.044320+00:00,v0.14.0b4,activitywatch-tauri-v0.14.0b4-linux-aarch64.zip,linux,6
2026-09-01T20:32:13.044320+00:00,v0.14.0b4,activitywatch-tauri-v0.14.0b4-linux-x86_64.AppImage,linux,10
2026-09-01T20:32:13.044320+00:00,v0.14.0b4,activitywatch-tauri-v0.14.0b4-linux-x86_64.deb,linux,7
2026-09-01T20:32:13.044320+00:00,v0.14.0b4,activitywatch-tauri-v0.14.0b4-linux-x86_64.rpm,linux,7
2026-09-01T20:32:13.044320+00:00,v0.14.0b4,activitywatch-tauri-v0.14.0b4-linux-x86_64.zip,linux,12
2026-09-01T20:32:13.044320+00:00,v0.14.0b4,activitywatch-tauri-v0.14.0b4-macos-arm64.dmg,macos,163
2026-09-01T20:32:13.044320+00:00,v0.14.0b4,activitywatch-tauri-v0.14.0b4-macos-arm64.zip,macos,9
2026-09-01T20:32:13.044320+00:00,v0.14.0b4,activitywatch-tauri-v0.14.0b4-macos-x86_64.dmg,macos,6
2026-09-01T20:32:13.044320+00:00,v0.14.0b4,activitywatch-tauri-v0.14.0b4-macos-x86_64.zip,macos,6
2026-09-01T20:32:13.044320+00:00,v0.14.0b4,activitywatch-tauri-v0.14.0b4-windows-x86_64-setup.exe,windows,20
2026-09-01T20:32:13.044320+00:00,v0.14.0b4,activitywatch-tauri-v0.14.0b4-windows-x86_64.zip,windows,19
2026-09-01T20:32:13.044320+00:00,v0.14.0b4,activitywatch-v0.14.0b4-linux-x86_64.deb,linux,29
2026-09-01T20:32:13.044320+00:00,v0.14.0b4,activitywatch-v0.14.0b4-linux-x86_64.zip,linux,182
2026-09-01T20:32:13.044320+00:00,v0.14.0b4,activitywatch-v0.14.0b4-macos-arm64.dmg,macos,232
2026-09-01T20:32:13.044320+00:00,v0.14.0b4,activitywatch-v0.14.0b4-macos-arm64.zip,macos,73
2026-09-01T20:32:13.044320+00:00,v0.14.0b4,activitywatch-v0.14.0b4-macos-x86_64.dmg,macos,134
2026-09-01T20:32:13.044320+00:00,v0.14.0b4,activitywatch-v0.14.0b4-macos-x86_64.zip,macos,54
2026-09-01T20:32:13.044320+00:00,v0.14.0b4,activitywatch-v0.14.0b4-windows-x86_64-setup.exe,windows,389
2026-09-01T20:32:13.044320+00:00,v0.14.0b4,activitywatch-v0.14.0b4-windows-x86_64.zip,windows,82
2026-09-01T20:32:13.044320+00:00,v0.14.0b4-research,activitywatch-research-linux-x86_64.AppImage,linux,13
2026-09-01T20:32:13.044320+00:00,v0.14.0b4-research,activitywatch-research-v0.14.0b4-linux-x86_64.deb,linux,14
2026-09-01T20:32:13.044320+00:00,v0.14.0b4-research,activitywatch-research-v0.14.0b4-linux-x86_64.zip,linux,16
2026-09-01T20:32:13.044320+00:00,v0.14.0b4-research,activitywatch-research-v0.14.0b4-macos-arm64.dmg,macos,17
2026-09-01T20:32:13.044320+00:00,v0.14.0b4-research,activitywatch-research-v0.14.0b4-macos-arm64.zip,macos,9
2026-09-01T20:32:13.044320+00:00,v0.14.0b4-research,activitywatch-research-v0.14.0b4-macos-x86_64.dmg,macos,10
2026-09-01T20:32:13.044320+00:00,v0.14.0b4-research,activitywatch-research-v0.14.0b4-macos-x86_64.zip,macos,6
2026-09-01T20:32:13.044320+00:00,v0.14.0b4-research,activitywatch-research-v0.14.0b4-windows-x86_64-setup.exe,windows,48
2026-09-01T20:32:13.044320+00:00,v0.14.0b4-research,activitywatch-research-v0.14.0b4-windows-x86_64.zip,windows,16
2026-09-01T20:32:13.044320+00:00,v0.14.0b4-research,activitywatch-tauri-research-v0.14.0b4-linux-aarch64.AppImage,linux,5
2026-09-01T20:32:13.044320+00:00,v0.14.0b4-research,activitywatch-tauri-research-v0.14.0b4-linux-aarch64.deb,linux,5
2026-09-01T20:32:13.044320+00:00,v0.14.0b4-research,activitywatch-tauri-research-v0.14.0b4-linux-aarch64.rpm,linux,5
2026-09-01T20:32:13.044320+00:00,v0.14.0b4-research,activitywatch-tauri-research-v0.14.0b4-linux-aarch64.zip,linux,6
2026-09-01T20:32:13.044320+00:00,v0.14.0b4-research,activitywatch-tauri-research-v0.14.0b4-linux-x86_64.AppImage,linux,7
2026-09-01T20:32:13.044320+00:00,v0.14.0b4-research,activitywatch-tauri-research-v0.14.0b4-linux-x86_64.deb,linux,6
2026-09-01T20:32:13.044320+00:00,v0.14.0b4-research,activitywatch-tauri-research-v0.14.0b4-linux-x86_64.rpm,linux,5
2026-09-01T20:32:13.044320+00:00,v0.14.0b4-research,activitywatch-tauri-research-v0.14.0b4-linux-x86_64.zip,linux,5
2026-09-01T20:32:13.044320+00:00,v0.14.0b4-research,activitywatch-tauri-research-v0.14.0b4-macos-arm64.dmg,macos,6
2026-09-01T20:32:13.044320+00:00,v0.14.0b4-research,activitywatch-tauri-research-v0.14.0b4-macos-arm64.zip,macos,5
2026-09-01T20:32:13.044320+00:00,v0.14.0b4-research,activitywatch-tauri-research-v0.14.0b4-macos-x86_64.dmg,macos,5
2026-09-01T20:32:13.044320+00:00,v0.14.0b4-research,activitywatch-tauri-research-v0.14.0b4-macos-x86_64.zip,macos,5
2026-09-01T20:32:13.044320+00:00,v0.14.0b4-research,activitywatch-tauri-research-v0.14.0b4-windows-x86_64-setup.exe,windows,21
2026-09-01T20:32:13.044320+00:00,v0.14.0b4-research,activitywatch-tauri-research-v0.14.0b4-windows-x86_64.zip,windows,12
2026-09-02T02:50:41.167985+00:00,v0.12.3b18,activitywatch-v0.12.3b18-linux-x86_64.zip,linux,2118
2026-09-02T02:50:41.167985+00:00,v0.13.2,activitywatch-linux-x86_64.AppImage,linux,36247
2026-09-02T02:50:41.167985+00:00,v0.13.2,activitywatch-v0.13.2-linux-x86_64.deb,linux,7755
2026-09-02T02:50:41.167985+00:00,v0.13.2,activitywatch-v0.13.2-linux-x86_64.zip,linux,98208
2026-09-02T02:50:41.167985+00:00,v0.13.2,activitywatch-v0.13.2-macos-x86_64.dmg,macos,137936
2026-09-02T02:50:41.167985+00:00,v0.13.2,activitywatch-v0.13.2-macos-x86_64.zip,macos,11917
2026-09-02T02:50:41.167985+00:00,v0.13.2,activitywatch-v0.13.2-windows-x86_64-setup.exe,windows,304584
2026-09-02T02:50:41.167985+00:00,v0.13.2,activitywatch-v0.13.2-windows-x86_64.zip,windows,29528
2026-09-02T02:50:41.167985+00:00,v0.14.0b1,activitywatch-v0.14.0b1-macos-arm64.dmg,macos,1252
2026-09-02T02:50:41.167985+00:00,v0.14.0b2,activitywatch-tauri-v0.14.0b2-macos-arm64.dmg,macos,88
2026-09-02T02:50:41.167985+00:00,v0.14.0b3,activitywatch-v0.14.0b3-windows-x86_64-setup.exe,windows,939
2026-09-02T02:50:41.167985+00:00,v0.14.0b4,activitywatch-tauri-v0.14.0b4-macos-arm64.dmg,macos,165
2026-09-02T02:50:41.167985+00:00,v0.14.0b4,activitywatch-v0.14.0b4-macos-arm64.dmg,macos,233
2026-09-02T02:50:41.167985+00:00,v0.14.0b4,activitywatch-v0.14.0b4-macos-arm64.zip,macos,74
2026-09-02T02:50:41.167985+00:00,v0.14.0b4,activitywatch-v0.14.0b4-windows-x86_64-setup.exe,windows,392
2026-09-02T10:37:05.981090+00:00,v0.12.3b19,activitywatch-v0.12.3b19-linux-x86_64.zip,linux,296
2026-09-02T10:37:05.981090+00:00,v0.12.3b19,activitywatch-v0.12.3b19-macos-x86_64.dmg,macos,483
2026-09-02T10:37:05.981090+00:00,v0.12.3b19,activitywatch-v0.12.3b19-windows-x86_64-setup.exe,windows,677
2026-09-02T10:37:05.981090+00:00,v0.13.1,activitywatch-v0.13.1-linux-x86_64.zip,linux,10913
2026-09-02T10:37:05.981090+00:00,v0.13.1,activitywatch-v0.13.1-macos-x86_64.dmg,macos,7909
2026-09-02T10:37:05.981090+00:00,v0.13.1,activitywatch-v0.13.1-windows-x86_64-setup.exe,windows,25805
2026-09-02T10:37:05.981090+00:00,v0.13.2,activitywatch-linux-x86_64.AppImage,linux,36278
2026-09-02T10:37:05.981090+00:00,v0.13.2,activitywatch-v0.13.2-linux-x86_64.deb,linux,7818
2026-09-02T10:37:05.981090+00:00,v0.13.2,activitywatch-v0.13.2-linux-x86_64.zip,linux,98274
2026-09-02T10:37:05.981090+00:00,v0.13.2,activitywatch-v0.13.2-macos-x86_64.dmg,macos,138057
2026-09-02T10:37:05.981090+00:00,v0.13.2,activitywatch-v0.13.2-macos-x86_64.zip,macos,11923
2026-09-02T10:37:05.981090+00:00,v0.13.2,activitywatch-v0.13.2-windows-x86_64-setup.exe,windows,304827
2026-09-02T10:37:05.981090+00:00,v0.13.2,activitywatch-v0.13.2-windows-x86_64.zip,windows,29556
2026-09-02T10:37:05.981090+00:00,v0.14.0b1,activitywatch-v0.14.0b1-linux-x86_64.zip,linux,856
2026-09-02T10:37:05.981090+00:00,v0.14.0b1,activitywatch-v0.14.0b1-macos-arm64.dmg,macos,1253
2026-09-02T10:37:05.981090+00:00,v0.14.0b1,activitywatch-v0.14.0b1-windows-x86_64-setup.exe,windows,2555
2026-09-02T10:37:05.981090+00:00,v0.14.0b2,activitywatch-v0.14.0b2-linux-x86_64.zip,linux,101
2026-09-02T10:37:05.981090+00:00,v0.14.0b2,activitywatch-v0.14.0b2-macos-x86_64.dmg,macos,67
2026-09-02T10:37:05.981090+00:00,v0.14.0b2,activitywatch-v0.14.0b2-windows-x86_64-setup.exe,windows,301
2026-09-02T10:37:05.981090+00:00,v0.14.0b3,activitywatch-v0.14.0b3-linux-x86_64.zip,linux,229
2026-09-02T10:37:05.981090+00:00,v0.14.0b3,activitywatch-v0.14.0b3-macos-arm64.dmg,macos,349
2026-09-02T10:37:05.981090+00:00,v0.14.0b3,activitywatch-v0.14.0b3-macos-x86_64.dmg,macos,179
2026-09-02T10:37:05.981090+00:00,v0.14.0b3,activitywatch-v0.14.0b3-windows-x86_64-setup.exe,windows,940
2026-09-02T10:37:05.981090+00:00,v0.14.0b4,activitywatch-tauri-v0.14.0b4-linux-x86_64.zip,linux,13
2026-09-02T10:37:05.981090+00:00,v0.14.0b4,activitywatch-tauri-v0.14.0b4-macos-arm64.dmg,macos,167
2026-09-02T10:37:05.981090+00:00,v0.14.0b4,activitywatch-tauri-v0.14.0b4-windows-x86_64.zip,windows,20
2026-09-02T10:37:05.981090+00:00,v0.14.0b4,activitywatch-v0.14.0b4-linux-x86_64.zip,linux,186
2026-09-02T10:37:05.981090+00:00,v0.14.0b4,activitywatch-v0.14.0b4-macos-arm64.dmg,macos,237
2026-09-02T10:37:05.981090+00:00,v0.14.0b4,activitywatch-v0.14.0b4-macos-arm64.zip,macos,76
2026-09-02T10:37:05.981090+00:00,v0.14.0b4,activitywatch-v0.14.0b4-macos-x86_64.dmg,macos,139
2026-09-02T10:37:05.981090+00:00,v0.14.0b4,activitywatch-v0.14.0b4-macos-x86_64.zip,macos,55
2026-09-02T10:37:05.981090+00:00,v0.14.0b4,activitywatch-v0.14.0b4-windows-x86_64-setup.exe,windows,406
2026-09-02T10:37:05.981090+00:00,v0.14.0b4,activitywatch-v0.14.0b4-windows-x86_64.zip,windows,84
2026-09-02T10:37:05.981090+00:00,v0.14.0b4-research,activitywatch-research-v0.14.0b4-windows-x86_64.zip,windows,17
2026-09-02T10:37:05.981090+00:00,v0.14.0b4-research,activitywatch-tauri-research-v0.14.0b4-windows-x86_64.zip,windows,13
